sample,beat,lane,key,measured_stage,sim_stage,diff,note
S2,1,1,visual_up,0,5,5,MISSING_MEASURED_EFFECTS: Sample 2 measured_data_v2.json has no effect items recorded
S2,1,3,critical_coeff_up,0,8,8,MISSING_MEASURED_EFFECTS: Sample 2 measured_data_v2.json has no effect items recorded
S2,1,3,critical_rate_up,0,8,8,MISSING_MEASURED_EFFECTS: Sample 2 measured_data_v2.json has no effect items recorded
S2,1,3,focus,0,6,6,MISSING_MEASURED_EFFECTS: Sample 2 measured_data_v2.json has no effect items recorded
S2,1,3,skill_success_up,0,3,3,MISSING_MEASURED_EFFECTS: Sample 2 measured_data_v2.json has no effect items recorded
S2,1,3,visual_up,0,4,4,MISSING_MEASURED_EFFECTS: Sample 2 measured_data_v2.json has no effect items recorded
S2,2,1,visual_up,0,5,5,MISSING_MEASURED_EFFECTS: Sample 2 measured_data_v2.json has no effect items recorded
S2,2,3,critical_coeff_up,0,8,8,MISSING_MEASURED_EFFECTS: Sample 2 measured_data_v2.json has no effect items recorded
S2,2,3,critical_rate_up,0,8,8,MISSING_MEASURED_EFFECTS: Sample 2 measured_data_v2.json has no effect items recorded
S2,2,3,focus,0,6,6,MISSING_MEASURED_EFFECTS: Sample 2 measured_data_v2.json has no effect items recorded
S2,2,3,score_up,0,3,3,MISSING_MEASURED_EFFECTS: Sample 2 measured_data_v2.json has no effect items recorded
S2,2,3,skill_success_up,0,3,3,MISSING_MEASURED_EFFECTS: Sample 2 measured_data_v2.json has no effect items recorded
S2,2,3,visual_up,0,7,7,MISSING_MEASURED_EFFECTS: Sample 2 measured_data_v2.json has no effect items recorded
S2,2,4,a_skill_score_up,0,4,4,MISSING_MEASURED_EFFECTS: Sample 2 measured_data_v2.json has no effect items recorded
S2,2,4,score_up,0,4,4,MISSING_MEASURED_EFFECTS: Sample 2 measured_data_v2.json has no effect items recorded
S2,2,5,visual_up,0,4,4,MISSING_MEASURED_EFFECTS: Sample 2 measured_data_v2.json has no effect items recorded
S2,3,1,visual_up,0,5,5,MISSING_MEASURED_EFFECTS: Sample 2 measured_data_v2.json has no effect items recorded
S2,3,3,critical_coeff_up,0,8,8,MISSING_MEASURED_EFFECTS: Sample 2 measured_data_v2.json has no effect items recorded
S2,3,3,critical_rate_up,0,8,8,MISSING_MEASURED_EFFECTS: Sample 2 measured_data_v2.json has no effect items recorded
S2,3,3,focus,0,6,6,MISSING_MEASURED_EFFECTS: Sample 2 measured_data_v2.json has no effect items recorded
S2,3,3,score_up,0,3,3,MISSING_MEASURED_EFFECTS: Sample 2 measured_data_v2.json has no effect items recorded
S2,3,3,skill_success_up,0,3,3,MISSING_MEASURED_EFFECTS: Sample 2 measured_data_v2.json has no effect items recorded
S2,3,3,visual_up,0,7,7,MISSING_MEASURED_EFFECTS: Sample 2 measured_data_v2.json has no effect items recorded
S2,3,4,a_skill_score_up,0,4,4,MISSING_MEASURED_EFFECTS: Sample 2 measured_data_v2.json has no effect items recorded
S2,3,4,score_up,0,4,4,MISSING_MEASURED_EFFECTS: Sample 2 measured_data_v2.json has no effect items recorded
S2,3,5,visual_up,0,4,4,MISSING_MEASURED_EFFECTS: Sample 2 measured_data_v2.json has no effect items recorded
S2,4,1,visual_up,0,5,5,MISSING_MEASURED_EFFECTS: Sample 2 measured_data_v2.json has no effect items recorded
S2,4,3,critical_coeff_up,0,8,8,MISSING_MEASURED_EFFECTS: Sample 2 measured_data_v2.json has no effect items recorded
S2,4,3,critical_rate_up,0,8,8,MISSING_MEASURED_EFFECTS: Sample 2 measured_data_v2.json has no effect items recorded
S2,4,3,focus,0,6,6,MISSING_MEASURED_EFFECTS: Sample 2 measured_data_v2.json has no effect items recorded
S2,4,3,score_up,0,3,3,MISSING_MEASURED_EFFECTS: Sample 2 measured_data_v2.json has no effect items recorded
S2,4,3,skill_success_up,0,3,3,MISSING_MEASURED_EFFECTS: Sample 2 measured_data_v2.json has no effect items recorded
S2,4,3,visual_up,0,7,7,MISSING_MEASURED_EFFECTS: Sample 2 measured_data_v2.json has no effect items recorded
S2,4,4,a_skill_score_up,0,4,4,MISSING_MEASURED_EFFECTS: Sample 2 measured_data_v2.json has no effect items recorded
S2,4,4,score_up,0,4,4,MISSING_MEASURED_EFFECTS: Sample 2 measured_data_v2.json has no effect items recorded
S2,4,5,visual_up,0,4,4,MISSING_MEASURED_EFFECTS: Sample 2 measured_data_v2.json has no effect items recorded
S2,5,1,visual_up,0,5,5,MISSING_MEASURED_EFFECTS: Sample 2 measured_data_v2.json has no effect items recorded
S2,5,3,critical_coeff_up,0,8,8,MISSING_MEASURED_EFFECTS: Sample 2 measured_data_v2.json has no effect items recorded
S2,5,3,critical_rate_up,0,8,8,MISSING_MEASURED_EFFECTS: Sample 2 measured_data_v2.json has no effect items recorded
S2,5,3,focus,0,6,6,MISSING_MEASURED_EFFECTS: Sample 2 measured_data_v2.json has no effect items recorded
S2,5,3,score_up,0,3,3,MISSING_MEASURED_EFFECTS: Sample 2 measured_data_v2.json has no effect items recorded
S2,5,3,skill_success_up,0,3,3,MISSING_MEASURED_EFFECTS: Sample 2 measured_data_v2.json has no effect items recorded
S2,5,3,visual_up,0,7,7,MISSING_MEASURED_EFFECTS: Sample 2 measured_data_v2.json has no effect items recorded
S2,5,4,a_skill_score_up,0,4,4,MISSING_MEASURED_EFFECTS: Sample 2 measured_data_v2.json has no effect items recorded
S2,5,4,score_up,0,4,4,MISSING_MEASURED_EFFECTS: Sample 2 measured_data_v2.json has no effect items recorded
S2,5,5,visual_up,0,4,4,MISSING_MEASURED_EFFECTS: Sample 2 measured_data_v2.json has no effect items recorded
S2,6,1,visual_up,0,5,5,MISSING_MEASURED_EFFECTS: Sample 2 measured_data_v2.json has no effect items recorded
S2,6,3,critical_coeff_up,0,8,8,MISSING_MEASURED_EFFECTS: Sample 2 measured_data_v2.json has no effect items recorded
S2,6,3,critical_rate_up,0,15,15,MISSING_MEASURED_EFFECTS: Sample 2 measured_data_v2.json has no effect items recorded
S2,6,3,focus,0,6,6,MISSING_MEASURED_EFFECTS: Sample 2 measured_data_v2.json has no effect items recorded
S2,6,3,score_up,0,3,3,MISSING_MEASURED_EFFECTS: Sample 2 measured_data_v2.json has no effect items recorded
S2,6,3,skill_success_up,0,3,3,MISSING_MEASURED_EFFECTS: Sample 2 measured_data_v2.json has no effect items recorded
S2,6,3,visual_up,0,7,7,MISSING_MEASURED_EFFECTS: Sample 2 measured_data_v2.json has no effect items recorded
S2,6,4,a_skill_score_up,0,4,4,MISSING_MEASURED_EFFECTS: Sample 2 measured_data_v2.json has no effect items recorded
S2,6,4,score_up,0,4,4,MISSING_MEASURED_EFFECTS: Sample 2 measured_data_v2.json has no effect items recorded
S2,6,5,visual_up,0,4,4,MISSING_MEASURED_EFFECTS: Sample 2 measured_data_v2.json has no effect items recorded
S2,7,1,visual_up,0,5,5,MISSING_MEASURED_EFFECTS: Sample 2 measured_data_v2.json has no effect items recorded
S2,7,3,critical_coeff_up,0,8,8,MISSING_MEASURED_EFFECTS: Sample 2 measured_data_v2.json has no effect items recorded
S2,7,3,critical_rate_up,0,15,15,MISSING_MEASURED_EFFECTS: Sample 2 measured_data_v2.json has no effect items recorded
S2,7,3,focus,0,6,6,MISSING_MEASURED_EFFECTS: Sample 2 measured_data_v2.json has no effect items recorded
S2,7,3,score_up,0,3,3,MISSING_MEASURED_EFFECTS: Sample 2 measured_data_v2.json has no effect items recorded
S2,7,3,skill_success_up,0,3,3,MISSING_MEASURED_EFFECTS: Sample 2 measured_data_v2.json has no effect items recorded
S2,7,3,visual_up,0,7,7,MISSING_MEASURED_EFFECTS: Sample 2 measured_data_v2.json has no effect items recorded
S2,7,4,a_skill_score_up,0,4,4,MISSING_MEASURED_EFFECTS: Sample 2 measured_data_v2.json has no effect items recorded
S2,7,4,score_up,0,4,4,MISSING_MEASURED_EFFECTS: Sample 2 measured_data_v2.json has no effect items recorded
S2,7,5,visual_up,0,4,4,MISSING_MEASURED_EFFECTS: Sample 2 measured_data_v2.json has no effect items recorded
S2,8,1,visual_up,0,5,5,MISSING_MEASURED_EFFECTS: Sample 2 measured_data_v2.json has no effect items recorded
S2,8,3,critical_coeff_up,0,8,8,MISSING_MEASURED_EFFECTS: Sample 2 measured_data_v2.json has no effect items recorded
S2,8,3,critical_rate_up,0,15,15,MISSING_MEASURED_EFFECTS: Sample 2 measured_data_v2.json has no effect items recorded
S2,8,3,focus,0,6,6,MISSING_MEASURED_EFFECTS: Sample 2 measured_data_v2.json has no effect items recorded
S2,8,3,score_up,0,3,3,MISSING_MEASURED_EFFECTS: Sample 2 measured_data_v2.json has no effect items recorded
S2,8,3,skill_success_up,0,3,3,MISSING_MEASURED_EFFECTS: Sample 2 measured_data_v2.json has no effect items recorded
S2,8,3,visual_up,0,7,7,MISSING_MEASURED_EFFECTS: Sample 2 measured_data_v2.json has no effect items recorded
S2,8,4,a_skill_score_up,0,4,4,MISSING_MEASURED_EFFECTS: Sample 2 measured_data_v2.json has no effect items recorded
S2,8,4,score_up,0,4,4,MISSING_MEASURED_EFFECTS: Sample 2 measured_data_v2.json has no effect items recorded
S2,8,5,visual_up,0,4,4,MISSING_MEASURED_EFFECTS: Sample 2 measured_data_v2.json has no effect items recorded
S2,9,1,visual_up,0,5,5,MISSING_MEASURED_EFFECTS: Sample 2 measured_data_v2.json has no effect items recorded
S2,9,3,critical_coeff_up,0,8,8,MISSING_MEASURED_EFFECTS: Sample 2 measured_data_v2.json has no effect items recorded
S2,9,3,critical_rate_up,0,15,15,MISSING_MEASURED_EFFECTS: Sample 2 measured_data_v2.json has no effect items recorded
S2,9,3,focus,0,6,6,MISSING_MEASURED_EFFECTS: Sample 2 measured_data_v2.json has no effect items recorded
S2,9,3,score_up,0,3,3,MISSING_MEASURED_EFFECTS: Sample 2 measured_data_v2.json has no effect items recorded
S2,9,3,skill_success_up,0,3,3,MISSING_MEASURED_EFFECTS: Sample 2 measured_data_v2.json has no effect items recorded
S2,9,3,visual_up,0,7,7,MISSING_MEASURED_EFFECTS: Sample 2 measured_data_v2.json has no effect items recorded
S2,9,4,a_skill_score_up,0,4,4,MISSING_MEASURED_EFFECTS: Sample 2 measured_data_v2.json has no effect items recorded
S2,9,4,score_up,0,4,4,MISSING_MEASURED_EFFECTS: Sample 2 measured_data_v2.json has no effect items recorded
S2,9,5,visual_up,0,4,4,MISSING_MEASURED_EFFECTS: Sample 2 measured_data_v2.json has no effect items recorded
S2,10,1,visual_up,0,5,5,MISSING_MEASURED_EFFECTS: Sample 2 measured_data_v2.json has no effect items recorded
S2,10,3,critical_coeff_up,0,8,8,MISSING_MEASURED_EFFECTS: Sample 2 measured_data_v2.json has no effect items recorded
S2,10,3,critical_rate_up,0,15,15,MISSING_MEASURED_EFFECTS: Sample 2 measured_data_v2.json has no effect items recorded
S2,10,3,focus,0,6,6,MISSING_MEASURED_EFFECTS: Sample 2 measured_data_v2.json has no effect items recorded
S2,10,3,score_up,0,3,3,MISSING_MEASURED_EFFECTS: Sample 2 measured_data_v2.json has no effect items recorded
S2,10,3,skill_success_up,0,3,3,MISSING_MEASURED_EFFECTS: Sample 2 measured_data_v2.json has no effect items recorded
S2,10,3,visual_up,0,7,7,MISSING_MEASURED_EFFECTS: Sample 2 measured_data_v2.json has no effect items recorded
S2,10,4,a_skill_score_up,0,4,4,MISSING_MEASURED_EFFECTS: Sample 2 measured_data_v2.json has no effect items recorded
S2,10,4,score_up,0,4,4,MISSING_MEASURED_EFFECTS: Sample 2 measured_data_v2.json has no effect items recorded
S2,10,5,visual_up,0,4,4,MISSING_MEASURED_EFFECTS: Sample 2 measured_data_v2.json has no effect items recorded
S2,11,1,visual_up,0,5,5,MISSING_MEASURED_EFFECTS: Sample 2 measured_data_v2.json has no effect items recorded
S2,11,3,critical_coeff_up,0,8,8,MISSING_MEASURED_EFFECTS: Sample 2 measured_data_v2.json has no effect items recorded
S2,11,3,critical_rate_up,0,15,15,MISSING_MEASURED_EFFECTS: Sample 2 measured_data_v2.json has no effect items recorded
S2,11,3,focus,0,6,6,MISSING_MEASURED_EFFECTS: Sample 2 measured_data_v2.json has no effect items recorded
S2,11,3,score_up,0,3,3,MISSING_MEASURED_EFFECTS: Sample 2 measured_data_v2.json has no effect items recorded
S2,11,3,skill_success_up,0,3,3,MISSING_MEASURED_EFFECTS: Sample 2 measured_data_v2.json has no effect items recorded
S2,11,3,visual_up,0,7,7,MISSING_MEASURED_EFFECTS: Sample 2 measured_data_v2.json has no effect items recorded
S2,11,4,a_skill_score_up,0,4,4,MISSING_MEASURED_EFFECTS: Sample 2 measured_data_v2.json has no effect items recorded
S2,11,4,score_up,0,4,4,MISSING_MEASURED_EFFECTS: Sample 2 measured_data_v2.json has no effect items recorded
S2,11,5,visual_up,0,4,4,MISSING_MEASURED_EFFECTS: Sample 2 measured_data_v2.json has no effect items recorded
S2,12,1,visual_up,0,5,5,MISSING_MEASURED_EFFECTS: Sample 2 measured_data_v2.json has no effect items recorded
S2,12,3,critical_coeff_up,0,8,8,MISSING_MEASURED_EFFECTS: Sample 2 measured_data_v2.json has no effect items recorded
S2,12,3,critical_rate_up,0,15,15,MISSING_MEASURED_EFFECTS: Sample 2 measured_data_v2.json has no effect items recorded
S2,12,3,focus,0,6,6,MISSING_MEASURED_EFFECTS: Sample 2 measured_data_v2.json has no effect items recorded
S2,12,3,score_up,0,3,3,MISSING_MEASURED_EFFECTS: Sample 2 measured_data_v2.json has no effect items recorded
S2,12,3,skill_success_up,0,3,3,MISSING_MEASURED_EFFECTS: Sample 2 measured_data_v2.json has no effect items recorded
S2,12,3,visual_up,0,7,7,MISSING_MEASURED_EFFECTS: Sample 2 measured_data_v2.json has no effect items recorded
S2,12,4,a_skill_score_up,0,4,4,MISSING_MEASURED_EFFECTS: Sample 2 measured_data_v2.json has no effect items recorded
S2,12,4,score_up,0,4,4,MISSING_MEASURED_EFFECTS: Sample 2 measured_data_v2.json has no effect items recorded
S2,12,5,visual_up,0,4,4,MISSING_MEASURED_EFFECTS: Sample 2 measured_data_v2.json has no effect items recorded
S2,13,1,visual_up,0,5,5,MISSING_MEASURED_EFFECTS: Sample 2 measured_data_v2.json has no effect items recorded
S2,13,3,critical_coeff_up,0,8,8,MISSING_MEASURED_EFFECTS: Sample 2 measured_data_v2.json has no effect items recorded
S2,13,3,critical_rate_up,0,15,15,MISSING_MEASURED_EFFECTS: Sample 2 measured_data_v2.json has no effect items recorded
S2,13,3,focus,0,6,6,MISSING_MEASURED_EFFECTS: Sample 2 measured_data_v2.json has no effect items recorded
S2,13,3,score_up,0,3,3,MISSING_MEASURED_EFFECTS: Sample 2 measured_data_v2.json has no effect items recorded
S2,13,3,skill_success_up,0,3,3,MISSING_MEASURED_EFFECTS: Sample 2 measured_data_v2.json has no effect items recorded
S2,13,3,visual_up,0,7,7,MISSING_MEASURED_EFFECTS: Sample 2 measured_data_v2.json has no effect items recorded
S2,13,4,a_skill_score_up,0,4,4,MISSING_MEASURED_EFFECTS: Sample 2 measured_data_v2.json has no effect items recorded
S2,13,4,score_up,0,4,4,MISSING_MEASURED_EFFECTS: Sample 2 measured_data_v2.json has no effect items recorded
S2,13,5,visual_up,0,4,4,MISSING_MEASURED_EFFECTS: Sample 2 measured_data_v2.json has no effect items recorded
S2,14,1,visual_up,0,5,5,MISSING_MEASURED_EFFECTS: Sample 2 measured_data_v2.json has no effect items recorded
S2,14,3,critical_coeff_up,0,8,8,MISSING_MEASURED_EFFECTS: Sample 2 measured_data_v2.json has no effect items recorded
S2,14,3,critical_rate_up,0,15,15,MISSING_MEASURED_EFFECTS: Sample 2 measured_data_v2.json has no effect items recorded
S2,14,3,focus,0,6,6,MISSING_MEASURED_EFFECTS: Sample 2 measured_data_v2.json has no effect items recorded
S2,14,3,score_up,0,3,3,MISSING_MEASURED_EFFECTS: Sample 2 measured_data_v2.json has no effect items recorded
S2,14,3,skill_success_up,0,3,3,MISSING_MEASURED_EFFECTS: Sample 2 measured_data_v2.json has no effect items recorded
S2,14,3,visual_up,0,7,7,MISSING_MEASURED_EFFECTS: Sample 2 measured_data_v2.json has no effect items recorded
S2,14,4,a_skill_score_up,0,4,4,MISSING_MEASURED_EFFECTS: Sample 2 measured_data_v2.json has no effect items recorded
S2,14,4,score_up,0,4,4,MISSING_MEASURED_EFFECTS: Sample 2 measured_data_v2.json has no effect items recorded
S2,14,5,visual_up,0,4,4,MISSING_MEASURED_EFFECTS: Sample 2 measured_data_v2.json has no effect items recorded
S2,15,1,visual_up,0,5,5,MISSING_MEASURED_EFFECTS: Sample 2 measured_data_v2.json has no effect items recorded
S2,15,3,critical_coeff_up,0,13,13,MISSING_MEASURED_EFFECTS: Sample 2 measured_data_v2.json has no effect items recorded
S2,15,3,critical_rate_up,0,15,15,MISSING_MEASURED_EFFECTS: Sample 2 measured_data_v2.json has no effect items recorded
S2,15,3,focus,0,6,6,MISSING_MEASURED_EFFECTS: Sample 2 measured_data_v2.json has no effect items recorded
S2,15,3,score_up,0,3,3,MISSING_MEASURED_EFFECTS: Sample 2 measured_data_v2.json has no effect items recorded
S2,15,3,skill_success_up,0,3,3,MISSING_MEASURED_EFFECTS: Sample 2 measured_data_v2.json has no effect items recorded
S2,15,3,visual_up,0,7,7,MISSING_MEASURED_EFFECTS: Sample 2 measured_data_v2.json has no effect items recorded
S2,15,4,a_skill_score_up,0,4,4,MISSING_MEASURED_EFFECTS: Sample 2 measured_data_v2.json has no effect items recorded
S2,15,4,score_up,0,4,4,MISSING_MEASURED_EFFECTS: Sample 2 measured_data_v2.json has no effect items recorded
S2,15,5,visual_up,0,4,4,MISSING_MEASURED_EFFECTS: Sample 2 measured_data_v2.json has no effect items recorded
S2,16,1,visual_up,0,5,5,MISSING_MEASURED_EFFECTS: Sample 2 measured_data_v2.json has no effect items recorded
S2,16,3,critical_coeff_up,0,13,13,MISSING_MEASURED_EFFECTS: Sample 2 measured_data_v2.json has no effect items recorded
S2,16,3,critical_rate_up,0,15,15,MISSING_MEASURED_EFFECTS: Sample 2 measured_data_v2.json has no effect items recorded
S2,16,3,focus,0,6,6,MISSING_MEASURED_EFFECTS: Sample 2 measured_data_v2.json has no effect items recorded
S2,16,3,score_up,0,3,3,MISSING_MEASURED_EFFECTS: Sample 2 measured_data_v2.json has no effect items recorded
S2,16,3,skill_success_up,0,3,3,MISSING_MEASURED_EFFECTS: Sample 2 measured_data_v2.json has no effect items recorded
S2,16,3,visual_up,0,7,7,MISSING_MEASURED_EFFECTS: Sample 2 measured_data_v2.json has no effect items recorded
S2,16,4,a_skill_score_up,0,4,4,MISSING_MEASURED_EFFECTS: Sample 2 measured_data_v2.json has no effect items recorded
S2,16,4,score_up,0,4,4,MISSING_MEASURED_EFFECTS: Sample 2 measured_data_v2.json has no effect items recorded
S2,16,5,visual_up,0,4,4,MISSING_MEASURED_EFFECTS: Sample 2 measured_data_v2.json has no effect items recorded
S2,17,1,visual_up,0,5,5,MISSING_MEASURED_EFFECTS: Sample 2 measured_data_v2.json has no effect items recorded
S2,17,3,critical_coeff_up,0,13,13,MISSING_MEASURED_EFFECTS: Sample 2 measured_data_v2.json has no effect items recorded
S2,17,3,critical_rate_up,0,15,15,MISSING_MEASURED_EFFECTS: Sample 2 measured_data_v2.json has no effect items recorded
S2,17,3,focus,0,6,6,MISSING_MEASURED_EFFECTS: Sample 2 measured_data_v2.json has no effect items recorded
S2,17,3,score_up,0,3,3,MISSING_MEASURED_EFFECTS: Sample 2 measured_data_v2.json has no effect items recorded
S2,17,3,skill_success_up,0,3,3,MISSING_MEASURED_EFFECTS: Sample 2 measured_data_v2.json has no effect items recorded
S2,17,3,visual_up,0,7,7,MISSING_MEASURED_EFFECTS: Sample 2 measured_data_v2.json has no effect items recorded
S2,17,4,a_skill_score_up,0,4,4,MISSING_MEASURED_EFFECTS: Sample 2 measured_data_v2.json has no effect items recorded
S2,17,4,score_up,0,4,4,MISSING_MEASURED_EFFECTS: Sample 2 measured_data_v2.json has no effect items recorded
S2,17,5,visual_up,0,4,4,MISSING_MEASURED_EFFECTS: Sample 2 measured_data_v2.json has no effect items recorded
S2,18,1,visual_up,0,5,5,MISSING_MEASURED_EFFECTS: Sample 2 measured_data_v2.json has no effect items recorded
S2,18,3,critical_coeff_up,0,13,13,MISSING_MEASURED_EFFECTS: Sample 2 measured_data_v2.json has no effect items recorded
S2,18,3,critical_rate_up,0,15,15,MISSING_MEASURED_EFFECTS: Sample 2 measured_data_v2.json has no effect items recorded
S2,18,3,focus,0,6,6,MISSING_MEASURED_EFFECTS: Sample 2 measured_data_v2.json has no effect items recorded
S2,18,3,score_up,0,3,3,MISSING_MEASURED_EFFECTS: Sample 2 measured_data_v2.json has no effect items recorded
S2,18,3,skill_success_up,0,3,3,MISSING_MEASURED_EFFECTS: Sample 2 measured_data_v2.json has no effect items recorded
S2,18,3,visual_up,0,7,7,MISSING_MEASURED_EFFECTS: Sample 2 measured_data_v2.json has no effect items recorded
S2,18,4,a_skill_score_up,0,4,4,MISSING_MEASURED_EFFECTS: Sample 2 measured_data_v2.json has no effect items recorded
S2,18,4,score_up,0,4,4,MISSING_MEASURED_EFFECTS: Sample 2 measured_data_v2.json has no effect items recorded
S2,18,5,visual_up,0,4,4,MISSING_MEASURED_EFFECTS: Sample 2 measured_data_v2.json has no effect items recorded
S2,19,1,visual_up,0,5,5,MISSING_MEASURED_EFFECTS: Sample 2 measured_data_v2.json has no effect items recorded
S2,19,3,critical_coeff_up,0,13,13,MISSING_MEASURED_EFFECTS: Sample 2 measured_data_v2.json has no effect items recorded
S2,19,3,critical_rate_up,0,15,15,MISSING_MEASURED_EFFECTS: Sample 2 measured_data_v2.json has no effect items recorded
S2,19,3,focus,0,6,6,MISSING_MEASURED_EFFECTS: Sample 2 measured_data_v2.json has no effect items recorded
S2,19,3,score_up,0,3,3,MISSING_MEASURED_EFFECTS: Sample 2 measured_data_v2.json has no effect items recorded
S2,19,3,skill_success_up,0,3,3,MISSING_MEASURED_EFFECTS: Sample 2 measured_data_v2.json has no effect items recorded
S2,19,3,visual_up,0,7,7,MISSING_MEASURED_EFFECTS: Sample 2 measured_data_v2.json has no effect items recorded
S2,19,4,a_skill_score_up,0,4,4,MISSING_MEASURED_EFFECTS: Sample 2 measured_data_v2.json has no effect items recorded
S2,19,4,score_up,0,4,4,MISSING_MEASURED_EFFECTS: Sample 2 measured_data_v2.json has no effect items recorded
S2,19,5,visual_up,0,4,4,MISSING_MEASURED_EFFECTS: Sample 2 measured_data_v2.json has no effect items recorded
S2,20,1,visual_up,0,5,5,MISSING_MEASURED_EFFECTS: Sample 2 measured_data_v2.json has no effect items recorded
S2,20,3,critical_coeff_up,0,13,13,MISSING_MEASURED_EFFECTS: Sample 2 measured_data_v2.json has no effect items recorded
S2,20,3,critical_rate_up,0,15,15,MISSING_MEASURED_EFFECTS: Sample 2 measured_data_v2.json has no effect items recorded
S2,20,3,focus,0,6,6,MISSING_MEASURED_EFFECTS: Sample 2 measured_data_v2.json has no effect items recorded
S2,20,3,score_up,0,3,3,MISSING_MEASURED_EFFECTS: Sample 2 measured_data_v2.json has no effect items recorded
S2,20,3,skill_success_up,0,3,3,MISSING_MEASURED_EFFECTS: Sample 2 measured_data_v2.json has no effect items recorded
S2,20,3,visual_up,0,7,7,MISSING_MEASURED_EFFECTS: Sample 2 measured_data_v2.json has no effect items recorded
S2,20,4,a_skill_score_up,0,4,4,MISSING_MEASURED_EFFECTS: Sample 2 measured_data_v2.json has no effect items recorded
S2,20,4,score_up,0,4,4,MISSING_MEASURED_EFFECTS: Sample 2 measured_data_v2.json has no effect items recorded
S2,20,5,visual_up,0,4,4,MISSING_MEASURED_EFFECTS: Sample 2 measured_data_v2.json has no effect items recorded
S2,21,1,visual_up,0,5,5,MISSING_MEASURED_EFFECTS: Sample 2 measured_data_v2.json has no effect items recorded
S2,21,3,critical_coeff_up,0,13,13,MISSING_MEASURED_EFFECTS: Sample 2 measured_data_v2.json has no effect items recorded
S2,21,3,critical_rate_up,0,15,15,MISSING_MEASURED_EFFECTS: Sample 2 measured_data_v2.json has no effect items recorded
S2,21,3,focus,0,6,6,MISSING_MEASURED_EFFECTS: Sample 2 measured_data_v2.json has no effect items recorded
S2,21,3,score_up,0,3,3,MISSING_MEASURED_EFFECTS: Sample 2 measured_data_v2.json has no effect items recorded
S2,21,3,skill_success_up,0,3,3,MISSING_MEASURED_EFFECTS: Sample 2 measured_data_v2.json has no effect items recorded
S2,21,3,visual_up,0,7,7,MISSING_MEASURED_EFFECTS: Sample 2 measured_data_v2.json has no effect items recorded
S2,21,4,a_skill_score_up,0,4,4,MISSING_MEASURED_EFFECTS: Sample 2 measured_data_v2.json has no effect items recorded
S2,21,4,score_up,0,4,4,MISSING_MEASURED_EFFECTS: Sample 2 measured_data_v2.json has no effect items recorded
S2,21,5,visual_up,0,4,4,MISSING_MEASURED_EFFECTS: Sample 2 measured_data_v2.json has no effect items recorded
S2,22,1,visual_up,0,5,5,MISSING_MEASURED_EFFECTS: Sample 2 measured_data_v2.json has no effect items recorded
S2,22,3,critical_coeff_up,0,13,13,MISSING_MEASURED_EFFECTS: Sample 2 measured_data_v2.json has no effect items recorded
S2,22,3,critical_rate_up,0,15,15,MISSING_MEASURED_EFFECTS: Sample 2 measured_data_v2.json has no effect items recorded
S2,22,3,focus,0,6,6,MISSING_MEASURED_EFFECTS: Sample 2 measured_data_v2.json has no effect items recorded
S2,22,3,score_up,0,3,3,MISSING_MEASURED_EFFECTS: Sample 2 measured_data_v2.json has no effect items recorded
S2,22,3,skill_success_up,0,3,3,MISSING_MEASURED_EFFECTS: Sample 2 measured_data_v2.json has no effect items recorded
S2,22,3,visual_up,0,7,7,MISSING_MEASURED_EFFECTS: Sample 2 measured_data_v2.json has no effect items recorded
S2,22,4,a_skill_score_up,0,4,4,MISSING_MEASURED_EFFECTS: Sample 2 measured_data_v2.json has no effect items recorded
S2,22,4,score_up,0,4,4,MISSING_MEASURED_EFFECTS: Sample 2 measured_data_v2.json has no effect items recorded
S2,22,5,visual_up,0,4,4,MISSING_MEASURED_EFFECTS: Sample 2 measured_data_v2.json has no effect items recorded
S2,23,1,visual_up,0,5,5,MISSING_MEASURED_EFFECTS: Sample 2 measured_data_v2.json has no effect items recorded
S2,23,3,critical_coeff_up,0,13,13,MISSING_MEASURED_EFFECTS: Sample 2 measured_data_v2.json has no effect items recorded
S2,23,3,critical_rate_up,0,15,15,MISSING_MEASURED_EFFECTS: Sample 2 measured_data_v2.json has no effect items recorded
S2,23,3,focus,0,6,6,MISSING_MEASURED_EFFECTS: Sample 2 measured_data_v2.json has no effect items recorded
S2,23,3,score_up,0,3,3,MISSING_MEASURED_EFFECTS: Sample 2 measured_data_v2.json has no effect items recorded
S2,23,3,skill_success_up,0,3,3,MISSING_MEASURED_EFFECTS: Sample 2 measured_data_v2.json has no effect items recorded
S2,23,3,visual_up,0,11,11,MISSING_MEASURED_EFFECTS: Sample 2 measured_data_v2.json has no effect items recorded
S2,23,4,a_skill_score_up,0,4,4,MISSING_MEASURED_EFFECTS: Sample 2 measured_data_v2.json has no effect items recorded
S2,23,4,score_up,0,4,4,MISSING_MEASURED_EFFECTS: Sample 2 measured_data_v2.json has no effect items recorded
S2,23,5,visual_up,0,4,4,MISSING_MEASURED_EFFECTS: Sample 2 measured_data_v2.json has no effect items recorded
S2,24,1,visual_up,0,5,5,MISSING_MEASURED_EFFECTS: Sample 2 measured_data_v2.json has no effect items recorded
S2,24,3,critical_coeff_up,0,13,13,MISSING_MEASURED_EFFECTS: Sample 2 measured_data_v2.json has no effect items recorded
S2,24,3,critical_rate_up,0,15,15,MISSING_MEASURED_EFFECTS: Sample 2 measured_data_v2.json has no effect items recorded
S2,24,3,focus,0,6,6,MISSING_MEASURED_EFFECTS: Sample 2 measured_data_v2.json has no effect items recorded
S2,24,3,score_up,0,3,3,MISSING_MEASURED_EFFECTS: Sample 2 measured_data_v2.json has no effect items recorded
S2,24,3,skill_success_up,0,3,3,MISSING_MEASURED_EFFECTS: Sample 2 measured_data_v2.json has no effect items recorded
S2,24,3,visual_up,0,11,11,MISSING_MEASURED_EFFECTS: Sample 2 measured_data_v2.json has no effect items recorded
S2,24,4,a_skill_score_up,0,4,4,MISSING_MEASURED_EFFECTS: Sample 2 measured_data_v2.json has no effect items recorded
S2,24,4,score_up,0,4,4,MISSING_MEASURED_EFFECTS: Sample 2 measured_data_v2.json has no effect items recorded
S2,24,5,visual_up,0,4,4,MISSING_MEASURED_EFFECTS: Sample 2 measured_data_v2.json has no effect items recorded
S2,25,1,visual_up,0,5,5,MISSING_MEASURED_EFFECTS: Sample 2 measured_data_v2.json has no effect items recorded
S2,25,3,critical_coeff_up,0,13,13,MISSING_MEASURED_EFFECTS: Sample 2 measured_data_v2.json has no effect items recorded
S2,25,3,critical_rate_up,0,15,15,MISSING_MEASURED_EFFECTS: Sample 2 measured_data_v2.json has no effect items recorded
S2,25,3,focus,0,6,6,MISSING_MEASURED_EFFECTS: Sample 2 measured_data_v2.json has no effect items recorded
S2,25,3,score_up,0,3,3,MISSING_MEASURED_EFFECTS: Sample 2 measured_data_v2.json has no effect items recorded
S2,25,3,skill_success_up,0,3,3,MISSING_MEASURED_EFFECTS: Sample 2 measured_data_v2.json has no effect items recorded
S2,25,3,visual_up,0,11,11,MISSING_MEASURED_EFFECTS: Sample 2 measured_data_v2.json has no effect items recorded
S2,25,4,a_skill_score_up,0,4,4,MISSING_MEASURED_EFFECTS: Sample 2 measured_data_v2.json has no effect items recorded
S2,25,4,score_up,0,4,4,MISSING_MEASURED_EFFECTS: Sample 2 measured_data_v2.json has no effect items recorded
S2,25,5,visual_up,0,4,4,MISSING_MEASURED_EFFECTS: Sample 2 measured_data_v2.json has no effect items recorded
S2,26,1,visual_up,0,5,5,MISSING_MEASURED_EFFECTS: Sample 2 measured_data_v2.json has no effect items recorded
S2,26,3,critical_coeff_up,0,13,13,MISSING_MEASURED_EFFECTS: Sample 2 measured_data_v2.json has no effect items recorded
S2,26,3,critical_rate_up,0,15,15,MISSING_MEASURED_EFFECTS: Sample 2 measured_data_v2.json has no effect items recorded
S2,26,3,focus,0,6,6,MISSING_MEASURED_EFFECTS: Sample 2 measured_data_v2.json has no effect items recorded
S2,26,3,score_up,0,3,3,MISSING_MEASURED_EFFECTS: Sample 2 measured_data_v2.json has no effect items recorded
S2,26,3,skill_success_up,0,3,3,MISSING_MEASURED_EFFECTS: Sample 2 measured_data_v2.json has no effect items recorded
S2,26,3,visual_up,0,11,11,MISSING_MEASURED_EFFECTS: Sample 2 measured_data_v2.json has no effect items recorded
S2,26,4,a_skill_score_up,0,4,4,MISSING_MEASURED_EFFECTS: Sample 2 measured_data_v2.json has no effect items recorded
S2,26,4,score_up,0,4,4,MISSING_MEASURED_EFFECTS: Sample 2 measured_data_v2.json has no effect items recorded
S2,26,5,visual_up,0,4,4,MISSING_MEASURED_EFFECTS: Sample 2 measured_data_v2.json has no effect items recorded
S2,27,1,visual_up,0,5,5,MISSING_MEASURED_EFFECTS: Sample 2 measured_data_v2.json has no effect items recorded
S2,27,3,critical_coeff_up,0,13,13,MISSING_MEASURED_EFFECTS: Sample 2 measured_data_v2.json has no effect items recorded
S2,27,3,critical_rate_up,0,15,15,MISSING_MEASURED_EFFECTS: Sample 2 measured_data_v2.json has no effect items recorded
S2,27,3,focus,0,6,6,MISSING_MEASURED_EFFECTS: Sample 2 measured_data_v2.json has no effect items recorded
S2,27,3,score_up,0,3,3,MISSING_MEASURED_EFFECTS: Sample 2 measured_data_v2.json has no effect items recorded
S2,27,3,skill_success_up,0,3,3,MISSING_MEASURED_EFFECTS: Sample 2 measured_data_v2.json has no effect items recorded
S2,27,3,visual_up,0,11,11,MISSING_MEASURED_EFFECTS: Sample 2 measured_data_v2.json has no effect items recorded
S2,27,4,a_skill_score_up,0,4,4,MISSING_MEASURED_EFFECTS: Sample 2 measured_data_v2.json has no effect items recorded
S2,27,4,score_up,0,4,4,MISSING_MEASURED_EFFECTS: Sample 2 measured_data_v2.json has no effect items recorded
S2,27,5,visual_up,0,4,4,MISSING_MEASURED_EFFECTS: Sample 2 measured_data_v2.json has no effect items recorded
S2,28,1,visual_up,0,5,5,MISSING_MEASURED_EFFECTS: Sample 2 measured_data_v2.json has no effect items recorded
S2,28,3,critical_coeff_up,0,13,13,MISSING_MEASURED_EFFECTS: Sample 2 measured_data_v2.json has no effect items recorded
S2,28,3,critical_rate_up,0,15,15,MISSING_MEASURED_EFFECTS: Sample 2 measured_data_v2.json has no effect items recorded
S2,28,3,focus,0,6,6,MISSING_MEASURED_EFFECTS: Sample 2 measured_data_v2.json has no effect items recorded
S2,28,3,score_up,0,3,3,MISSING_MEASURED_EFFECTS: Sample 2 measured_data_v2.json has no effect items recorded
S2,28,3,skill_success_up,0,3,3,MISSING_MEASURED_EFFECTS: Sample 2 measured_data_v2.json has no effect items recorded
S2,28,3,visual_up,0,16,16,MISSING_MEASURED_EFFECTS: Sample 2 measured_data_v2.json has no effect items recorded
S2,28,4,a_skill_score_up,0,4,4,MISSING_MEASURED_EFFECTS: Sample 2 measured_data_v2.json has no effect items recorded
S2,28,4,score_up,0,4,4,MISSING_MEASURED_EFFECTS: Sample 2 measured_data_v2.json has no effect items recorded
S2,28,5,visual_up,0,4,4,MISSING_MEASURED_EFFECTS: Sample 2 measured_data_v2.json has no effect items recorded
S2,29,1,visual_up,0,5,5,MISSING_MEASURED_EFFECTS: Sample 2 measured_data_v2.json has no effect items recorded
S2,29,3,critical_coeff_up,0,13,13,MISSING_MEASURED_EFFECTS: Sample 2 measured_data_v2.json has no effect items recorded
S2,29,3,critical_rate_up,0,15,15,MISSING_MEASURED_EFFECTS: Sample 2 measured_data_v2.json has no effect items recorded
S2,29,3,focus,0,6,6,MISSING_MEASURED_EFFECTS: Sample 2 measured_data_v2.json has no effect items recorded
S2,29,3,score_up,0,3,3,MISSING_MEASURED_EFFECTS: Sample 2 measured_data_v2.json has no effect items recorded
S2,29,3,skill_success_up,0,3,3,MISSING_MEASURED_EFFECTS: Sample 2 measured_data_v2.json has no effect items recorded
S2,29,3,visual_up,0,16,16,MISSING_MEASURED_EFFECTS: Sample 2 measured_data_v2.json has no effect items recorded
S2,29,4,a_skill_score_up,0,4,4,MISSING_MEASURED_EFFECTS: Sample 2 measured_data_v2.json has no effect items recorded
S2,29,4,score_up,0,4,4,MISSING_MEASURED_EFFECTS: Sample 2 measured_data_v2.json has no effect items recorded
S2,29,5,visual_up,0,4,4,MISSING_MEASURED_EFFECTS: Sample 2 measured_data_v2.json has no effect items recorded
S2,30,1,visual_up,0,5,5,MISSING_MEASURED_EFFECTS: Sample 2 measured_data_v2.json has no effect items recorded
S2,30,3,critical_coeff_up,0,13,13,MISSING_MEASURED_EFFECTS: Sample 2 measured_data_v2.json has no effect items recorded
S2,30,3,critical_rate_up,0,15,15,MISSING_MEASURED_EFFECTS: Sample 2 measured_data_v2.json has no effect items recorded
S2,30,3,focus,0,6,6,MISSING_MEASURED_EFFECTS: Sample 2 measured_data_v2.json has no effect items recorded
S2,30,3,score_up,0,3,3,MISSING_MEASURED_EFFECTS: Sample 2 measured_data_v2.json has no effect items recorded
S2,30,3,skill_success_up,0,3,3,MISSING_MEASURED_EFFECTS: Sample 2 measured_data_v2.json has no effect items recorded
S2,30,3,visual_up,0,16,16,MISSING_MEASURED_EFFECTS: Sample 2 measured_data_v2.json has no effect items recorded
S2,30,4,a_skill_score_up,0,4,4,MISSING_MEASURED_EFFECTS: Sample 2 measured_data_v2.json has no effect items recorded
S2,30,4,score_up,0,4,4,MISSING_MEASURED_EFFECTS: Sample 2 measured_data_v2.json has no effect items recorded
S2,30,5,visual_up,0,4,4,MISSING_MEASURED_EFFECTS: Sample 2 measured_data_v2.json has no effect items recorded
S2,31,1,visual_up,0,5,5,MISSING_MEASURED_EFFECTS: Sample 2 measured_data_v2.json has no effect items recorded
S2,31,3,critical_coeff_up,0,13,13,MISSING_MEASURED_EFFECTS: Sample 2 measured_data_v2.json has no effect items recorded
S2,31,3,critical_rate_up,0,15,15,MISSING_MEASURED_EFFECTS: Sample 2 measured_data_v2.json has no effect items recorded
S2,31,3,focus,0,6,6,MISSING_MEASURED_EFFECTS: Sample 2 measured_data_v2.json has no effect items recorded
S2,31,3,score_up,0,3,3,MISSING_MEASURED_EFFECTS: Sample 2 measured_data_v2.json has no effect items recorded
S2,31,3,skill_success_up,0,3,3,MISSING_MEASURED_EFFECTS: Sample 2 measured_data_v2.json has no effect items recorded
S2,31,3,visual_up,0,16,16,MISSING_MEASURED_EFFECTS: Sample 2 measured_data_v2.json has no effect items recorded
S2,31,4,a_skill_score_up,0,4,4,MISSING_MEASURED_EFFECTS: Sample 2 measured_data_v2.json has no effect items recorded
S2,31,4,score_up,0,4,4,MISSING_MEASURED_EFFECTS: Sample 2 measured_data_v2.json has no effect items recorded
S2,31,5,visual_up,0,4,4,MISSING_MEASURED_EFFECTS: Sample 2 measured_data_v2.json has no effect items recorded
S2,32,1,visual_up,0,5,5,MISSING_MEASURED_EFFECTS: Sample 2 measured_data_v2.json has no effect items recorded
S2,32,3,critical_coeff_up,0,13,13,MISSING_MEASURED_EFFECTS: Sample 2 measured_data_v2.json has no effect items recorded
S2,32,3,critical_rate_up,0,15,15,MISSING_MEASURED_EFFECTS: Sample 2 measured_data_v2.json has no effect items recorded
S2,32,3,focus,0,6,6,MISSING_MEASURED_EFFECTS: Sample 2 measured_data_v2.json has no effect items recorded
S2,32,3,score_up,0,3,3,MISSING_MEASURED_EFFECTS: Sample 2 measured_data_v2.json has no effect items recorded
S2,32,3,skill_success_up,0,3,3,MISSING_MEASURED_EFFECTS: Sample 2 measured_data_v2.json has no effect items recorded
S2,32,3,visual_up,0,16,16,MISSING_MEASURED_EFFECTS: Sample 2 measured_data_v2.json has no effect items recorded
S2,32,4,a_skill_score_up,0,4,4,MISSING_MEASURED_EFFECTS: Sample 2 measured_data_v2.json has no effect items recorded
S2,32,4,score_up,0,4,4,MISSING_MEASURED_EFFECTS: Sample 2 measured_data_v2.json has no effect items recorded
S2,32,5,visual_up,0,4,4,MISSING_MEASURED_EFFECTS: Sample 2 measured_data_v2.json has no effect items recorded
S2,33,1,visual_up,0,5,5,MISSING_MEASURED_EFFECTS: Sample 2 measured_data_v2.json has no effect items recorded
S2,33,3,critical_coeff_up,0,13,13,MISSING_MEASURED_EFFECTS: Sample 2 measured_data_v2.json has no effect items recorded
S2,33,3,critical_rate_up,0,15,15,MISSING_MEASURED_EFFECTS: Sample 2 measured_data_v2.json has no effect items recorded
S2,33,3,focus,0,6,6,MISSING_MEASURED_EFFECTS: Sample 2 measured_data_v2.json has no effect items recorded
S2,33,3,score_up,0,3,3,MISSING_MEASURED_EFFECTS: Sample 2 measured_data_v2.json has no effect items recorded
S2,33,3,skill_success_up,0,3,3,MISSING_MEASURED_EFFECTS: Sample 2 measured_data_v2.json has no effect items recorded
S2,33,3,visual_up,0,16,16,MISSING_MEASURED_EFFECTS: Sample 2 measured_data_v2.json has no effect items recorded
S2,33,4,a_skill_score_up,0,4,4,MISSING_MEASURED_EFFECTS: Sample 2 measured_data_v2.json has no effect items recorded
S2,33,4,score_up,0,4,4,MISSING_MEASURED_EFFECTS: Sample 2 measured_data_v2.json has no effect items recorded
S2,33,5,visual_up,0,4,4,MISSING_MEASURED_EFFECTS: Sample 2 measured_data_v2.json has no effect items recorded
S2,34,1,visual_up,0,5,5,MISSING_MEASURED_EFFECTS: Sample 2 measured_data_v2.json has no effect items recorded
S2,34,3,critical_coeff_up,0,13,13,MISSING_MEASURED_EFFECTS: Sample 2 measured_data_v2.json has no effect items recorded
S2,34,3,critical_rate_up,0,15,15,MISSING_MEASURED_EFFECTS: Sample 2 measured_data_v2.json has no effect items recorded
S2,34,3,focus,0,6,6,MISSING_MEASURED_EFFECTS: Sample 2 measured_data_v2.json has no effect items recorded
S2,34,3,score_up,0,3,3,MISSING_MEASURED_EFFECTS: Sample 2 measured_data_v2.json has no effect items recorded
S2,34,3,skill_success_up,0,3,3,MISSING_MEASURED_EFFECTS: Sample 2 measured_data_v2.json has no effect items recorded
S2,34,3,visual_up,0,16,16,MISSING_MEASURED_EFFECTS: Sample 2 measured_data_v2.json has no effect items recorded
S2,34,4,a_skill_score_up,0,4,4,MISSING_MEASURED_EFFECTS: Sample 2 measured_data_v2.json has no effect items recorded
S2,34,4,score_up,0,4,4,MISSING_MEASURED_EFFECTS: Sample 2 measured_data_v2.json has no effect items recorded
S2,34,5,visual_up,0,4,4,MISSING_MEASURED_EFFECTS: Sample 2 measured_data_v2.json has no effect items recorded
S2,35,1,visual_up,0,5,5,MISSING_MEASURED_EFFECTS: Sample 2 measured_data_v2.json has no effect items recorded
S2,35,3,critical_coeff_up,0,13,13,MISSING_MEASURED_EFFECTS: Sample 2 measured_data_v2.json has no effect items recorded
S2,35,3,critical_rate_up,0,15,15,MISSING_MEASURED_EFFECTS: Sample 2 measured_data_v2.json has no effect items recorded
S2,35,3,score_up,0,3,3,MISSING_MEASURED_EFFECTS: Sample 2 measured_data_v2.json has no effect items recorded
S2,35,3,skill_success_up,0,3,3,MISSING_MEASURED_EFFECTS: Sample 2 measured_data_v2.json has no effect items recorded
S2,35,3,visual_up,0,16,16,MISSING_MEASURED_EFFECTS: Sample 2 measured_data_v2.json has no effect items recorded
S2,35,4,a_skill_score_up,0,4,4,MISSING_MEASURED_EFFECTS: Sample 2 measured_data_v2.json has no effect items recorded
S2,35,4,score_up,0,4,4,MISSING_MEASURED_EFFECTS: Sample 2 measured_data_v2.json has no effect items recorded
S2,35,5,visual_up,0,4,4,MISSING_MEASURED_EFFECTS: Sample 2 measured_data_v2.json has no effect items recorded
S2,36,1,visual_up,0,5,5,MISSING_MEASURED_EFFECTS: Sample 2 measured_data_v2.json has no effect items recorded
S2,36,3,critical_coeff_up,0,13,13,MISSING_MEASURED_EFFECTS: Sample 2 measured_data_v2.json has no effect items recorded
S2,36,3,critical_rate_up,0,15,15,MISSING_MEASURED_EFFECTS: Sample 2 measured_data_v2.json has no effect items recorded
S2,36,3,score_up,0,3,3,MISSING_MEASURED_EFFECTS: Sample 2 measured_data_v2.json has no effect items recorded
S2,36,3,skill_success_up,0,3,3,MISSING_MEASURED_EFFECTS: Sample 2 measured_data_v2.json has no effect items recorded
S2,36,3,visual_up,0,13,13,MISSING_MEASURED_EFFECTS: Sample 2 measured_data_v2.json has no effect items recorded
S2,36,4,a_skill_score_up,0,4,4,MISSING_MEASURED_EFFECTS: Sample 2 measured_data_v2.json has no effect items recorded
S2,36,4,score_up,0,4,4,MISSING_MEASURED_EFFECTS: Sample 2 measured_data_v2.json has no effect items recorded
S2,37,1,visual_up,0,5,5,MISSING_MEASURED_EFFECTS: Sample 2 measured_data_v2.json has no effect items recorded
S2,37,3,critical_coeff_up,0,13,13,MISSING_MEASURED_EFFECTS: Sample 2 measured_data_v2.json has no effect items recorded
S2,37,3,critical_rate_up,0,15,15,MISSING_MEASURED_EFFECTS: Sample 2 measured_data_v2.json has no effect items recorded
S2,37,3,score_up,0,3,3,MISSING_MEASURED_EFFECTS: Sample 2 measured_data_v2.json has no effect items recorded
S2,37,3,skill_success_up,0,3,3,MISSING_MEASURED_EFFECTS: Sample 2 measured_data_v2.json has no effect items recorded
S2,37,3,visual_up,0,13,13,MISSING_MEASURED_EFFECTS: Sample 2 measured_data_v2.json has no effect items recorded
S2,38,1,visual_up,0,5,5,MISSING_MEASURED_EFFECTS: Sample 2 measured_data_v2.json has no effect items recorded
S2,38,3,critical_coeff_up,0,13,13,MISSING_MEASURED_EFFECTS: Sample 2 measured_data_v2.json has no effect items recorded
S2,38,3,critical_rate_up,0,15,15,MISSING_MEASURED_EFFECTS: Sample 2 measured_data_v2.json has no effect items recorded
S2,38,3,score_up,0,3,3,MISSING_MEASURED_EFFECTS: Sample 2 measured_data_v2.json has no effect items recorded
S2,38,3,skill_success_up,0,3,3,MISSING_MEASURED_EFFECTS: Sample 2 measured_data_v2.json has no effect items recorded
S2,38,3,visual_up,0,13,13,MISSING_MEASURED_EFFECTS: Sample 2 measured_data_v2.json has no effect items recorded
S2,39,1,visual_up,0,5,5,MISSING_MEASURED_EFFECTS: Sample 2 measured_data_v2.json has no effect items recorded
S2,39,3,critical_coeff_up,0,13,13,MISSING_MEASURED_EFFECTS: Sample 2 measured_data_v2.json has no effect items recorded
S2,39,3,critical_rate_up,0,15,15,MISSING_MEASURED_EFFECTS: Sample 2 measured_data_v2.json has no effect items recorded
S2,39,3,score_up,0,3,3,MISSING_MEASURED_EFFECTS: Sample 2 measured_data_v2.json has no effect items recorded
S2,39,3,skill_success_up,0,3,3,MISSING_MEASURED_EFFECTS: Sample 2 measured_data_v2.json has no effect items recorded
S2,39,3,visual_up,0,13,13,MISSING_MEASURED_EFFECTS: Sample 2 measured_data_v2.json has no effect items recorded
S2,40,1,visual_up,0,5,5,MISSING_MEASURED_EFFECTS: Sample 2 measured_data_v2.json has no effect items recorded
S2,40,3,critical_coeff_up,0,13,13,MISSING_MEASURED_EFFECTS: Sample 2 measured_data_v2.json has no effect items recorded
S2,40,3,critical_rate_up,0,15,15,MISSING_MEASURED_EFFECTS: Sample 2 measured_data_v2.json has no effect items recorded
S2,40,3,score_up,0,3,3,MISSING_MEASURED_EFFECTS: Sample 2 measured_data_v2.json has no effect items recorded
S2,40,3,skill_success_up,0,3,3,MISSING_MEASURED_EFFECTS: Sample 2 measured_data_v2.json has no effect items recorded
S2,40,3,visual_up,0,13,13,MISSING_MEASURED_EFFECTS: Sample 2 measured_data_v2.json has no effect items recorded
S2,41,1,visual_up,0,5,5,MISSING_MEASURED_EFFECTS: Sample 2 measured_data_v2.json has no effect items recorded
S2,41,3,critical_coeff_up,0,13,13,MISSING_MEASURED_EFFECTS: Sample 2 measured_data_v2.json has no effect items recorded
S2,41,3,critical_rate_up,0,15,15,MISSING_MEASURED_EFFECTS: Sample 2 measured_data_v2.json has no effect items recorded
S2,41,3,score_up,0,3,3,MISSING_MEASURED_EFFECTS: Sample 2 measured_data_v2.json has no effect items recorded
S2,41,3,skill_success_up,0,3,3,MISSING_MEASURED_EFFECTS: Sample 2 measured_data_v2.json has no effect items recorded
S2,41,3,visual_up,0,13,13,MISSING_MEASURED_EFFECTS: Sample 2 measured_data_v2.json has no effect items recorded
S2,42,1,visual_up,0,5,5,MISSING_MEASURED_EFFECTS: Sample 2 measured_data_v2.json has no effect items recorded
S2,42,3,critical_coeff_up,0,13,13,MISSING_MEASURED_EFFECTS: Sample 2 measured_data_v2.json has no effect items recorded
S2,42,3,critical_rate_up,0,15,15,MISSING_MEASURED_EFFECTS: Sample 2 measured_data_v2.json has no effect items recorded
S2,42,3,skill_success_up,0,3,3,MISSING_MEASURED_EFFECTS: Sample 2 measured_data_v2.json has no effect items recorded
S2,42,3,visual_up,0,13,13,MISSING_MEASURED_EFFECTS: Sample 2 measured_data_v2.json has no effect items recorded
S2,43,1,visual_up,0,5,5,MISSING_MEASURED_EFFECTS: Sample 2 measured_data_v2.json has no effect items recorded
S2,43,3,critical_coeff_up,0,13,13,MISSING_MEASURED_EFFECTS: Sample 2 measured_data_v2.json has no effect items recorded
S2,43,3,critical_rate_up,0,15,15,MISSING_MEASURED_EFFECTS: Sample 2 measured_data_v2.json has no effect items recorded
S2,43,3,skill_success_up,0,3,3,MISSING_MEASURED_EFFECTS: Sample 2 measured_data_v2.json has no effect items recorded
S2,43,3,visual_up,0,13,13,MISSING_MEASURED_EFFECTS: Sample 2 measured_data_v2.json has no effect items recorded
S2,44,1,visual_up,0,5,5,MISSING_MEASURED_EFFECTS: Sample 2 measured_data_v2.json has no effect items recorded
S2,44,3,critical_coeff_up,0,13,13,MISSING_MEASURED_EFFECTS: Sample 2 measured_data_v2.json has no effect items recorded
S2,44,3,critical_rate_up,0,15,15,MISSING_MEASURED_EFFECTS: Sample 2 measured_data_v2.json has no effect items recorded
S2,44,3,skill_success_up,0,3,3,MISSING_MEASURED_EFFECTS: Sample 2 measured_data_v2.json has no effect items recorded
S2,44,3,visual_up,0,13,13,MISSING_MEASURED_EFFECTS: Sample 2 measured_data_v2.json has no effect items recorded
S2,45,1,visual_up,0,5,5,MISSING_MEASURED_EFFECTS: Sample 2 measured_data_v2.json has no effect items recorded
S2,45,3,critical_coeff_up,0,13,13,MISSING_MEASURED_EFFECTS: Sample 2 measured_data_v2.json has no effect items recorded
S2,45,3,critical_rate_up,0,15,15,MISSING_MEASURED_EFFECTS: Sample 2 measured_data_v2.json has no effect items recorded
S2,45,3,skill_success_up,0,3,3,MISSING_MEASURED_EFFECTS: Sample 2 measured_data_v2.json has no effect items recorded
S2,45,3,visual_up,0,13,13,MISSING_MEASURED_EFFECTS: Sample 2 measured_data_v2.json has no effect items recorded
S2,46,3,critical_rate_up,0,7,7,MISSING_MEASURED_EFFECTS: Sample 2 measured_data_v2.json has no effect items recorded
S2,46,3,skill_success_up,0,3,3,MISSING_MEASURED_EFFECTS: Sample 2 measured_data_v2.json has no effect items recorded
S2,46,3,visual_up,0,13,13,MISSING_MEASURED_EFFECTS: Sample 2 measured_data_v2.json has no effect items recorded
S2,47,3,critical_rate_up,0,7,7,MISSING_MEASURED_EFFECTS: Sample 2 measured_data_v2.json has no effect items recorded
S2,47,3,skill_success_up,0,3,3,MISSING_MEASURED_EFFECTS: Sample 2 measured_data_v2.json has no effect items recorded
S2,47,3,visual_up,0,13,13,MISSING_MEASURED_EFFECTS: Sample 2 measured_data_v2.json has no effect items recorded
S2,48,3,critical_rate_up,0,7,7,MISSING_MEASURED_EFFECTS: Sample 2 measured_data_v2.json has no effect items recorded
S2,48,3,visual_up,0,9,9,MISSING_MEASURED_EFFECTS: Sample 2 measured_data_v2.json has no effect items recorded
S2,49,3,visual_up,0,9,9,MISSING_MEASURED_EFFECTS: Sample 2 measured_data_v2.json has no effect items recorded
S2,50,3,visual_up,0,9,9,MISSING_MEASURED_EFFECTS: Sample 2 measured_data_v2.json has no effect items recorded
S2,51,3,critical_coeff_up,0,8,8,MISSING_MEASURED_EFFECTS: Sample 2 measured_data_v2.json has no effect items recorded
S2,51,3,critical_rate_up,0,8,8,MISSING_MEASURED_EFFECTS: Sample 2 measured_data_v2.json has no effect items recorded
S2,51,3,focus,0,6,6,MISSING_MEASURED_EFFECTS: Sample 2 measured_data_v2.json has no effect items recorded
S2,51,3,skill_success_up,0,3,3,MISSING_MEASURED_EFFECTS: Sample 2 measured_data_v2.json has no effect items recorded
S2,51,3,visual_up,0,13,13,MISSING_MEASURED_EFFECTS: Sample 2 measured_data_v2.json has no effect items recorded
S2,52,3,critical_coeff_up,0,8,8,MISSING_MEASURED_EFFECTS: Sample 2 measured_data_v2.json has no effect items recorded
S2,52,3,critical_rate_up,0,8,8,MISSING_MEASURED_EFFECTS: Sample 2 measured_data_v2.json has no effect items recorded
S2,52,3,focus,0,6,6,MISSING_MEASURED_EFFECTS: Sample 2 measured_data_v2.json has no effect items recorded
S2,52,3,skill_success_up,0,3,3,MISSING_MEASURED_EFFECTS: Sample 2 measured_data_v2.json has no effect items recorded
S2,52,3,visual_up,0,16,16,MISSING_MEASURED_EFFECTS: Sample 2 measured_data_v2.json has no effect items recorded
S2,52,4,a_skill_score_up,0,4,4,MISSING_MEASURED_EFFECTS: Sample 2 measured_data_v2.json has no effect items recorded
S2,52,4,score_up,0,4,4,MISSING_MEASURED_EFFECTS: Sample 2 measured_data_v2.json has no effect items recorded
S2,52,5,visual_up,0,4,4,MISSING_MEASURED_EFFECTS: Sample 2 measured_data_v2.json has no effect items recorded
S2,53,3,critical_coeff_up,0,8,8,MISSING_MEASURED_EFFECTS: Sample 2 measured_data_v2.json has no effect items recorded
S2,53,3,critical_rate_up,0,8,8,MISSING_MEASURED_EFFECTS: Sample 2 measured_data_v2.json has no effect items recorded
S2,53,3,focus,0,6,6,MISSING_MEASURED_EFFECTS: Sample 2 measured_data_v2.json has no effect items recorded
S2,53,3,skill_success_up,0,3,3,MISSING_MEASURED_EFFECTS: Sample 2 measured_data_v2.json has no effect items recorded
S2,53,3,visual_up,0,16,16,MISSING_MEASURED_EFFECTS: Sample 2 measured_data_v2.json has no effect items recorded
S2,53,4,a_skill_score_up,0,4,4,MISSING_MEASURED_EFFECTS: Sample 2 measured_data_v2.json has no effect items recorded
S2,53,4,score_up,0,4,4,MISSING_MEASURED_EFFECTS: Sample 2 measured_data_v2.json has no effect items recorded
S2,53,5,visual_up,0,4,4,MISSING_MEASURED_EFFECTS: Sample 2 measured_data_v2.json has no effect items recorded
S2,54,3,critical_coeff_up,0,8,8,MISSING_MEASURED_EFFECTS: Sample 2 measured_data_v2.json has no effect items recorded
S2,54,3,critical_rate_up,0,8,8,MISSING_MEASURED_EFFECTS: Sample 2 measured_data_v2.json has no effect items recorded
S2,54,3,focus,0,6,6,MISSING_MEASURED_EFFECTS: Sample 2 measured_data_v2.json has no effect items recorded
S2,54,3,skill_success_up,0,3,3,MISSING_MEASURED_EFFECTS: Sample 2 measured_data_v2.json has no effect items recorded
S2,54,3,visual_up,0,16,16,MISSING_MEASURED_EFFECTS: Sample 2 measured_data_v2.json has no effect items recorded
S2,54,4,a_skill_score_up,0,4,4,MISSING_MEASURED_EFFECTS: Sample 2 measured_data_v2.json has no effect items recorded
S2,54,4,score_up,0,4,4,MISSING_MEASURED_EFFECTS: Sample 2 measured_data_v2.json has no effect items recorded
S2,54,5,visual_up,0,4,4,MISSING_MEASURED_EFFECTS: Sample 2 measured_data_v2.json has no effect items recorded
S2,55,3,critical_coeff_up,0,8,8,MISSING_MEASURED_EFFECTS: Sample 2 measured_data_v2.json has no effect items recorded
S2,55,3,critical_rate_up,0,8,8,MISSING_MEASURED_EFFECTS: Sample 2 measured_data_v2.json has no effect items recorded
S2,55,3,focus,0,6,6,MISSING_MEASURED_EFFECTS: Sample 2 measured_data_v2.json has no effect items recorded
S2,55,3,skill_success_up,0,3,3,MISSING_MEASURED_EFFECTS: Sample 2 measured_data_v2.json has no effect items recorded
S2,55,3,visual_up,0,16,16,MISSING_MEASURED_EFFECTS: Sample 2 measured_data_v2.json has no effect items recorded
S2,55,4,a_skill_score_up,0,4,4,MISSING_MEASURED_EFFECTS: Sample 2 measured_data_v2.json has no effect items recorded
S2,55,4,score_up,0,4,4,MISSING_MEASURED_EFFECTS: Sample 2 measured_data_v2.json has no effect items recorded
S2,55,5,visual_up,0,4,4,MISSING_MEASURED_EFFECTS: Sample 2 measured_data_v2.json has no effect items recorded
S2,56,1,visual_up,0,5,5,MISSING_MEASURED_EFFECTS: Sample 2 measured_data_v2.json has no effect items recorded
S2,56,3,critical_coeff_up,0,8,8,MISSING_MEASURED_EFFECTS: Sample 2 measured_data_v2.json has no effect items recorded
S2,56,3,critical_rate_up,0,8,8,MISSING_MEASURED_EFFECTS: Sample 2 measured_data_v2.json has no effect items recorded
S2,56,3,focus,0,6,6,MISSING_MEASURED_EFFECTS: Sample 2 measured_data_v2.json has no effect items recorded
S2,56,3,skill_success_up,0,3,3,MISSING_MEASURED_EFFECTS: Sample 2 measured_data_v2.json has no effect items recorded
S2,56,3,visual_up,0,16,16,MISSING_MEASURED_EFFECTS: Sample 2 measured_data_v2.json has no effect items recorded
S2,56,4,a_skill_score_up,0,4,4,MISSING_MEASURED_EFFECTS: Sample 2 measured_data_v2.json has no effect items recorded
S2,56,4,score_up,0,4,4,MISSING_MEASURED_EFFECTS: Sample 2 measured_data_v2.json has no effect items recorded
S2,56,5,visual_up,0,4,4,MISSING_MEASURED_EFFECTS: Sample 2 measured_data_v2.json has no effect items recorded
S2,57,1,visual_up,0,5,5,MISSING_MEASURED_EFFECTS: Sample 2 measured_data_v2.json has no effect items recorded
S2,57,3,critical_coeff_up,0,8,8,MISSING_MEASURED_EFFECTS: Sample 2 measured_data_v2.json has no effect items recorded
S2,57,3,critical_rate_up,0,8,8,MISSING_MEASURED_EFFECTS: Sample 2 measured_data_v2.json has no effect items recorded
S2,57,3,focus,0,6,6,MISSING_MEASURED_EFFECTS: Sample 2 measured_data_v2.json has no effect items recorded
S2,57,3,skill_success_up,0,3,3,MISSING_MEASURED_EFFECTS: Sample 2 measured_data_v2.json has no effect items recorded
S2,57,3,visual_up,0,16,16,MISSING_MEASURED_EFFECTS: Sample 2 measured_data_v2.json has no effect items recorded
S2,57,4,a_skill_score_up,0,4,4,MISSING_MEASURED_EFFECTS: Sample 2 measured_data_v2.json has no effect items recorded
S2,57,4,score_up,0,4,4,MISSING_MEASURED_EFFECTS: Sample 2 measured_data_v2.json has no effect items recorded
S2,57,5,visual_up,0,4,4,MISSING_MEASURED_EFFECTS: Sample 2 measured_data_v2.json has no effect items recorded
S2,58,1,visual_up,0,5,5,MISSING_MEASURED_EFFECTS: Sample 2 measured_data_v2.json has no effect items recorded
S2,58,3,critical_coeff_up,0,8,8,MISSING_MEASURED_EFFECTS: Sample 2 measured_data_v2.json has no effect items recorded
S2,58,3,critical_rate_up,0,8,8,MISSING_MEASURED_EFFECTS: Sample 2 measured_data_v2.json has no effect items recorded
S2,58,3,focus,0,6,6,MISSING_MEASURED_EFFECTS: Sample 2 measured_data_v2.json has no effect items recorded
S2,58,3,skill_success_up,0,3,3,MISSING_MEASURED_EFFECTS: Sample 2 measured_data_v2.json has no effect items recorded
S2,58,3,visual_up,0,16,16,MISSING_MEASURED_EFFECTS: Sample 2 measured_data_v2.json has no effect items recorded
S2,58,4,a_skill_score_up,0,4,4,MISSING_MEASURED_EFFECTS: Sample 2 measured_data_v2.json has no effect items recorded
S2,58,4,score_up,0,4,4,MISSING_MEASURED_EFFECTS: Sample 2 measured_data_v2.json has no effect items recorded
S2,58,5,visual_up,0,4,4,MISSING_MEASURED_EFFECTS: Sample 2 measured_data_v2.json has no effect items recorded
S2,59,1,visual_up,0,5,5,MISSING_MEASURED_EFFECTS: Sample 2 measured_data_v2.json has no effect items recorded
S2,59,3,critical_coeff_up,0,8,8,MISSING_MEASURED_EFFECTS: Sample 2 measured_data_v2.json has no effect items recorded
S2,59,3,critical_rate_up,0,8,8,MISSING_MEASURED_EFFECTS: Sample 2 measured_data_v2.json has no effect items recorded
S2,59,3,focus,0,6,6,MISSING_MEASURED_EFFECTS: Sample 2 measured_data_v2.json has no effect items recorded
S2,59,3,skill_success_up,0,3,3,MISSING_MEASURED_EFFECTS: Sample 2 measured_data_v2.json has no effect items recorded
S2,59,3,visual_up,0,16,16,MISSING_MEASURED_EFFECTS: Sample 2 measured_data_v2.json has no effect items recorded
S2,59,4,a_skill_score_up,0,4,4,MISSING_MEASURED_EFFECTS: Sample 2 measured_data_v2.json has no effect items recorded
S2,59,4,score_up,0,4,4,MISSING_MEASURED_EFFECTS: Sample 2 measured_data_v2.json has no effect items recorded
S2,59,5,visual_up,0,4,4,MISSING_MEASURED_EFFECTS: Sample 2 measured_data_v2.json has no effect items recorded
S2,60,1,visual_up,0,5,5,MISSING_MEASURED_EFFECTS: Sample 2 measured_data_v2.json has no effect items recorded
S2,60,3,critical_coeff_up,0,8,8,MISSING_MEASURED_EFFECTS: Sample 2 measured_data_v2.json has no effect items recorded
S2,60,3,critical_rate_up,0,8,8,MISSING_MEASURED_EFFECTS: Sample 2 measured_data_v2.json has no effect items recorded
S2,60,3,focus,0,6,6,MISSING_MEASURED_EFFECTS: Sample 2 measured_data_v2.json has no effect items recorded
S2,60,3,skill_success_up,0,3,3,MISSING_MEASURED_EFFECTS: Sample 2 measured_data_v2.json has no effect items recorded
S2,60,3,visual_up,0,16,16,MISSING_MEASURED_EFFECTS: Sample 2 measured_data_v2.json has no effect items recorded
S2,60,4,a_skill_score_up,0,4,4,MISSING_MEASURED_EFFECTS: Sample 2 measured_data_v2.json has no effect items recorded
S2,60,4,score_up,0,4,4,MISSING_MEASURED_EFFECTS: Sample 2 measured_data_v2.json has no effect items recorded
S2,60,5,visual_up,0,4,4,MISSING_MEASURED_EFFECTS: Sample 2 measured_data_v2.json has no effect items recorded
S2,61,1,visual_up,0,5,5,MISSING_MEASURED_EFFECTS: Sample 2 measured_data_v2.json has no effect items recorded
S2,61,3,critical_coeff_up,0,8,8,MISSING_MEASURED_EFFECTS: Sample 2 measured_data_v2.json has no effect items recorded
S2,61,3,critical_rate_up,0,8,8,MISSING_MEASURED_EFFECTS: Sample 2 measured_data_v2.json has no effect items recorded
S2,61,3,focus,0,6,6,MISSING_MEASURED_EFFECTS: Sample 2 measured_data_v2.json has no effect items recorded
S2,61,3,skill_success_up,0,3,3,MISSING_MEASURED_EFFECTS: Sample 2 measured_data_v2.json has no effect items recorded
S2,61,3,visual_up,0,16,16,MISSING_MEASURED_EFFECTS: Sample 2 measured_data_v2.json has no effect items recorded
S2,61,4,a_skill_score_up,0,4,4,MISSING_MEASURED_EFFECTS: Sample 2 measured_data_v2.json has no effect items recorded
S2,61,4,score_up,0,4,4,MISSING_MEASURED_EFFECTS: Sample 2 measured_data_v2.json has no effect items recorded
S2,61,5,visual_up,0,4,4,MISSING_MEASURED_EFFECTS: Sample 2 measured_data_v2.json has no effect items recorded
S2,62,1,visual_up,0,5,5,MISSING_MEASURED_EFFECTS: Sample 2 measured_data_v2.json has no effect items recorded
S2,62,3,critical_coeff_up,0,8,8,MISSING_MEASURED_EFFECTS: Sample 2 measured_data_v2.json has no effect items recorded
S2,62,3,critical_rate_up,0,8,8,MISSING_MEASURED_EFFECTS: Sample 2 measured_data_v2.json has no effect items recorded
S2,62,3,focus,0,6,6,MISSING_MEASURED_EFFECTS: Sample 2 measured_data_v2.json has no effect items recorded
S2,62,3,skill_success_up,0,3,3,MISSING_MEASURED_EFFECTS: Sample 2 measured_data_v2.json has no effect items recorded
S2,62,3,visual_up,0,16,16,MISSING_MEASURED_EFFECTS: Sample 2 measured_data_v2.json has no effect items recorded
S2,62,4,a_skill_score_up,0,4,4,MISSING_MEASURED_EFFECTS: Sample 2 measured_data_v2.json has no effect items recorded
S2,62,4,score_up,0,4,4,MISSING_MEASURED_EFFECTS: Sample 2 measured_data_v2.json has no effect items recorded
S2,62,5,visual_up,0,4,4,MISSING_MEASURED_EFFECTS: Sample 2 measured_data_v2.json has no effect items recorded
S2,63,1,visual_up,0,5,5,MISSING_MEASURED_EFFECTS: Sample 2 measured_data_v2.json has no effect items recorded
S2,63,3,critical_coeff_up,0,8,8,MISSING_MEASURED_EFFECTS: Sample 2 measured_data_v2.json has no effect items recorded
S2,63,3,critical_rate_up,0,8,8,MISSING_MEASURED_EFFECTS: Sample 2 measured_data_v2.json has no effect items recorded
S2,63,3,focus,0,6,6,MISSING_MEASURED_EFFECTS: Sample 2 measured_data_v2.json has no effect items recorded
S2,63,3,skill_success_up,0,3,3,MISSING_MEASURED_EFFECTS: Sample 2 measured_data_v2.json has no effect items recorded
S2,63,3,visual_up,0,16,16,MISSING_MEASURED_EFFECTS: Sample 2 measured_data_v2.json has no effect items recorded
S2,63,4,a_skill_score_up,0,4,4,MISSING_MEASURED_EFFECTS: Sample 2 measured_data_v2.json has no effect items recorded
S2,63,4,score_up,0,4,4,MISSING_MEASURED_EFFECTS: Sample 2 measured_data_v2.json has no effect items recorded
S2,63,5,visual_up,0,4,4,MISSING_MEASURED_EFFECTS: Sample 2 measured_data_v2.json has no effect items recorded
S2,64,1,visual_up,0,5,5,MISSING_MEASURED_EFFECTS: Sample 2 measured_data_v2.json has no effect items recorded
S2,64,3,critical_coeff_up,0,8,8,MISSING_MEASURED_EFFECTS: Sample 2 measured_data_v2.json has no effect items recorded
S2,64,3,critical_rate_up,0,8,8,MISSING_MEASURED_EFFECTS: Sample 2 measured_data_v2.json has no effect items recorded
S2,64,3,focus,0,6,6,MISSING_MEASURED_EFFECTS: Sample 2 measured_data_v2.json has no effect items recorded
S2,64,3,skill_success_up,0,3,3,MISSING_MEASURED_EFFECTS: Sample 2 measured_data_v2.json has no effect items recorded
S2,64,3,visual_up,0,16,16,MISSING_MEASURED_EFFECTS: Sample 2 measured_data_v2.json has no effect items recorded
S2,64,4,a_skill_score_up,0,4,4,MISSING_MEASURED_EFFECTS: Sample 2 measured_data_v2.json has no effect items recorded
S2,64,4,score_up,0,4,4,MISSING_MEASURED_EFFECTS: Sample 2 measured_data_v2.json has no effect items recorded
S2,64,5,visual_up,0,4,4,MISSING_MEASURED_EFFECTS: Sample 2 measured_data_v2.json has no effect items recorded
S2,65,1,visual_up,0,5,5,MISSING_MEASURED_EFFECTS: Sample 2 measured_data_v2.json has no effect items recorded
S2,65,3,critical_coeff_up,0,8,8,MISSING_MEASURED_EFFECTS: Sample 2 measured_data_v2.json has no effect items recorded
S2,65,3,critical_rate_up,0,8,8,MISSING_MEASURED_EFFECTS: Sample 2 measured_data_v2.json has no effect items recorded
S2,65,3,focus,0,6,6,MISSING_MEASURED_EFFECTS: Sample 2 measured_data_v2.json has no effect items recorded
S2,65,3,skill_success_up,0,3,3,MISSING_MEASURED_EFFECTS: Sample 2 measured_data_v2.json has no effect items recorded
S2,65,3,visual_up,0,16,16,MISSING_MEASURED_EFFECTS: Sample 2 measured_data_v2.json has no effect items recorded
S2,65,4,a_skill_score_up,0,4,4,MISSING_MEASURED_EFFECTS: Sample 2 measured_data_v2.json has no effect items recorded
S2,65,4,score_up,0,4,4,MISSING_MEASURED_EFFECTS: Sample 2 measured_data_v2.json has no effect items recorded
S2,65,5,visual_up,0,4,4,MISSING_MEASURED_EFFECTS: Sample 2 measured_data_v2.json has no effect items recorded
S2,66,1,visual_up,0,5,5,MISSING_MEASURED_EFFECTS: Sample 2 measured_data_v2.json has no effect items recorded
S2,66,3,critical_coeff_up,0,8,8,MISSING_MEASURED_EFFECTS: Sample 2 measured_data_v2.json has no effect items recorded
S2,66,3,critical_rate_up,0,8,8,MISSING_MEASURED_EFFECTS: Sample 2 measured_data_v2.json has no effect items recorded
S2,66,3,focus,0,6,6,MISSING_MEASURED_EFFECTS: Sample 2 measured_data_v2.json has no effect items recorded
S2,66,3,skill_success_up,0,3,3,MISSING_MEASURED_EFFECTS: Sample 2 measured_data_v2.json has no effect items recorded
S2,66,3,visual_up,0,16,16,MISSING_MEASURED_EFFECTS: Sample 2 measured_data_v2.json has no effect items recorded
S2,66,4,a_skill_score_up,0,4,4,MISSING_MEASURED_EFFECTS: Sample 2 measured_data_v2.json has no effect items recorded
S2,66,4,score_up,0,4,4,MISSING_MEASURED_EFFECTS: Sample 2 measured_data_v2.json has no effect items recorded
S2,66,5,visual_up,0,4,4,MISSING_MEASURED_EFFECTS: Sample 2 measured_data_v2.json has no effect items recorded
S2,67,1,visual_up,0,5,5,MISSING_MEASURED_EFFECTS: Sample 2 measured_data_v2.json has no effect items recorded
S2,67,3,critical_coeff_up,0,8,8,MISSING_MEASURED_EFFECTS: Sample 2 measured_data_v2.json has no effect items recorded
S2,67,3,critical_rate_up,0,8,8,MISSING_MEASURED_EFFECTS: Sample 2 measured_data_v2.json has no effect items recorded
S2,67,3,focus,0,6,6,MISSING_MEASURED_EFFECTS: Sample 2 measured_data_v2.json has no effect items recorded
S2,67,3,skill_success_up,0,3,3,MISSING_MEASURED_EFFECTS: Sample 2 measured_data_v2.json has no effect items recorded
S2,67,3,visual_up,0,16,16,MISSING_MEASURED_EFFECTS: Sample 2 measured_data_v2.json has no effect items recorded
S2,67,4,a_skill_score_up,0,4,4,MISSING_MEASURED_EFFECTS: Sample 2 measured_data_v2.json has no effect items recorded
S2,67,4,score_up,0,4,4,MISSING_MEASURED_EFFECTS: Sample 2 measured_data_v2.json has no effect items recorded
S2,67,5,visual_up,0,4,4,MISSING_MEASURED_EFFECTS: Sample 2 measured_data_v2.json has no effect items recorded
S2,68,1,visual_up,0,5,5,MISSING_MEASURED_EFFECTS: Sample 2 measured_data_v2.json has no effect items recorded
S2,68,3,critical_coeff_up,0,8,8,MISSING_MEASURED_EFFECTS: Sample 2 measured_data_v2.json has no effect items recorded
S2,68,3,critical_rate_up,0,8,8,MISSING_MEASURED_EFFECTS: Sample 2 measured_data_v2.json has no effect items recorded
S2,68,3,focus,0,6,6,MISSING_MEASURED_EFFECTS: Sample 2 measured_data_v2.json has no effect items recorded
S2,68,3,skill_success_up,0,3,3,MISSING_MEASURED_EFFECTS: Sample 2 measured_data_v2.json has no effect items recorded
S2,68,3,visual_up,0,16,16,MISSING_MEASURED_EFFECTS: Sample 2 measured_data_v2.json has no effect items recorded
S2,68,4,a_skill_score_up,0,4,4,MISSING_MEASURED_EFFECTS: Sample 2 measured_data_v2.json has no effect items recorded
S2,68,4,score_up,0,4,4,MISSING_MEASURED_EFFECTS: Sample 2 measured_data_v2.json has no effect items recorded
S2,68,5,visual_up,0,4,4,MISSING_MEASURED_EFFECTS: Sample 2 measured_data_v2.json has no effect items recorded
S2,69,1,visual_up,0,5,5,MISSING_MEASURED_EFFECTS: Sample 2 measured_data_v2.json has no effect items recorded
S2,69,3,critical_coeff_up,0,8,8,MISSING_MEASURED_EFFECTS: Sample 2 measured_data_v2.json has no effect items recorded
S2,69,3,critical_rate_up,0,8,8,MISSING_MEASURED_EFFECTS: Sample 2 measured_data_v2.json has no effect items recorded
S2,69,3,focus,0,6,6,MISSING_MEASURED_EFFECTS: Sample 2 measured_data_v2.json has no effect items recorded
S2,69,3,skill_success_up,0,3,3,MISSING_MEASURED_EFFECTS: Sample 2 measured_data_v2.json has no effect items recorded
S2,69,3,visual_up,0,16,16,MISSING_MEASURED_EFFECTS: Sample 2 measured_data_v2.json has no effect items recorded
S2,69,4,a_skill_score_up,0,4,4,MISSING_MEASURED_EFFECTS: Sample 2 measured_data_v2.json has no effect items recorded
S2,69,4,score_up,0,4,4,MISSING_MEASURED_EFFECTS: Sample 2 measured_data_v2.json has no effect items recorded
S2,69,5,visual_up,0,4,4,MISSING_MEASURED_EFFECTS: Sample 2 measured_data_v2.json has no effect items recorded
S2,70,1,visual_up,0,5,5,MISSING_MEASURED_EFFECTS: Sample 2 measured_data_v2.json has no effect items recorded
S2,70,3,critical_coeff_up,0,8,8,MISSING_MEASURED_EFFECTS: Sample 2 measured_data_v2.json has no effect items recorded
S2,70,3,critical_rate_up,0,8,8,MISSING_MEASURED_EFFECTS: Sample 2 measured_data_v2.json has no effect items recorded
S2,70,3,focus,0,6,6,MISSING_MEASURED_EFFECTS: Sample 2 measured_data_v2.json has no effect items recorded
S2,70,3,skill_success_up,0,3,3,MISSING_MEASURED_EFFECTS: Sample 2 measured_data_v2.json has no effect items recorded
S2,70,3,visual_up,0,16,16,MISSING_MEASURED_EFFECTS: Sample 2 measured_data_v2.json has no effect items recorded
S2,70,4,a_skill_score_up,0,4,4,MISSING_MEASURED_EFFECTS: Sample 2 measured_data_v2.json has no effect items recorded
S2,70,4,score_up,0,4,4,MISSING_MEASURED_EFFECTS: Sample 2 measured_data_v2.json has no effect items recorded
S2,70,5,visual_up,0,4,4,MISSING_MEASURED_EFFECTS: Sample 2 measured_data_v2.json has no effect items recorded
S2,71,1,visual_up,0,5,5,MISSING_MEASURED_EFFECTS: Sample 2 measured_data_v2.json has no effect items recorded
S2,71,3,critical_coeff_up,0,8,8,MISSING_MEASURED_EFFECTS: Sample 2 measured_data_v2.json has no effect items recorded
S2,71,3,critical_rate_up,0,8,8,MISSING_MEASURED_EFFECTS: Sample 2 measured_data_v2.json has no effect items recorded
S2,71,3,focus,0,6,6,MISSING_MEASURED_EFFECTS: Sample 2 measured_data_v2.json has no effect items recorded
S2,71,3,skill_success_up,0,3,3,MISSING_MEASURED_EFFECTS: Sample 2 measured_data_v2.json has no effect items recorded
S2,71,3,visual_up,0,16,16,MISSING_MEASURED_EFFECTS: Sample 2 measured_data_v2.json has no effect items recorded
S2,71,4,a_skill_score_up,0,4,4,MISSING_MEASURED_EFFECTS: Sample 2 measured_data_v2.json has no effect items recorded
S2,71,4,score_up,0,4,4,MISSING_MEASURED_EFFECTS: Sample 2 measured_data_v2.json has no effect items recorded
S2,71,5,visual_up,0,4,4,MISSING_MEASURED_EFFECTS: Sample 2 measured_data_v2.json has no effect items recorded
S2,72,1,visual_up,0,5,5,MISSING_MEASURED_EFFECTS: Sample 2 measured_data_v2.json has no effect items recorded
S2,72,3,critical_coeff_up,0,8,8,MISSING_MEASURED_EFFECTS: Sample 2 measured_data_v2.json has no effect items recorded
S2,72,3,critical_rate_up,0,8,8,MISSING_MEASURED_EFFECTS: Sample 2 measured_data_v2.json has no effect items recorded
S2,72,3,focus,0,6,6,MISSING_MEASURED_EFFECTS: Sample 2 measured_data_v2.json has no effect items recorded
S2,72,3,skill_success_up,0,3,3,MISSING_MEASURED_EFFECTS: Sample 2 measured_data_v2.json has no effect items recorded
S2,72,3,visual_up,0,20,20,MISSING_MEASURED_EFFECTS: Sample 2 measured_data_v2.json has no effect items recorded
S2,72,4,a_skill_score_up,0,4,4,MISSING_MEASURED_EFFECTS: Sample 2 measured_data_v2.json has no effect items recorded
S2,72,4,score_up,0,4,4,MISSING_MEASURED_EFFECTS: Sample 2 measured_data_v2.json has no effect items recorded
S2,72,5,visual_up,0,4,4,MISSING_MEASURED_EFFECTS: Sample 2 measured_data_v2.json has no effect items recorded
S2,73,1,visual_up,0,5,5,MISSING_MEASURED_EFFECTS: Sample 2 measured_data_v2.json has no effect items recorded
S2,73,3,critical_coeff_up,0,8,8,MISSING_MEASURED_EFFECTS: Sample 2 measured_data_v2.json has no effect items recorded
S2,73,3,critical_rate_up,0,8,8,MISSING_MEASURED_EFFECTS: Sample 2 measured_data_v2.json has no effect items recorded
S2,73,3,focus,0,6,6,MISSING_MEASURED_EFFECTS: Sample 2 measured_data_v2.json has no effect items recorded
S2,73,3,skill_success_up,0,3,3,MISSING_MEASURED_EFFECTS: Sample 2 measured_data_v2.json has no effect items recorded
S2,73,3,visual_up,0,20,20,MISSING_MEASURED_EFFECTS: Sample 2 measured_data_v2.json has no effect items recorded
S2,73,4,a_skill_score_up,0,4,4,MISSING_MEASURED_EFFECTS: Sample 2 measured_data_v2.json has no effect items recorded
S2,73,4,score_up,0,4,4,MISSING_MEASURED_EFFECTS: Sample 2 measured_data_v2.json has no effect items recorded
S2,73,5,visual_up,0,4,4,MISSING_MEASURED_EFFECTS: Sample 2 measured_data_v2.json has no effect items recorded
S2,74,1,visual_up,0,5,5,MISSING_MEASURED_EFFECTS: Sample 2 measured_data_v2.json has no effect items recorded
S2,74,3,critical_coeff_up,0,8,8,MISSING_MEASURED_EFFECTS: Sample 2 measured_data_v2.json has no effect items recorded
S2,74,3,critical_rate_up,0,8,8,MISSING_MEASURED_EFFECTS: Sample 2 measured_data_v2.json has no effect items recorded
S2,74,3,focus,0,6,6,MISSING_MEASURED_EFFECTS: Sample 2 measured_data_v2.json has no effect items recorded
S2,74,3,skill_success_up,0,3,3,MISSING_MEASURED_EFFECTS: Sample 2 measured_data_v2.json has no effect items recorded
S2,74,3,visual_up,0,20,20,MISSING_MEASURED_EFFECTS: Sample 2 measured_data_v2.json has no effect items recorded
S2,74,4,a_skill_score_up,0,4,4,MISSING_MEASURED_EFFECTS: Sample 2 measured_data_v2.json has no effect items recorded
S2,74,4,score_up,0,4,4,MISSING_MEASURED_EFFECTS: Sample 2 measured_data_v2.json has no effect items recorded
S2,74,5,visual_up,0,4,4,MISSING_MEASURED_EFFECTS: Sample 2 measured_data_v2.json has no effect items recorded
S2,75,1,visual_up,0,5,5,MISSING_MEASURED_EFFECTS: Sample 2 measured_data_v2.json has no effect items recorded
S2,75,3,critical_coeff_up,0,8,8,MISSING_MEASURED_EFFECTS: Sample 2 measured_data_v2.json has no effect items recorded
S2,75,3,critical_rate_up,0,8,8,MISSING_MEASURED_EFFECTS: Sample 2 measured_data_v2.json has no effect items recorded
S2,75,3,focus,0,6,6,MISSING_MEASURED_EFFECTS: Sample 2 measured_data_v2.json has no effect items recorded
S2,75,3,skill_success_up,0,3,3,MISSING_MEASURED_EFFECTS: Sample 2 measured_data_v2.json has no effect items recorded
S2,75,3,visual_up,0,20,20,MISSING_MEASURED_EFFECTS: Sample 2 measured_data_v2.json has no effect items recorded
S2,75,4,a_skill_score_up,0,4,4,MISSING_MEASURED_EFFECTS: Sample 2 measured_data_v2.json has no effect items recorded
S2,75,4,score_up,0,4,4,MISSING_MEASURED_EFFECTS: Sample 2 measured_data_v2.json has no effect items recorded
S2,75,5,visual_up,0,4,4,MISSING_MEASURED_EFFECTS: Sample 2 measured_data_v2.json has no effect items recorded
S2,76,1,visual_up,0,5,5,MISSING_MEASURED_EFFECTS: Sample 2 measured_data_v2.json has no effect items recorded
S2,76,3,critical_coeff_up,0,8,8,MISSING_MEASURED_EFFECTS: Sample 2 measured_data_v2.json has no effect items recorded
S2,76,3,critical_rate_up,0,8,8,MISSING_MEASURED_EFFECTS: Sample 2 measured_data_v2.json has no effect items recorded
S2,76,3,focus,0,6,6,MISSING_MEASURED_EFFECTS: Sample 2 measured_data_v2.json has no effect items recorded
S2,76,3,skill_success_up,0,3,3,MISSING_MEASURED_EFFECTS: Sample 2 measured_data_v2.json has no effect items recorded
S2,76,3,visual_up,0,20,20,MISSING_MEASURED_EFFECTS: Sample 2 measured_data_v2.json has no effect items recorded
S2,76,4,a_skill_score_up,0,4,4,MISSING_MEASURED_EFFECTS: Sample 2 measured_data_v2.json has no effect items recorded
S2,76,4,score_up,0,4,4,MISSING_MEASURED_EFFECTS: Sample 2 measured_data_v2.json has no effect items recorded
S2,76,5,visual_up,0,4,4,MISSING_MEASURED_EFFECTS: Sample 2 measured_data_v2.json has no effect items recorded
S2,77,1,visual_up,0,5,5,MISSING_MEASURED_EFFECTS: Sample 2 measured_data_v2.json has no effect items recorded
S2,77,3,critical_coeff_up,0,8,8,MISSING_MEASURED_EFFECTS: Sample 2 measured_data_v2.json has no effect items recorded
S2,77,3,critical_rate_up,0,8,8,MISSING_MEASURED_EFFECTS: Sample 2 measured_data_v2.json has no effect items recorded
S2,77,3,focus,0,6,6,MISSING_MEASURED_EFFECTS: Sample 2 measured_data_v2.json has no effect items recorded
S2,77,3,skill_success_up,0,3,3,MISSING_MEASURED_EFFECTS: Sample 2 measured_data_v2.json has no effect items recorded
S2,77,3,visual_up,0,20,20,MISSING_MEASURED_EFFECTS: Sample 2 measured_data_v2.json has no effect items recorded
S2,77,4,a_skill_score_up,0,4,4,MISSING_MEASURED_EFFECTS: Sample 2 measured_data_v2.json has no effect items recorded
S2,77,4,score_up,0,4,4,MISSING_MEASURED_EFFECTS: Sample 2 measured_data_v2.json has no effect items recorded
S2,77,5,visual_up,0,4,4,MISSING_MEASURED_EFFECTS: Sample 2 measured_data_v2.json has no effect items recorded
S2,78,1,visual_up,0,5,5,MISSING_MEASURED_EFFECTS: Sample 2 measured_data_v2.json has no effect items recorded
S2,78,3,critical_coeff_up,0,8,8,MISSING_MEASURED_EFFECTS: Sample 2 measured_data_v2.json has no effect items recorded
S2,78,3,critical_rate_up,0,8,8,MISSING_MEASURED_EFFECTS: Sample 2 measured_data_v2.json has no effect items recorded
S2,78,3,focus,0,6,6,MISSING_MEASURED_EFFECTS: Sample 2 measured_data_v2.json has no effect items recorded
S2,78,3,skill_success_up,0,3,3,MISSING_MEASURED_EFFECTS: Sample 2 measured_data_v2.json has no effect items recorded
S2,78,3,visual_up,0,16,16,MISSING_MEASURED_EFFECTS: Sample 2 measured_data_v2.json has no effect items recorded
S2,78,4,a_skill_score_up,0,4,4,MISSING_MEASURED_EFFECTS: Sample 2 measured_data_v2.json has no effect items recorded
S2,78,4,score_up,0,4,4,MISSING_MEASURED_EFFECTS: Sample 2 measured_data_v2.json has no effect items recorded
S2,78,5,visual_up,0,4,4,MISSING_MEASURED_EFFECTS: Sample 2 measured_data_v2.json has no effect items recorded
S2,79,1,visual_up,0,5,5,MISSING_MEASURED_EFFECTS: Sample 2 measured_data_v2.json has no effect items recorded
S2,79,3,critical_coeff_up,0,8,8,MISSING_MEASURED_EFFECTS: Sample 2 measured_data_v2.json has no effect items recorded
S2,79,3,critical_rate_up,0,8,8,MISSING_MEASURED_EFFECTS: Sample 2 measured_data_v2.json has no effect items recorded
S2,79,3,focus,0,6,6,MISSING_MEASURED_EFFECTS: Sample 2 measured_data_v2.json has no effect items recorded
S2,79,3,skill_success_up,0,3,3,MISSING_MEASURED_EFFECTS: Sample 2 measured_data_v2.json has no effect items recorded
S2,79,3,visual_up,0,16,16,MISSING_MEASURED_EFFECTS: Sample 2 measured_data_v2.json has no effect items recorded
S2,79,4,a_skill_score_up,0,4,4,MISSING_MEASURED_EFFECTS: Sample 2 measured_data_v2.json has no effect items recorded
S2,79,4,score_up,0,4,4,MISSING_MEASURED_EFFECTS: Sample 2 measured_data_v2.json has no effect items recorded
S2,79,5,visual_up,0,4,4,MISSING_MEASURED_EFFECTS: Sample 2 measured_data_v2.json has no effect items recorded
S2,80,1,visual_up,0,5,5,MISSING_MEASURED_EFFECTS: Sample 2 measured_data_v2.json has no effect items recorded
S2,80,3,critical_coeff_up,0,8,8,MISSING_MEASURED_EFFECTS: Sample 2 measured_data_v2.json has no effect items recorded
S2,80,3,critical_rate_up,0,8,8,MISSING_MEASURED_EFFECTS: Sample 2 measured_data_v2.json has no effect items recorded
S2,80,3,focus,0,6,6,MISSING_MEASURED_EFFECTS: Sample 2 measured_data_v2.json has no effect items recorded
S2,80,3,skill_success_up,0,3,3,MISSING_MEASURED_EFFECTS: Sample 2 measured_data_v2.json has no effect items recorded
S2,80,3,visual_up,0,16,16,MISSING_MEASURED_EFFECTS: Sample 2 measured_data_v2.json has no effect items recorded
S2,80,4,a_skill_score_up,0,4,4,MISSING_MEASURED_EFFECTS: Sample 2 measured_data_v2.json has no effect items recorded
S2,80,4,score_up,0,4,4,MISSING_MEASURED_EFFECTS: Sample 2 measured_data_v2.json has no effect items recorded
S2,80,5,visual_up,0,4,4,MISSING_MEASURED_EFFECTS: Sample 2 measured_data_v2.json has no effect items recorded
S2,81,1,visual_up,0,5,5,MISSING_MEASURED_EFFECTS: Sample 2 measured_data_v2.json has no effect items recorded
S2,81,3,critical_coeff_up,0,8,8,MISSING_MEASURED_EFFECTS: Sample 2 measured_data_v2.json has no effect items recorded
S2,81,3,critical_rate_up,0,15,15,MISSING_MEASURED_EFFECTS: Sample 2 measured_data_v2.json has no effect items recorded
S2,81,3,focus,0,6,6,MISSING_MEASURED_EFFECTS: Sample 2 measured_data_v2.json has no effect items recorded
S2,81,3,skill_success_up,0,3,3,MISSING_MEASURED_EFFECTS: Sample 2 measured_data_v2.json has no effect items recorded
S2,81,3,visual_up,0,16,16,MISSING_MEASURED_EFFECTS: Sample 2 measured_data_v2.json has no effect items recorded
S2,81,4,a_skill_score_up,0,4,4,MISSING_MEASURED_EFFECTS: Sample 2 measured_data_v2.json has no effect items recorded
S2,81,4,score_up,0,4,4,MISSING_MEASURED_EFFECTS: Sample 2 measured_data_v2.json has no effect items recorded
S2,81,5,visual_up,0,4,4,MISSING_MEASURED_EFFECTS: Sample 2 measured_data_v2.json has no effect items recorded
S2,82,1,visual_up,0,5,5,MISSING_MEASURED_EFFECTS: Sample 2 measured_data_v2.json has no effect items recorded
S2,82,3,critical_coeff_up,0,8,8,MISSING_MEASURED_EFFECTS: Sample 2 measured_data_v2.json has no effect items recorded
S2,82,3,critical_rate_up,0,15,15,MISSING_MEASURED_EFFECTS: Sample 2 measured_data_v2.json has no effect items recorded
S2,82,3,focus,0,6,6,MISSING_MEASURED_EFFECTS: Sample 2 measured_data_v2.json has no effect items recorded
S2,82,3,skill_success_up,0,3,3,MISSING_MEASURED_EFFECTS: Sample 2 measured_data_v2.json has no effect items recorded
S2,82,3,visual_up,0,16,16,MISSING_MEASURED_EFFECTS: Sample 2 measured_data_v2.json has no effect items recorded
S2,82,4,a_skill_score_up,0,4,4,MISSING_MEASURED_EFFECTS: Sample 2 measured_data_v2.json has no effect items recorded
S2,82,4,score_up,0,4,4,MISSING_MEASURED_EFFECTS: Sample 2 measured_data_v2.json has no effect items recorded
S2,82,5,visual_up,0,4,4,MISSING_MEASURED_EFFECTS: Sample 2 measured_data_v2.json has no effect items recorded
S2,83,1,visual_up,0,5,5,MISSING_MEASURED_EFFECTS: Sample 2 measured_data_v2.json has no effect items recorded
S2,83,3,critical_coeff_up,0,8,8,MISSING_MEASURED_EFFECTS: Sample 2 measured_data_v2.json has no effect items recorded
S2,83,3,critical_rate_up,0,15,15,MISSING_MEASURED_EFFECTS: Sample 2 measured_data_v2.json has no effect items recorded
S2,83,3,focus,0,6,6,MISSING_MEASURED_EFFECTS: Sample 2 measured_data_v2.json has no effect items recorded
S2,83,3,skill_success_up,0,3,3,MISSING_MEASURED_EFFECTS: Sample 2 measured_data_v2.json has no effect items recorded
S2,83,3,visual_up,0,16,16,MISSING_MEASURED_EFFECTS: Sample 2 measured_data_v2.json has no effect items recorded
S2,83,4,a_skill_score_up,0,4,4,MISSING_MEASURED_EFFECTS: Sample 2 measured_data_v2.json has no effect items recorded
S2,83,4,score_up,0,4,4,MISSING_MEASURED_EFFECTS: Sample 2 measured_data_v2.json has no effect items recorded
S2,83,5,visual_up,0,4,4,MISSING_MEASURED_EFFECTS: Sample 2 measured_data_v2.json has no effect items recorded
S2,84,1,visual_up,0,5,5,MISSING_MEASURED_EFFECTS: Sample 2 measured_data_v2.json has no effect items recorded
S2,84,3,critical_coeff_up,0,8,8,MISSING_MEASURED_EFFECTS: Sample 2 measured_data_v2.json has no effect items recorded
S2,84,3,critical_rate_up,0,15,15,MISSING_MEASURED_EFFECTS: Sample 2 measured_data_v2.json has no effect items recorded
S2,84,3,focus,0,6,6,MISSING_MEASURED_EFFECTS: Sample 2 measured_data_v2.json has no effect items recorded
S2,84,3,skill_success_up,0,3,3,MISSING_MEASURED_EFFECTS: Sample 2 measured_data_v2.json has no effect items recorded
S2,84,3,visual_up,0,11,11,MISSING_MEASURED_EFFECTS: Sample 2 measured_data_v2.json has no effect items recorded
S2,84,4,a_skill_score_up,0,4,4,MISSING_MEASURED_EFFECTS: Sample 2 measured_data_v2.json has no effect items recorded
S2,84,4,score_up,0,4,4,MISSING_MEASURED_EFFECTS: Sample 2 measured_data_v2.json has no effect items recorded
S2,84,5,visual_up,0,4,4,MISSING_MEASURED_EFFECTS: Sample 2 measured_data_v2.json has no effect items recorded
S2,85,1,visual_up,0,5,5,MISSING_MEASURED_EFFECTS: Sample 2 measured_data_v2.json has no effect items recorded
S2,85,3,critical_coeff_up,0,8,8,MISSING_MEASURED_EFFECTS: Sample 2 measured_data_v2.json has no effect items recorded
S2,85,3,critical_rate_up,0,15,15,MISSING_MEASURED_EFFECTS: Sample 2 measured_data_v2.json has no effect items recorded
S2,85,3,skill_success_up,0,3,3,MISSING_MEASURED_EFFECTS: Sample 2 measured_data_v2.json has no effect items recorded
S2,85,3,visual_up,0,11,11,MISSING_MEASURED_EFFECTS: Sample 2 measured_data_v2.json has no effect items recorded
S2,85,4,a_skill_score_up,0,4,4,MISSING_MEASURED_EFFECTS: Sample 2 measured_data_v2.json has no effect items recorded
S2,85,4,score_up,0,4,4,MISSING_MEASURED_EFFECTS: Sample 2 measured_data_v2.json has no effect items recorded
S2,85,5,visual_up,0,4,4,MISSING_MEASURED_EFFECTS: Sample 2 measured_data_v2.json has no effect items recorded
S2,86,1,visual_up,0,5,5,MISSING_MEASURED_EFFECTS: Sample 2 measured_data_v2.json has no effect items recorded
S2,86,3,critical_coeff_up,0,8,8,MISSING_MEASURED_EFFECTS: Sample 2 measured_data_v2.json has no effect items recorded
S2,86,3,critical_rate_up,0,15,15,MISSING_MEASURED_EFFECTS: Sample 2 measured_data_v2.json has no effect items recorded
S2,86,3,skill_success_up,0,3,3,MISSING_MEASURED_EFFECTS: Sample 2 measured_data_v2.json has no effect items recorded
S2,86,3,visual_up,0,8,8,MISSING_MEASURED_EFFECTS: Sample 2 measured_data_v2.json has no effect items recorded
S2,86,4,a_skill_score_up,0,4,4,MISSING_MEASURED_EFFECTS: Sample 2 measured_data_v2.json has no effect items recorded
S2,86,4,score_up,0,4,4,MISSING_MEASURED_EFFECTS: Sample 2 measured_data_v2.json has no effect items recorded
S2,87,1,visual_up,0,5,5,MISSING_MEASURED_EFFECTS: Sample 2 measured_data_v2.json has no effect items recorded
S2,87,3,critical_coeff_up,0,8,8,MISSING_MEASURED_EFFECTS: Sample 2 measured_data_v2.json has no effect items recorded
S2,87,3,critical_rate_up,0,15,15,MISSING_MEASURED_EFFECTS: Sample 2 measured_data_v2.json has no effect items recorded
S2,87,3,skill_success_up,0,3,3,MISSING_MEASURED_EFFECTS: Sample 2 measured_data_v2.json has no effect items recorded
S2,87,3,visual_up,0,8,8,MISSING_MEASURED_EFFECTS: Sample 2 measured_data_v2.json has no effect items recorded
S2,88,1,visual_up,0,5,5,MISSING_MEASURED_EFFECTS: Sample 2 measured_data_v2.json has no effect items recorded
S2,88,3,critical_coeff_up,0,8,8,MISSING_MEASURED_EFFECTS: Sample 2 measured_data_v2.json has no effect items recorded
S2,88,3,critical_rate_up,0,15,15,MISSING_MEASURED_EFFECTS: Sample 2 measured_data_v2.json has no effect items recorded
S2,88,3,skill_success_up,0,3,3,MISSING_MEASURED_EFFECTS: Sample 2 measured_data_v2.json has no effect items recorded
S2,88,3,visual_up,0,8,8,MISSING_MEASURED_EFFECTS: Sample 2 measured_data_v2.json has no effect items recorded
S2,89,1,visual_up,0,5,5,MISSING_MEASURED_EFFECTS: Sample 2 measured_data_v2.json has no effect items recorded
S2,89,3,critical_coeff_up,0,13,13,MISSING_MEASURED_EFFECTS: Sample 2 measured_data_v2.json has no effect items recorded
S2,89,3,critical_rate_up,0,15,15,MISSING_MEASURED_EFFECTS: Sample 2 measured_data_v2.json has no effect items recorded
S2,89,3,skill_success_up,0,3,3,MISSING_MEASURED_EFFECTS: Sample 2 measured_data_v2.json has no effect items recorded
S2,89,3,visual_up,0,8,8,MISSING_MEASURED_EFFECTS: Sample 2 measured_data_v2.json has no effect items recorded
S2,90,1,visual_up,0,5,5,MISSING_MEASURED_EFFECTS: Sample 2 measured_data_v2.json has no effect items recorded
S2,90,3,critical_coeff_up,0,13,13,MISSING_MEASURED_EFFECTS: Sample 2 measured_data_v2.json has no effect items recorded
S2,90,3,critical_rate_up,0,15,15,MISSING_MEASURED_EFFECTS: Sample 2 measured_data_v2.json has no effect items recorded
S2,90,3,skill_success_up,0,3,3,MISSING_MEASURED_EFFECTS: Sample 2 measured_data_v2.json has no effect items recorded
S2,90,3,sp_skill_score_up,0,6,6,MISSING_MEASURED_EFFECTS: Sample 2 measured_data_v2.json has no effect items recorded
S2,90,3,visual_up,0,8,8,MISSING_MEASURED_EFFECTS: Sample 2 measured_data_v2.json has no effect items recorded
S2,91,1,visual_up,0,5,5,MISSING_MEASURED_EFFECTS: Sample 2 measured_data_v2.json has no effect items recorded
S2,91,3,critical_coeff_up,0,13,13,MISSING_MEASURED_EFFECTS: Sample 2 measured_data_v2.json has no effect items recorded
S2,91,3,critical_rate_up,0,15,15,MISSING_MEASURED_EFFECTS: Sample 2 measured_data_v2.json has no effect items recorded
S2,91,3,skill_success_up,0,3,3,MISSING_MEASURED_EFFECTS: Sample 2 measured_data_v2.json has no effect items recorded
S2,91,3,sp_skill_score_up,0,6,6,MISSING_MEASURED_EFFECTS: Sample 2 measured_data_v2.json has no effect items recorded
S2,91,3,visual_up,0,8,8,MISSING_MEASURED_EFFECTS: Sample 2 measured_data_v2.json has no effect items recorded
S2,92,1,visual_up,0,5,5,MISSING_MEASURED_EFFECTS: Sample 2 measured_data_v2.json has no effect items recorded
S2,92,3,critical_coeff_up,0,13,13,MISSING_MEASURED_EFFECTS: Sample 2 measured_data_v2.json has no effect items recorded
S2,92,3,critical_rate_up,0,15,15,MISSING_MEASURED_EFFECTS: Sample 2 measured_data_v2.json has no effect items recorded
S2,92,3,skill_success_up,0,3,3,MISSING_MEASURED_EFFECTS: Sample 2 measured_data_v2.json has no effect items recorded
S2,92,3,sp_skill_score_up,0,6,6,MISSING_MEASURED_EFFECTS: Sample 2 measured_data_v2.json has no effect items recorded
S2,92,3,visual_up,0,8,8,MISSING_MEASURED_EFFECTS: Sample 2 measured_data_v2.json has no effect items recorded
S2,93,1,visual_up,0,5,5,MISSING_MEASURED_EFFECTS: Sample 2 measured_data_v2.json has no effect items recorded
S2,93,3,critical_coeff_up,0,13,13,MISSING_MEASURED_EFFECTS: Sample 2 measured_data_v2.json has no effect items recorded
S2,93,3,critical_rate_up,0,15,15,MISSING_MEASURED_EFFECTS: Sample 2 measured_data_v2.json has no effect items recorded
S2,93,3,skill_success_up,0,3,3,MISSING_MEASURED_EFFECTS: Sample 2 measured_data_v2.json has no effect items recorded
S2,93,3,sp_skill_score_up,0,6,6,MISSING_MEASURED_EFFECTS: Sample 2 measured_data_v2.json has no effect items recorded
S2,93,3,visual_up,0,8,8,MISSING_MEASURED_EFFECTS: Sample 2 measured_data_v2.json has no effect items recorded
S2,94,1,visual_up,0,5,5,MISSING_MEASURED_EFFECTS: Sample 2 measured_data_v2.json has no effect items recorded
S2,94,3,critical_coeff_up,0,13,13,MISSING_MEASURED_EFFECTS: Sample 2 measured_data_v2.json has no effect items recorded
S2,94,3,critical_rate_up,0,15,15,MISSING_MEASURED_EFFECTS: Sample 2 measured_data_v2.json has no effect items recorded
S2,94,3,skill_success_up,0,3,3,MISSING_MEASURED_EFFECTS: Sample 2 measured_data_v2.json has no effect items recorded
S2,94,3,sp_skill_score_up,0,6,6,MISSING_MEASURED_EFFECTS: Sample 2 measured_data_v2.json has no effect items recorded
S2,94,3,visual_up,0,8,8,MISSING_MEASURED_EFFECTS: Sample 2 measured_data_v2.json has no effect items recorded
S2,95,1,visual_up,0,5,5,MISSING_MEASURED_EFFECTS: Sample 2 measured_data_v2.json has no effect items recorded
S2,95,3,critical_coeff_up,0,13,13,MISSING_MEASURED_EFFECTS: Sample 2 measured_data_v2.json has no effect items recorded
S2,95,3,critical_rate_up,0,15,15,MISSING_MEASURED_EFFECTS: Sample 2 measured_data_v2.json has no effect items recorded
S2,95,3,skill_success_up,0,3,3,MISSING_MEASURED_EFFECTS: Sample 2 measured_data_v2.json has no effect items recorded
S2,95,3,visual_up,0,8,8,MISSING_MEASURED_EFFECTS: Sample 2 measured_data_v2.json has no effect items recorded
S2,96,1,visual_up,0,5,5,MISSING_MEASURED_EFFECTS: Sample 2 measured_data_v2.json has no effect items recorded
S2,96,3,critical_rate_up,0,7,7,MISSING_MEASURED_EFFECTS: Sample 2 measured_data_v2.json has no effect items recorded
S2,96,3,skill_success_up,0,3,3,MISSING_MEASURED_EFFECTS: Sample 2 measured_data_v2.json has no effect items recorded
S2,96,3,visual_up,0,8,8,MISSING_MEASURED_EFFECTS: Sample 2 measured_data_v2.json has no effect items recorded
S2,97,1,visual_up,0,5,5,MISSING_MEASURED_EFFECTS: Sample 2 measured_data_v2.json has no effect items recorded
S2,97,3,critical_rate_up,0,7,7,MISSING_MEASURED_EFFECTS: Sample 2 measured_data_v2.json has no effect items recorded
S2,97,3,skill_success_up,0,3,3,MISSING_MEASURED_EFFECTS: Sample 2 measured_data_v2.json has no effect items recorded
S2,97,3,visual_up,0,8,8,MISSING_MEASURED_EFFECTS: Sample 2 measured_data_v2.json has no effect items recorded
S2,98,1,visual_up,0,5,5,MISSING_MEASURED_EFFECTS: Sample 2 measured_data_v2.json has no effect items recorded
S2,98,3,critical_rate_up,0,7,7,MISSING_MEASURED_EFFECTS: Sample 2 measured_data_v2.json has no effect items recorded
S2,98,3,visual_up,0,4,4,MISSING_MEASURED_EFFECTS: Sample 2 measured_data_v2.json has no effect items recorded
S2,99,1,visual_up,0,5,5,MISSING_MEASURED_EFFECTS: Sample 2 measured_data_v2.json has no effect items recorded
S2,99,3,critical_rate_up,0,7,7,MISSING_MEASURED_EFFECTS: Sample 2 measured_data_v2.json has no effect items recorded
S2,99,3,visual_up,0,4,4,MISSING_MEASURED_EFFECTS: Sample 2 measured_data_v2.json has no effect items recorded
S2,100,1,visual_up,0,5,5,MISSING_MEASURED_EFFECTS: Sample 2 measured_data_v2.json has no effect items recorded
S2,100,3,critical_rate_up,0,7,7,MISSING_MEASURED_EFFECTS: Sample 2 measured_data_v2.json has no effect items recorded
S2,100,3,visual_up,0,4,4,MISSING_MEASURED_EFFECTS: Sample 2 measured_data_v2.json has no effect items recorded
S2,101,3,critical_coeff_up,0,8,8,MISSING_MEASURED_EFFECTS: Sample 2 measured_data_v2.json has no effect items recorded
S2,101,3,critical_rate_up,0,15,15,MISSING_MEASURED_EFFECTS: Sample 2 measured_data_v2.json has no effect items recorded
S2,101,3,focus,0,6,6,MISSING_MEASURED_EFFECTS: Sample 2 measured_data_v2.json has no effect items recorded
S2,101,3,skill_success_up,0,3,3,MISSING_MEASURED_EFFECTS: Sample 2 measured_data_v2.json has no effect items recorded
S2,101,3,visual_up,0,8,8,MISSING_MEASURED_EFFECTS: Sample 2 measured_data_v2.json has no effect items recorded
S2,102,3,critical_coeff_up,0,8,8,MISSING_MEASURED_EFFECTS: Sample 2 measured_data_v2.json has no effect items recorded
S2,102,3,critical_rate_up,0,15,15,MISSING_MEASURED_EFFECTS: Sample 2 measured_data_v2.json has no effect items recorded
S2,102,3,focus,0,6,6,MISSING_MEASURED_EFFECTS: Sample 2 measured_data_v2.json has no effect items recorded
S2,102,3,skill_success_up,0,3,3,MISSING_MEASURED_EFFECTS: Sample 2 measured_data_v2.json has no effect items recorded
S2,102,3,visual_up,0,11,11,MISSING_MEASURED_EFFECTS: Sample 2 measured_data_v2.json has no effect items recorded
S2,102,4,a_skill_score_up,0,4,4,MISSING_MEASURED_EFFECTS: Sample 2 measured_data_v2.json has no effect items recorded
S2,102,4,score_up,0,4,4,MISSING_MEASURED_EFFECTS: Sample 2 measured_data_v2.json has no effect items recorded
S2,102,5,visual_up,0,4,4,MISSING_MEASURED_EFFECTS: Sample 2 measured_data_v2.json has no effect items recorded
S2,103,3,critical_coeff_up,0,8,8,MISSING_MEASURED_EFFECTS: Sample 2 measured_data_v2.json has no effect items recorded
S2,103,3,critical_rate_up,0,15,15,MISSING_MEASURED_EFFECTS: Sample 2 measured_data_v2.json has no effect items recorded
S2,103,3,focus,0,6,6,MISSING_MEASURED_EFFECTS: Sample 2 measured_data_v2.json has no effect items recorded
S2,103,3,skill_success_up,0,3,3,MISSING_MEASURED_EFFECTS: Sample 2 measured_data_v2.json has no effect items recorded
S2,103,3,visual_up,0,11,11,MISSING_MEASURED_EFFECTS: Sample 2 measured_data_v2.json has no effect items recorded
S2,103,4,a_skill_score_up,0,4,4,MISSING_MEASURED_EFFECTS: Sample 2 measured_data_v2.json has no effect items recorded
S2,103,4,score_up,0,4,4,MISSING_MEASURED_EFFECTS: Sample 2 measured_data_v2.json has no effect items recorded
S2,103,5,visual_up,0,4,4,MISSING_MEASURED_EFFECTS: Sample 2 measured_data_v2.json has no effect items recorded
S2,104,3,critical_coeff_up,0,8,8,MISSING_MEASURED_EFFECTS: Sample 2 measured_data_v2.json has no effect items recorded
S2,104,3,critical_rate_up,0,15,15,MISSING_MEASURED_EFFECTS: Sample 2 measured_data_v2.json has no effect items recorded
S2,104,3,focus,0,6,6,MISSING_MEASURED_EFFECTS: Sample 2 measured_data_v2.json has no effect items recorded
S2,104,3,skill_success_up,0,3,3,MISSING_MEASURED_EFFECTS: Sample 2 measured_data_v2.json has no effect items recorded
S2,104,3,visual_up,0,11,11,MISSING_MEASURED_EFFECTS: Sample 2 measured_data_v2.json has no effect items recorded
S2,104,4,a_skill_score_up,0,4,4,MISSING_MEASURED_EFFECTS: Sample 2 measured_data_v2.json has no effect items recorded
S2,104,4,score_up,0,4,4,MISSING_MEASURED_EFFECTS: Sample 2 measured_data_v2.json has no effect items recorded
S2,104,5,visual_up,0,4,4,MISSING_MEASURED_EFFECTS: Sample 2 measured_data_v2.json has no effect items recorded
S2,105,3,critical_coeff_up,0,8,8,MISSING_MEASURED_EFFECTS: Sample 2 measured_data_v2.json has no effect items recorded
S2,105,3,critical_rate_up,0,15,15,MISSING_MEASURED_EFFECTS: Sample 2 measured_data_v2.json has no effect items recorded
S2,105,3,focus,0,6,6,MISSING_MEASURED_EFFECTS: Sample 2 measured_data_v2.json has no effect items recorded
S2,105,3,skill_success_up,0,3,3,MISSING_MEASURED_EFFECTS: Sample 2 measured_data_v2.json has no effect items recorded
S2,105,3,visual_up,0,11,11,MISSING_MEASURED_EFFECTS: Sample 2 measured_data_v2.json has no effect items recorded
S2,105,4,a_skill_score_up,0,4,4,MISSING_MEASURED_EFFECTS: Sample 2 measured_data_v2.json has no effect items recorded
S2,105,4,score_up,0,4,4,MISSING_MEASURED_EFFECTS: Sample 2 measured_data_v2.json has no effect items recorded
S2,105,5,visual_up,0,4,4,MISSING_MEASURED_EFFECTS: Sample 2 measured_data_v2.json has no effect items recorded
S2,106,3,critical_coeff_up,0,8,8,MISSING_MEASURED_EFFECTS: Sample 2 measured_data_v2.json has no effect items recorded
S2,106,3,critical_rate_up,0,15,15,MISSING_MEASURED_EFFECTS: Sample 2 measured_data_v2.json has no effect items recorded
S2,106,3,focus,0,6,6,MISSING_MEASURED_EFFECTS: Sample 2 measured_data_v2.json has no effect items recorded
S2,106,3,skill_success_up,0,3,3,MISSING_MEASURED_EFFECTS: Sample 2 measured_data_v2.json has no effect items recorded
S2,106,3,visual_up,0,11,11,MISSING_MEASURED_EFFECTS: Sample 2 measured_data_v2.json has no effect items recorded
S2,106,4,a_skill_score_up,0,4,4,MISSING_MEASURED_EFFECTS: Sample 2 measured_data_v2.json has no effect items recorded
S2,106,4,score_up,0,4,4,MISSING_MEASURED_EFFECTS: Sample 2 measured_data_v2.json has no effect items recorded
S2,106,5,visual_up,0,4,4,MISSING_MEASURED_EFFECTS: Sample 2 measured_data_v2.json has no effect items recorded
S2,107,3,critical_coeff_up,0,8,8,MISSING_MEASURED_EFFECTS: Sample 2 measured_data_v2.json has no effect items recorded
S2,107,3,critical_rate_up,0,15,15,MISSING_MEASURED_EFFECTS: Sample 2 measured_data_v2.json has no effect items recorded
S2,107,3,focus,0,6,6,MISSING_MEASURED_EFFECTS: Sample 2 measured_data_v2.json has no effect items recorded
S2,107,3,skill_success_up,0,3,3,MISSING_MEASURED_EFFECTS: Sample 2 measured_data_v2.json has no effect items recorded
S2,107,3,visual_up,0,11,11,MISSING_MEASURED_EFFECTS: Sample 2 measured_data_v2.json has no effect items recorded
S2,107,4,a_skill_score_up,0,4,4,MISSING_MEASURED_EFFECTS: Sample 2 measured_data_v2.json has no effect items recorded
S2,107,4,score_up,0,4,4,MISSING_MEASURED_EFFECTS: Sample 2 measured_data_v2.json has no effect items recorded
S2,107,5,visual_up,0,4,4,MISSING_MEASURED_EFFECTS: Sample 2 measured_data_v2.json has no effect items recorded
S2,108,3,critical_coeff_up,0,8,8,MISSING_MEASURED_EFFECTS: Sample 2 measured_data_v2.json has no effect items recorded
S2,108,3,critical_rate_up,0,15,15,MISSING_MEASURED_EFFECTS: Sample 2 measured_data_v2.json has no effect items recorded
S2,108,3,focus,0,6,6,MISSING_MEASURED_EFFECTS: Sample 2 measured_data_v2.json has no effect items recorded
S2,108,3,skill_success_up,0,3,3,MISSING_MEASURED_EFFECTS: Sample 2 measured_data_v2.json has no effect items recorded
S2,108,3,visual_up,0,11,11,MISSING_MEASURED_EFFECTS: Sample 2 measured_data_v2.json has no effect items recorded
S2,108,4,a_skill_score_up,0,4,4,MISSING_MEASURED_EFFECTS: Sample 2 measured_data_v2.json has no effect items recorded
S2,108,4,score_up,0,4,4,MISSING_MEASURED_EFFECTS: Sample 2 measured_data_v2.json has no effect items recorded
S2,108,5,visual_up,0,4,4,MISSING_MEASURED_EFFECTS: Sample 2 measured_data_v2.json has no effect items recorded
S2,109,3,critical_coeff_up,0,8,8,MISSING_MEASURED_EFFECTS: Sample 2 measured_data_v2.json has no effect items recorded
S2,109,3,critical_rate_up,0,15,15,MISSING_MEASURED_EFFECTS: Sample 2 measured_data_v2.json has no effect items recorded
S2,109,3,focus,0,6,6,MISSING_MEASURED_EFFECTS: Sample 2 measured_data_v2.json has no effect items recorded
S2,109,3,skill_success_up,0,3,3,MISSING_MEASURED_EFFECTS: Sample 2 measured_data_v2.json has no effect items recorded
S2,109,3,visual_up,0,11,11,MISSING_MEASURED_EFFECTS: Sample 2 measured_data_v2.json has no effect items recorded
S2,109,4,a_skill_score_up,0,4,4,MISSING_MEASURED_EFFECTS: Sample 2 measured_data_v2.json has no effect items recorded
S2,109,4,score_up,0,4,4,MISSING_MEASURED_EFFECTS: Sample 2 measured_data_v2.json has no effect items recorded
S2,109,5,visual_up,0,4,4,MISSING_MEASURED_EFFECTS: Sample 2 measured_data_v2.json has no effect items recorded
S2,110,3,critical_coeff_up,0,8,8,MISSING_MEASURED_EFFECTS: Sample 2 measured_data_v2.json has no effect items recorded
S2,110,3,critical_rate_up,0,15,15,MISSING_MEASURED_EFFECTS: Sample 2 measured_data_v2.json has no effect items recorded
S2,110,3,focus,0,6,6,MISSING_MEASURED_EFFECTS: Sample 2 measured_data_v2.json has no effect items recorded
S2,110,3,skill_success_up,0,3,3,MISSING_MEASURED_EFFECTS: Sample 2 measured_data_v2.json has no effect items recorded
S2,110,3,visual_up,0,11,11,MISSING_MEASURED_EFFECTS: Sample 2 measured_data_v2.json has no effect items recorded
S2,110,4,a_skill_score_up,0,4,4,MISSING_MEASURED_EFFECTS: Sample 2 measured_data_v2.json has no effect items recorded
S2,110,4,score_up,0,4,4,MISSING_MEASURED_EFFECTS: Sample 2 measured_data_v2.json has no effect items recorded
S2,110,5,visual_up,0,4,4,MISSING_MEASURED_EFFECTS: Sample 2 measured_data_v2.json has no effect items recorded
S2,111,1,visual_up,0,5,5,MISSING_MEASURED_EFFECTS: Sample 2 measured_data_v2.json has no effect items recorded
S2,111,3,critical_coeff_up,0,8,8,MISSING_MEASURED_EFFECTS: Sample 2 measured_data_v2.json has no effect items recorded
S2,111,3,critical_rate_up,0,15,15,MISSING_MEASURED_EFFECTS: Sample 2 measured_data_v2.json has no effect items recorded
S2,111,3,focus,0,6,6,MISSING_MEASURED_EFFECTS: Sample 2 measured_data_v2.json has no effect items recorded
S2,111,3,skill_success_up,0,3,3,MISSING_MEASURED_EFFECTS: Sample 2 measured_data_v2.json has no effect items recorded
S2,111,3,visual_up,0,11,11,MISSING_MEASURED_EFFECTS: Sample 2 measured_data_v2.json has no effect items recorded
S2,111,4,a_skill_score_up,0,4,4,MISSING_MEASURED_EFFECTS: Sample 2 measured_data_v2.json has no effect items recorded
S2,111,4,score_up,0,4,4,MISSING_MEASURED_EFFECTS: Sample 2 measured_data_v2.json has no effect items recorded
S2,111,5,visual_up,0,4,4,MISSING_MEASURED_EFFECTS: Sample 2 measured_data_v2.json has no effect items recorded
S2,112,1,visual_up,0,5,5,MISSING_MEASURED_EFFECTS: Sample 2 measured_data_v2.json has no effect items recorded
S2,112,3,critical_coeff_up,0,8,8,MISSING_MEASURED_EFFECTS: Sample 2 measured_data_v2.json has no effect items recorded
S2,112,3,critical_rate_up,0,15,15,MISSING_MEASURED_EFFECTS: Sample 2 measured_data_v2.json has no effect items recorded
S2,112,3,focus,0,6,6,MISSING_MEASURED_EFFECTS: Sample 2 measured_data_v2.json has no effect items recorded
S2,112,3,skill_success_up,0,3,3,MISSING_MEASURED_EFFECTS: Sample 2 measured_data_v2.json has no effect items recorded
S2,112,3,visual_up,0,11,11,MISSING_MEASURED_EFFECTS: Sample 2 measured_data_v2.json has no effect items recorded
S2,112,4,a_skill_score_up,0,4,4,MISSING_MEASURED_EFFECTS: Sample 2 measured_data_v2.json has no effect items recorded
S2,112,4,score_up,0,4,4,MISSING_MEASURED_EFFECTS: Sample 2 measured_data_v2.json has no effect items recorded
S2,112,5,visual_up,0,4,4,MISSING_MEASURED_EFFECTS: Sample 2 measured_data_v2.json has no effect items recorded
S2,113,1,visual_up,0,5,5,MISSING_MEASURED_EFFECTS: Sample 2 measured_data_v2.json has no effect items recorded
S2,113,3,critical_coeff_up,0,8,8,MISSING_MEASURED_EFFECTS: Sample 2 measured_data_v2.json has no effect items recorded
S2,113,3,critical_rate_up,0,15,15,MISSING_MEASURED_EFFECTS: Sample 2 measured_data_v2.json has no effect items recorded
S2,113,3,focus,0,6,6,MISSING_MEASURED_EFFECTS: Sample 2 measured_data_v2.json has no effect items recorded
S2,113,3,skill_success_up,0,3,3,MISSING_MEASURED_EFFECTS: Sample 2 measured_data_v2.json has no effect items recorded
S2,113,3,visual_up,0,11,11,MISSING_MEASURED_EFFECTS: Sample 2 measured_data_v2.json has no effect items recorded
S2,113,4,a_skill_score_up,0,4,4,MISSING_MEASURED_EFFECTS: Sample 2 measured_data_v2.json has no effect items recorded
S2,113,4,score_up,0,4,4,MISSING_MEASURED_EFFECTS: Sample 2 measured_data_v2.json has no effect items recorded
S2,113,5,visual_up,0,4,4,MISSING_MEASURED_EFFECTS: Sample 2 measured_data_v2.json has no effect items recorded
S2,114,1,visual_up,0,5,5,MISSING_MEASURED_EFFECTS: Sample 2 measured_data_v2.json has no effect items recorded
S2,114,3,critical_coeff_up,0,8,8,MISSING_MEASURED_EFFECTS: Sample 2 measured_data_v2.json has no effect items recorded
S2,114,3,critical_rate_up,0,15,15,MISSING_MEASURED_EFFECTS: Sample 2 measured_data_v2.json has no effect items recorded
S2,114,3,focus,0,6,6,MISSING_MEASURED_EFFECTS: Sample 2 measured_data_v2.json has no effect items recorded
S2,114,3,skill_success_up,0,3,3,MISSING_MEASURED_EFFECTS: Sample 2 measured_data_v2.json has no effect items recorded
S2,114,3,visual_up,0,11,11,MISSING_MEASURED_EFFECTS: Sample 2 measured_data_v2.json has no effect items recorded
S2,114,4,a_skill_score_up,0,4,4,MISSING_MEASURED_EFFECTS: Sample 2 measured_data_v2.json has no effect items recorded
S2,114,4,score_up,0,4,4,MISSING_MEASURED_EFFECTS: Sample 2 measured_data_v2.json has no effect items recorded
S2,114,5,visual_up,0,4,4,MISSING_MEASURED_EFFECTS: Sample 2 measured_data_v2.json has no effect items recorded
S2,115,1,visual_up,0,5,5,MISSING_MEASURED_EFFECTS: Sample 2 measured_data_v2.json has no effect items recorded
S2,115,3,critical_coeff_up,0,8,8,MISSING_MEASURED_EFFECTS: Sample 2 measured_data_v2.json has no effect items recorded
S2,115,3,critical_rate_up,0,15,15,MISSING_MEASURED_EFFECTS: Sample 2 measured_data_v2.json has no effect items recorded
S2,115,3,focus,0,6,6,MISSING_MEASURED_EFFECTS: Sample 2 measured_data_v2.json has no effect items recorded
S2,115,3,skill_success_up,0,3,3,MISSING_MEASURED_EFFECTS: Sample 2 measured_data_v2.json has no effect items recorded
S2,115,3,visual_up,0,11,11,MISSING_MEASURED_EFFECTS: Sample 2 measured_data_v2.json has no effect items recorded
S2,115,4,a_skill_score_up,0,4,4,MISSING_MEASURED_EFFECTS: Sample 2 measured_data_v2.json has no effect items recorded
S2,115,4,score_up,0,4,4,MISSING_MEASURED_EFFECTS: Sample 2 measured_data_v2.json has no effect items recorded
S2,115,5,visual_up,0,4,4,MISSING_MEASURED_EFFECTS: Sample 2 measured_data_v2.json has no effect items recorded
S2,116,1,visual_up,0,5,5,MISSING_MEASURED_EFFECTS: Sample 2 measured_data_v2.json has no effect items recorded
S2,116,3,critical_coeff_up,0,8,8,MISSING_MEASURED_EFFECTS: Sample 2 measured_data_v2.json has no effect items recorded
S2,116,3,critical_rate_up,0,15,15,MISSING_MEASURED_EFFECTS: Sample 2 measured_data_v2.json has no effect items recorded
S2,116,3,focus,0,6,6,MISSING_MEASURED_EFFECTS: Sample 2 measured_data_v2.json has no effect items recorded
S2,116,3,skill_success_up,0,3,3,MISSING_MEASURED_EFFECTS: Sample 2 measured_data_v2.json has no effect items recorded
S2,116,3,visual_up,0,11,11,MISSING_MEASURED_EFFECTS: Sample 2 measured_data_v2.json has no effect items recorded
S2,116,4,a_skill_score_up,0,4,4,MISSING_MEASURED_EFFECTS: Sample 2 measured_data_v2.json has no effect items recorded
S2,116,4,score_up,0,4,4,MISSING_MEASURED_EFFECTS: Sample 2 measured_data_v2.json has no effect items recorded
S2,116,5,visual_up,0,4,4,MISSING_MEASURED_EFFECTS: Sample 2 measured_data_v2.json has no effect items recorded
S2,117,1,visual_up,0,5,5,MISSING_MEASURED_EFFECTS: Sample 2 measured_data_v2.json has no effect items recorded
S2,117,3,critical_coeff_up,0,8,8,MISSING_MEASURED_EFFECTS: Sample 2 measured_data_v2.json has no effect items recorded
S2,117,3,critical_rate_up,0,15,15,MISSING_MEASURED_EFFECTS: Sample 2 measured_data_v2.json has no effect items recorded
S2,117,3,focus,0,6,6,MISSING_MEASURED_EFFECTS: Sample 2 measured_data_v2.json has no effect items recorded
S2,117,3,skill_success_up,0,3,3,MISSING_MEASURED_EFFECTS: Sample 2 measured_data_v2.json has no effect items recorded
S2,117,3,visual_up,0,11,11,MISSING_MEASURED_EFFECTS: Sample 2 measured_data_v2.json has no effect items recorded
S2,117,4,a_skill_score_up,0,4,4,MISSING_MEASURED_EFFECTS: Sample 2 measured_data_v2.json has no effect items recorded
S2,117,4,score_up,0,4,4,MISSING_MEASURED_EFFECTS: Sample 2 measured_data_v2.json has no effect items recorded
S2,117,5,visual_up,0,4,4,MISSING_MEASURED_EFFECTS: Sample 2 measured_data_v2.json has no effect items recorded
S2,118,1,visual_up,0,5,5,MISSING_MEASURED_EFFECTS: Sample 2 measured_data_v2.json has no effect items recorded
S2,118,3,critical_coeff_up,0,8,8,MISSING_MEASURED_EFFECTS: Sample 2 measured_data_v2.json has no effect items recorded
S2,118,3,critical_rate_up,0,15,15,MISSING_MEASURED_EFFECTS: Sample 2 measured_data_v2.json has no effect items recorded
S2,118,3,focus,0,6,6,MISSING_MEASURED_EFFECTS: Sample 2 measured_data_v2.json has no effect items recorded
S2,118,3,skill_success_up,0,3,3,MISSING_MEASURED_EFFECTS: Sample 2 measured_data_v2.json has no effect items recorded
S2,118,3,visual_up,0,11,11,MISSING_MEASURED_EFFECTS: Sample 2 measured_data_v2.json has no effect items recorded
S2,118,4,a_skill_score_up,0,4,4,MISSING_MEASURED_EFFECTS: Sample 2 measured_data_v2.json has no effect items recorded
S2,118,4,score_up,0,4,4,MISSING_MEASURED_EFFECTS: Sample 2 measured_data_v2.json has no effect items recorded
S2,118,5,visual_up,0,4,4,MISSING_MEASURED_EFFECTS: Sample 2 measured_data_v2.json has no effect items recorded
S2,119,1,visual_up,0,5,5,MISSING_MEASURED_EFFECTS: Sample 2 measured_data_v2.json has no effect items recorded
S2,119,3,critical_coeff_up,0,8,8,MISSING_MEASURED_EFFECTS: Sample 2 measured_data_v2.json has no effect items recorded
S2,119,3,critical_rate_up,0,15,15,MISSING_MEASURED_EFFECTS: Sample 2 measured_data_v2.json has no effect items recorded
S2,119,3,focus,0,6,6,MISSING_MEASURED_EFFECTS: Sample 2 measured_data_v2.json has no effect items recorded
S2,119,3,skill_success_up,0,3,3,MISSING_MEASURED_EFFECTS: Sample 2 measured_data_v2.json has no effect items recorded
S2,119,3,visual_up,0,11,11,MISSING_MEASURED_EFFECTS: Sample 2 measured_data_v2.json has no effect items recorded
S2,119,4,a_skill_score_up,0,4,4,MISSING_MEASURED_EFFECTS: Sample 2 measured_data_v2.json has no effect items recorded
S2,119,4,score_up,0,4,4,MISSING_MEASURED_EFFECTS: Sample 2 measured_data_v2.json has no effect items recorded
S2,119,5,visual_up,0,4,4,MISSING_MEASURED_EFFECTS: Sample 2 measured_data_v2.json has no effect items recorded
S2,120,1,visual_up,0,5,5,MISSING_MEASURED_EFFECTS: Sample 2 measured_data_v2.json has no effect items recorded
S2,120,3,critical_coeff_up,0,8,8,MISSING_MEASURED_EFFECTS: Sample 2 measured_data_v2.json has no effect items recorded
S2,120,3,critical_rate_up,0,15,15,MISSING_MEASURED_EFFECTS: Sample 2 measured_data_v2.json has no effect items recorded
S2,120,3,focus,0,6,6,MISSING_MEASURED_EFFECTS: Sample 2 measured_data_v2.json has no effect items recorded
S2,120,3,skill_success_up,0,3,3,MISSING_MEASURED_EFFECTS: Sample 2 measured_data_v2.json has no effect items recorded
S2,120,3,visual_up,0,11,11,MISSING_MEASURED_EFFECTS: Sample 2 measured_data_v2.json has no effect items recorded
S2,120,4,a_skill_score_up,0,4,4,MISSING_MEASURED_EFFECTS: Sample 2 measured_data_v2.json has no effect items recorded
S2,120,4,score_up,0,4,4,MISSING_MEASURED_EFFECTS: Sample 2 measured_data_v2.json has no effect items recorded
S2,120,5,visual_up,0,4,4,MISSING_MEASURED_EFFECTS: Sample 2 measured_data_v2.json has no effect items recorded
S2,121,1,visual_up,0,5,5,MISSING_MEASURED_EFFECTS: Sample 2 measured_data_v2.json has no effect items recorded
S2,121,3,critical_coeff_up,0,8,8,MISSING_MEASURED_EFFECTS: Sample 2 measured_data_v2.json has no effect items recorded
S2,121,3,critical_rate_up,0,15,15,MISSING_MEASURED_EFFECTS: Sample 2 measured_data_v2.json has no effect items recorded
S2,121,3,focus,0,6,6,MISSING_MEASURED_EFFECTS: Sample 2 measured_data_v2.json has no effect items recorded
S2,121,3,skill_success_up,0,3,3,MISSING_MEASURED_EFFECTS: Sample 2 measured_data_v2.json has no effect items recorded
S2,121,3,visual_up,0,11,11,MISSING_MEASURED_EFFECTS: Sample 2 measured_data_v2.json has no effect items recorded
S2,121,4,a_skill_score_up,0,4,4,MISSING_MEASURED_EFFECTS: Sample 2 measured_data_v2.json has no effect items recorded
S2,121,4,score_up,0,4,4,MISSING_MEASURED_EFFECTS: Sample 2 measured_data_v2.json has no effect items recorded
S2,121,5,visual_up,0,4,4,MISSING_MEASURED_EFFECTS: Sample 2 measured_data_v2.json has no effect items recorded
S2,122,1,visual_up,0,5,5,MISSING_MEASURED_EFFECTS: Sample 2 measured_data_v2.json has no effect items recorded
S2,122,3,critical_coeff_up,0,8,8,MISSING_MEASURED_EFFECTS: Sample 2 measured_data_v2.json has no effect items recorded
S2,122,3,critical_rate_up,0,15,15,MISSING_MEASURED_EFFECTS: Sample 2 measured_data_v2.json has no effect items recorded
S2,122,3,focus,0,6,6,MISSING_MEASURED_EFFECTS: Sample 2 measured_data_v2.json has no effect items recorded
S2,122,3,skill_success_up,0,3,3,MISSING_MEASURED_EFFECTS: Sample 2 measured_data_v2.json has no effect items recorded
S2,122,3,visual_up,0,11,11,MISSING_MEASURED_EFFECTS: Sample 2 measured_data_v2.json has no effect items recorded
S2,122,4,a_skill_score_up,0,4,4,MISSING_MEASURED_EFFECTS: Sample 2 measured_data_v2.json has no effect items recorded
S2,122,4,score_up,0,4,4,MISSING_MEASURED_EFFECTS: Sample 2 measured_data_v2.json has no effect items recorded
S2,122,5,visual_up,0,4,4,MISSING_MEASURED_EFFECTS: Sample 2 measured_data_v2.json has no effect items recorded
S2,123,1,visual_up,0,5,5,MISSING_MEASURED_EFFECTS: Sample 2 measured_data_v2.json has no effect items recorded
S2,123,3,critical_coeff_up,0,8,8,MISSING_MEASURED_EFFECTS: Sample 2 measured_data_v2.json has no effect items recorded
S2,123,3,critical_rate_up,0,15,15,MISSING_MEASURED_EFFECTS: Sample 2 measured_data_v2.json has no effect items recorded
S2,123,3,focus,0,6,6,MISSING_MEASURED_EFFECTS: Sample 2 measured_data_v2.json has no effect items recorded
S2,123,3,skill_success_up,0,3,3,MISSING_MEASURED_EFFECTS: Sample 2 measured_data_v2.json has no effect items recorded
S2,123,3,visual_up,0,11,11,MISSING_MEASURED_EFFECTS: Sample 2 measured_data_v2.json has no effect items recorded
S2,123,4,a_skill_score_up,0,4,4,MISSING_MEASURED_EFFECTS: Sample 2 measured_data_v2.json has no effect items recorded
S2,123,4,score_up,0,4,4,MISSING_MEASURED_EFFECTS: Sample 2 measured_data_v2.json has no effect items recorded
S2,123,5,visual_up,0,4,4,MISSING_MEASURED_EFFECTS: Sample 2 measured_data_v2.json has no effect items recorded
S2,124,1,visual_up,0,5,5,MISSING_MEASURED_EFFECTS: Sample 2 measured_data_v2.json has no effect items recorded
S2,124,3,critical_coeff_up,0,8,8,MISSING_MEASURED_EFFECTS: Sample 2 measured_data_v2.json has no effect items recorded
S2,124,3,critical_rate_up,0,15,15,MISSING_MEASURED_EFFECTS: Sample 2 measured_data_v2.json has no effect items recorded
S2,124,3,focus,0,6,6,MISSING_MEASURED_EFFECTS: Sample 2 measured_data_v2.json has no effect items recorded
S2,124,3,skill_success_up,0,3,3,MISSING_MEASURED_EFFECTS: Sample 2 measured_data_v2.json has no effect items recorded
S2,124,3,visual_up,0,11,11,MISSING_MEASURED_EFFECTS: Sample 2 measured_data_v2.json has no effect items recorded
S2,124,4,a_skill_score_up,0,4,4,MISSING_MEASURED_EFFECTS: Sample 2 measured_data_v2.json has no effect items recorded
S2,124,4,score_up,0,4,4,MISSING_MEASURED_EFFECTS: Sample 2 measured_data_v2.json has no effect items recorded
S2,124,5,visual_up,0,4,4,MISSING_MEASURED_EFFECTS: Sample 2 measured_data_v2.json has no effect items recorded
S2,125,1,visual_up,0,5,5,MISSING_MEASURED_EFFECTS: Sample 2 measured_data_v2.json has no effect items recorded
S2,125,3,critical_coeff_up,0,8,8,MISSING_MEASURED_EFFECTS: Sample 2 measured_data_v2.json has no effect items recorded
S2,125,3,critical_rate_up,0,15,15,MISSING_MEASURED_EFFECTS: Sample 2 measured_data_v2.json has no effect items recorded
S2,125,3,focus,0,6,6,MISSING_MEASURED_EFFECTS: Sample 2 measured_data_v2.json has no effect items recorded
S2,125,3,skill_success_up,0,3,3,MISSING_MEASURED_EFFECTS: Sample 2 measured_data_v2.json has no effect items recorded
S2,125,3,visual_up,0,11,11,MISSING_MEASURED_EFFECTS: Sample 2 measured_data_v2.json has no effect items recorded
S2,125,4,a_skill_score_up,0,4,4,MISSING_MEASURED_EFFECTS: Sample 2 measured_data_v2.json has no effect items recorded
S2,125,4,score_up,0,4,4,MISSING_MEASURED_EFFECTS: Sample 2 measured_data_v2.json has no effect items recorded
S2,125,5,visual_up,0,4,4,MISSING_MEASURED_EFFECTS: Sample 2 measured_data_v2.json has no effect items recorded
S2,126,1,visual_up,0,5,5,MISSING_MEASURED_EFFECTS: Sample 2 measured_data_v2.json has no effect items recorded
S2,126,3,critical_coeff_up,0,8,8,MISSING_MEASURED_EFFECTS: Sample 2 measured_data_v2.json has no effect items recorded
S2,126,3,critical_rate_up,0,15,15,MISSING_MEASURED_EFFECTS: Sample 2 measured_data_v2.json has no effect items recorded
S2,126,3,focus,0,6,6,MISSING_MEASURED_EFFECTS: Sample 2 measured_data_v2.json has no effect items recorded
S2,126,3,skill_success_up,0,3,3,MISSING_MEASURED_EFFECTS: Sample 2 measured_data_v2.json has no effect items recorded
S2,126,3,visual_up,0,11,11,MISSING_MEASURED_EFFECTS: Sample 2 measured_data_v2.json has no effect items recorded
S2,126,4,a_skill_score_up,0,4,4,MISSING_MEASURED_EFFECTS: Sample 2 measured_data_v2.json has no effect items recorded
S2,126,4,score_up,0,4,4,MISSING_MEASURED_EFFECTS: Sample 2 measured_data_v2.json has no effect items recorded
S2,126,5,visual_up,0,4,4,MISSING_MEASURED_EFFECTS: Sample 2 measured_data_v2.json has no effect items recorded
S2,127,1,visual_up,0,5,5,MISSING_MEASURED_EFFECTS: Sample 2 measured_data_v2.json has no effect items recorded
S2,127,3,critical_coeff_up,0,8,8,MISSING_MEASURED_EFFECTS: Sample 2 measured_data_v2.json has no effect items recorded
S2,127,3,critical_rate_up,0,15,15,MISSING_MEASURED_EFFECTS: Sample 2 measured_data_v2.json has no effect items recorded
S2,127,3,focus,0,6,6,MISSING_MEASURED_EFFECTS: Sample 2 measured_data_v2.json has no effect items recorded
S2,127,3,skill_success_up,0,3,3,MISSING_MEASURED_EFFECTS: Sample 2 measured_data_v2.json has no effect items recorded
S2,127,3,visual_up,0,11,11,MISSING_MEASURED_EFFECTS: Sample 2 measured_data_v2.json has no effect items recorded
S2,127,4,a_skill_score_up,0,4,4,MISSING_MEASURED_EFFECTS: Sample 2 measured_data_v2.json has no effect items recorded
S2,127,4,score_up,0,4,4,MISSING_MEASURED_EFFECTS: Sample 2 measured_data_v2.json has no effect items recorded
S2,127,5,visual_up,0,4,4,MISSING_MEASURED_EFFECTS: Sample 2 measured_data_v2.json has no effect items recorded
S2,128,1,visual_up,0,5,5,MISSING_MEASURED_EFFECTS: Sample 2 measured_data_v2.json has no effect items recorded
S2,128,3,critical_coeff_up,0,8,8,MISSING_MEASURED_EFFECTS: Sample 2 measured_data_v2.json has no effect items recorded
S2,128,3,critical_rate_up,0,15,15,MISSING_MEASURED_EFFECTS: Sample 2 measured_data_v2.json has no effect items recorded
S2,128,3,focus,0,6,6,MISSING_MEASURED_EFFECTS: Sample 2 measured_data_v2.json has no effect items recorded
S2,128,3,skill_success_up,0,3,3,MISSING_MEASURED_EFFECTS: Sample 2 measured_data_v2.json has no effect items recorded
S2,128,3,visual_up,0,11,11,MISSING_MEASURED_EFFECTS: Sample 2 measured_data_v2.json has no effect items recorded
S2,128,4,a_skill_score_up,0,4,4,MISSING_MEASURED_EFFECTS: Sample 2 measured_data_v2.json has no effect items recorded
S2,128,4,score_up,0,4,4,MISSING_MEASURED_EFFECTS: Sample 2 measured_data_v2.json has no effect items recorded
S2,128,5,visual_up,0,4,4,MISSING_MEASURED_EFFECTS: Sample 2 measured_data_v2.json has no effect items recorded
S2,129,1,visual_up,0,5,5,MISSING_MEASURED_EFFECTS: Sample 2 measured_data_v2.json has no effect items recorded
S2,129,3,critical_coeff_up,0,8,8,MISSING_MEASURED_EFFECTS: Sample 2 measured_data_v2.json has no effect items recorded
S2,129,3,critical_rate_up,0,15,15,MISSING_MEASURED_EFFECTS: Sample 2 measured_data_v2.json has no effect items recorded
S2,129,3,focus,0,6,6,MISSING_MEASURED_EFFECTS: Sample 2 measured_data_v2.json has no effect items recorded
S2,129,3,skill_success_up,0,3,3,MISSING_MEASURED_EFFECTS: Sample 2 measured_data_v2.json has no effect items recorded
S2,129,3,visual_up,0,11,11,MISSING_MEASURED_EFFECTS: Sample 2 measured_data_v2.json has no effect items recorded
S2,129,4,a_skill_score_up,0,4,4,MISSING_MEASURED_EFFECTS: Sample 2 measured_data_v2.json has no effect items recorded
S2,129,4,score_up,0,4,4,MISSING_MEASURED_EFFECTS: Sample 2 measured_data_v2.json has no effect items recorded
S2,129,5,visual_up,0,4,4,MISSING_MEASURED_EFFECTS: Sample 2 measured_data_v2.json has no effect items recorded
S2,130,1,visual_up,0,5,5,MISSING_MEASURED_EFFECTS: Sample 2 measured_data_v2.json has no effect items recorded
S2,130,3,critical_coeff_up,0,8,8,MISSING_MEASURED_EFFECTS: Sample 2 measured_data_v2.json has no effect items recorded
S2,130,3,critical_rate_up,0,15,15,MISSING_MEASURED_EFFECTS: Sample 2 measured_data_v2.json has no effect items recorded
S2,130,3,focus,0,6,6,MISSING_MEASURED_EFFECTS: Sample 2 measured_data_v2.json has no effect items recorded
S2,130,3,skill_success_up,0,3,3,MISSING_MEASURED_EFFECTS: Sample 2 measured_data_v2.json has no effect items recorded
S2,130,3,visual_up,0,11,11,MISSING_MEASURED_EFFECTS: Sample 2 measured_data_v2.json has no effect items recorded
S2,130,4,a_skill_score_up,0,4,4,MISSING_MEASURED_EFFECTS: Sample 2 measured_data_v2.json has no effect items recorded
S2,130,4,score_up,0,4,4,MISSING_MEASURED_EFFECTS: Sample 2 measured_data_v2.json has no effect items recorded
S2,130,5,visual_up,0,4,4,MISSING_MEASURED_EFFECTS: Sample 2 measured_data_v2.json has no effect items recorded
S2,131,1,visual_up,0,5,5,MISSING_MEASURED_EFFECTS: Sample 2 measured_data_v2.json has no effect items recorded
S2,131,3,critical_coeff_up,0,8,8,MISSING_MEASURED_EFFECTS: Sample 2 measured_data_v2.json has no effect items recorded
S2,131,3,critical_rate_up,0,15,15,MISSING_MEASURED_EFFECTS: Sample 2 measured_data_v2.json has no effect items recorded
S2,131,3,focus,0,6,6,MISSING_MEASURED_EFFECTS: Sample 2 measured_data_v2.json has no effect items recorded
S2,131,3,skill_success_up,0,3,3,MISSING_MEASURED_EFFECTS: Sample 2 measured_data_v2.json has no effect items recorded
S2,131,3,visual_up,0,11,11,MISSING_MEASURED_EFFECTS: Sample 2 measured_data_v2.json has no effect items recorded
S2,131,4,a_skill_score_up,0,4,4,MISSING_MEASURED_EFFECTS: Sample 2 measured_data_v2.json has no effect items recorded
S2,131,4,score_up,0,4,4,MISSING_MEASURED_EFFECTS: Sample 2 measured_data_v2.json has no effect items recorded
S2,131,5,visual_up,0,4,4,MISSING_MEASURED_EFFECTS: Sample 2 measured_data_v2.json has no effect items recorded
S2,132,1,visual_up,0,5,5,MISSING_MEASURED_EFFECTS: Sample 2 measured_data_v2.json has no effect items recorded
S2,132,3,critical_coeff_up,0,8,8,MISSING_MEASURED_EFFECTS: Sample 2 measured_data_v2.json has no effect items recorded
S2,132,3,critical_rate_up,0,15,15,MISSING_MEASURED_EFFECTS: Sample 2 measured_data_v2.json has no effect items recorded
S2,132,3,focus,0,6,6,MISSING_MEASURED_EFFECTS: Sample 2 measured_data_v2.json has no effect items recorded
S2,132,3,skill_success_up,0,3,3,MISSING_MEASURED_EFFECTS: Sample 2 measured_data_v2.json has no effect items recorded
S2,132,3,visual_up,0,11,11,MISSING_MEASURED_EFFECTS: Sample 2 measured_data_v2.json has no effect items recorded
S2,132,4,a_skill_score_up,0,4,4,MISSING_MEASURED_EFFECTS: Sample 2 measured_data_v2.json has no effect items recorded
S2,132,4,score_up,0,4,4,MISSING_MEASURED_EFFECTS: Sample 2 measured_data_v2.json has no effect items recorded
S2,132,5,visual_up,0,4,4,MISSING_MEASURED_EFFECTS: Sample 2 measured_data_v2.json has no effect items recorded
S2,133,1,visual_up,0,5,5,MISSING_MEASURED_EFFECTS: Sample 2 measured_data_v2.json has no effect items recorded
S2,133,3,critical_coeff_up,0,8,8,MISSING_MEASURED_EFFECTS: Sample 2 measured_data_v2.json has no effect items recorded
S2,133,3,critical_rate_up,0,15,15,MISSING_MEASURED_EFFECTS: Sample 2 measured_data_v2.json has no effect items recorded
S2,133,3,focus,0,6,6,MISSING_MEASURED_EFFECTS: Sample 2 measured_data_v2.json has no effect items recorded
S2,133,3,skill_success_up,0,3,3,MISSING_MEASURED_EFFECTS: Sample 2 measured_data_v2.json has no effect items recorded
S2,133,3,visual_up,0,11,11,MISSING_MEASURED_EFFECTS: Sample 2 measured_data_v2.json has no effect items recorded
S2,133,4,a_skill_score_up,0,4,4,MISSING_MEASURED_EFFECTS: Sample 2 measured_data_v2.json has no effect items recorded
S2,133,4,score_up,0,4,4,MISSING_MEASURED_EFFECTS: Sample 2 measured_data_v2.json has no effect items recorded
S2,133,5,visual_up,0,4,4,MISSING_MEASURED_EFFECTS: Sample 2 measured_data_v2.json has no effect items recorded
S2,134,1,visual_up,0,5,5,MISSING_MEASURED_EFFECTS: Sample 2 measured_data_v2.json has no effect items recorded
S2,134,3,critical_coeff_up,0,8,8,MISSING_MEASURED_EFFECTS: Sample 2 measured_data_v2.json has no effect items recorded
S2,134,3,critical_rate_up,0,8,8,MISSING_MEASURED_EFFECTS: Sample 2 measured_data_v2.json has no effect items recorded
S2,134,3,focus,0,6,6,MISSING_MEASURED_EFFECTS: Sample 2 measured_data_v2.json has no effect items recorded
S2,134,3,skill_success_up,0,3,3,MISSING_MEASURED_EFFECTS: Sample 2 measured_data_v2.json has no effect items recorded
S2,134,3,visual_up,0,11,11,MISSING_MEASURED_EFFECTS: Sample 2 measured_data_v2.json has no effect items recorded
S2,134,4,a_skill_score_up,0,4,4,MISSING_MEASURED_EFFECTS: Sample 2 measured_data_v2.json has no effect items recorded
S2,134,4,score_up,0,4,4,MISSING_MEASURED_EFFECTS: Sample 2 measured_data_v2.json has no effect items recorded
S2,134,5,visual_up,0,4,4,MISSING_MEASURED_EFFECTS: Sample 2 measured_data_v2.json has no effect items recorded
S2,135,1,visual_up,0,5,5,MISSING_MEASURED_EFFECTS: Sample 2 measured_data_v2.json has no effect items recorded
S2,135,3,critical_coeff_up,0,8,8,MISSING_MEASURED_EFFECTS: Sample 2 measured_data_v2.json has no effect items recorded
S2,135,3,critical_rate_up,0,8,8,MISSING_MEASURED_EFFECTS: Sample 2 measured_data_v2.json has no effect items recorded
S2,135,3,skill_success_up,0,3,3,MISSING_MEASURED_EFFECTS: Sample 2 measured_data_v2.json has no effect items recorded
S2,135,3,visual_up,0,11,11,MISSING_MEASURED_EFFECTS: Sample 2 measured_data_v2.json has no effect items recorded
S2,135,4,a_skill_score_up,0,4,4,MISSING_MEASURED_EFFECTS: Sample 2 measured_data_v2.json has no effect items recorded
S2,135,4,score_up,0,4,4,MISSING_MEASURED_EFFECTS: Sample 2 measured_data_v2.json has no effect items recorded
S2,135,5,visual_up,0,4,4,MISSING_MEASURED_EFFECTS: Sample 2 measured_data_v2.json has no effect items recorded
S2,136,1,visual_up,0,5,5,MISSING_MEASURED_EFFECTS: Sample 2 measured_data_v2.json has no effect items recorded
S2,136,3,critical_coeff_up,0,8,8,MISSING_MEASURED_EFFECTS: Sample 2 measured_data_v2.json has no effect items recorded
S2,136,3,critical_rate_up,0,15,15,MISSING_MEASURED_EFFECTS: Sample 2 measured_data_v2.json has no effect items recorded
S2,136,3,skill_success_up,0,3,3,MISSING_MEASURED_EFFECTS: Sample 2 measured_data_v2.json has no effect items recorded
S2,136,3,visual_up,0,8,8,MISSING_MEASURED_EFFECTS: Sample 2 measured_data_v2.json has no effect items recorded
S2,136,4,a_skill_score_up,0,4,4,MISSING_MEASURED_EFFECTS: Sample 2 measured_data_v2.json has no effect items recorded
S2,136,4,score_up,0,4,4,MISSING_MEASURED_EFFECTS: Sample 2 measured_data_v2.json has no effect items recorded
S2,137,1,visual_up,0,5,5,MISSING_MEASURED_EFFECTS: Sample 2 measured_data_v2.json has no effect items recorded
S2,137,3,critical_coeff_up,0,8,8,MISSING_MEASURED_EFFECTS: Sample 2 measured_data_v2.json has no effect items recorded
S2,137,3,critical_rate_up,0,15,15,MISSING_MEASURED_EFFECTS: Sample 2 measured_data_v2.json has no effect items recorded
S2,137,3,skill_success_up,0,3,3,MISSING_MEASURED_EFFECTS: Sample 2 measured_data_v2.json has no effect items recorded
S2,137,3,visual_up,0,8,8,MISSING_MEASURED_EFFECTS: Sample 2 measured_data_v2.json has no effect items recorded
S2,138,1,visual_up,0,5,5,MISSING_MEASURED_EFFECTS: Sample 2 measured_data_v2.json has no effect items recorded
S2,138,3,critical_coeff_up,0,8,8,MISSING_MEASURED_EFFECTS: Sample 2 measured_data_v2.json has no effect items recorded
S2,138,3,critical_rate_up,0,15,15,MISSING_MEASURED_EFFECTS: Sample 2 measured_data_v2.json has no effect items recorded
S2,138,3,skill_success_up,0,3,3,MISSING_MEASURED_EFFECTS: Sample 2 measured_data_v2.json has no effect items recorded
S2,138,3,visual_up,0,8,8,MISSING_MEASURED_EFFECTS: Sample 2 measured_data_v2.json has no effect items recorded
S2,139,1,visual_up,0,5,5,MISSING_MEASURED_EFFECTS: Sample 2 measured_data_v2.json has no effect items recorded
S2,139,3,critical_coeff_up,0,8,8,MISSING_MEASURED_EFFECTS: Sample 2 measured_data_v2.json has no effect items recorded
S2,139,3,critical_rate_up,0,15,15,MISSING_MEASURED_EFFECTS: Sample 2 measured_data_v2.json has no effect items recorded
S2,139,3,skill_success_up,0,3,3,MISSING_MEASURED_EFFECTS: Sample 2 measured_data_v2.json has no effect items recorded
S2,139,3,visual_up,0,8,8,MISSING_MEASURED_EFFECTS: Sample 2 measured_data_v2.json has no effect items recorded
S2,140,1,visual_up,0,5,5,MISSING_MEASURED_EFFECTS: Sample 2 measured_data_v2.json has no effect items recorded
S2,140,3,critical_coeff_up,0,8,8,MISSING_MEASURED_EFFECTS: Sample 2 measured_data_v2.json has no effect items recorded
S2,140,3,critical_rate_up,0,15,15,MISSING_MEASURED_EFFECTS: Sample 2 measured_data_v2.json has no effect items recorded
S2,140,3,skill_success_up,0,3,3,MISSING_MEASURED_EFFECTS: Sample 2 measured_data_v2.json has no effect items recorded
S2,140,3,visual_up,0,8,8,MISSING_MEASURED_EFFECTS: Sample 2 measured_data_v2.json has no effect items recorded
S2,141,1,visual_up,0,5,5,MISSING_MEASURED_EFFECTS: Sample 2 measured_data_v2.json has no effect items recorded
S2,141,3,critical_coeff_up,0,8,8,MISSING_MEASURED_EFFECTS: Sample 2 measured_data_v2.json has no effect items recorded
S2,141,3,critical_rate_up,0,15,15,MISSING_MEASURED_EFFECTS: Sample 2 measured_data_v2.json has no effect items recorded
S2,141,3,skill_success_up,0,3,3,MISSING_MEASURED_EFFECTS: Sample 2 measured_data_v2.json has no effect items recorded
S2,141,3,visual_up,0,8,8,MISSING_MEASURED_EFFECTS: Sample 2 measured_data_v2.json has no effect items recorded
S2,142,1,visual_up,0,5,5,MISSING_MEASURED_EFFECTS: Sample 2 measured_data_v2.json has no effect items recorded
S2,142,3,critical_coeff_up,0,8,8,MISSING_MEASURED_EFFECTS: Sample 2 measured_data_v2.json has no effect items recorded
S2,142,3,critical_rate_up,0,15,15,MISSING_MEASURED_EFFECTS: Sample 2 measured_data_v2.json has no effect items recorded
S2,142,3,skill_success_up,0,3,3,MISSING_MEASURED_EFFECTS: Sample 2 measured_data_v2.json has no effect items recorded
S2,142,3,visual_up,0,8,8,MISSING_MEASURED_EFFECTS: Sample 2 measured_data_v2.json has no effect items recorded
S2,143,1,visual_up,0,5,5,MISSING_MEASURED_EFFECTS: Sample 2 measured_data_v2.json has no effect items recorded
S2,143,3,critical_coeff_up,0,8,8,MISSING_MEASURED_EFFECTS: Sample 2 measured_data_v2.json has no effect items recorded
S2,143,3,critical_rate_up,0,15,15,MISSING_MEASURED_EFFECTS: Sample 2 measured_data_v2.json has no effect items recorded
S2,143,3,skill_success_up,0,3,3,MISSING_MEASURED_EFFECTS: Sample 2 measured_data_v2.json has no effect items recorded
S2,143,3,visual_up,0,8,8,MISSING_MEASURED_EFFECTS: Sample 2 measured_data_v2.json has no effect items recorded
S2,144,1,visual_up,0,5,5,MISSING_MEASURED_EFFECTS: Sample 2 measured_data_v2.json has no effect items recorded
S2,144,3,critical_coeff_up,0,8,8,MISSING_MEASURED_EFFECTS: Sample 2 measured_data_v2.json has no effect items recorded
S2,144,3,critical_rate_up,0,15,15,MISSING_MEASURED_EFFECTS: Sample 2 measured_data_v2.json has no effect items recorded
S2,144,3,skill_success_up,0,3,3,MISSING_MEASURED_EFFECTS: Sample 2 measured_data_v2.json has no effect items recorded
S2,144,3,visual_up,0,8,8,MISSING_MEASURED_EFFECTS: Sample 2 measured_data_v2.json has no effect items recorded
S2,145,1,visual_up,0,5,5,MISSING_MEASURED_EFFECTS: Sample 2 measured_data_v2.json has no effect items recorded
S2,145,3,critical_coeff_up,0,8,8,MISSING_MEASURED_EFFECTS: Sample 2 measured_data_v2.json has no effect items recorded
S2,145,3,critical_rate_up,0,15,15,MISSING_MEASURED_EFFECTS: Sample 2 measured_data_v2.json has no effect items recorded
S2,145,3,skill_success_up,0,3,3,MISSING_MEASURED_EFFECTS: Sample 2 measured_data_v2.json has no effect items recorded
S2,145,3,visual_up,0,8,8,MISSING_MEASURED_EFFECTS: Sample 2 measured_data_v2.json has no effect items recorded
S2,146,1,visual_up,0,5,5,MISSING_MEASURED_EFFECTS: Sample 2 measured_data_v2.json has no effect items recorded
S2,146,3,critical_rate_up,0,7,7,MISSING_MEASURED_EFFECTS: Sample 2 measured_data_v2.json has no effect items recorded
S2,146,3,skill_success_up,0,3,3,MISSING_MEASURED_EFFECTS: Sample 2 measured_data_v2.json has no effect items recorded
S2,146,3,visual_up,0,8,8,MISSING_MEASURED_EFFECTS: Sample 2 measured_data_v2.json has no effect items recorded
S2,147,1,visual_up,0,5,5,MISSING_MEASURED_EFFECTS: Sample 2 measured_data_v2.json has no effect items recorded
S2,147,3,critical_rate_up,0,7,7,MISSING_MEASURED_EFFECTS: Sample 2 measured_data_v2.json has no effect items recorded
S2,147,3,skill_success_up,0,3,3,MISSING_MEASURED_EFFECTS: Sample 2 measured_data_v2.json has no effect items recorded
S2,147,3,visual_up,0,8,8,MISSING_MEASURED_EFFECTS: Sample 2 measured_data_v2.json has no effect items recorded
S2,148,1,visual_up,0,5,5,MISSING_MEASURED_EFFECTS: Sample 2 measured_data_v2.json has no effect items recorded
S2,148,3,critical_rate_up,0,7,7,MISSING_MEASURED_EFFECTS: Sample 2 measured_data_v2.json has no effect items recorded
S2,148,3,visual_up,0,4,4,MISSING_MEASURED_EFFECTS: Sample 2 measured_data_v2.json has no effect items recorded
S2,149,1,visual_up,0,5,5,MISSING_MEASURED_EFFECTS: Sample 2 measured_data_v2.json has no effect items recorded
S2,149,3,critical_rate_up,0,7,7,MISSING_MEASURED_EFFECTS: Sample 2 measured_data_v2.json has no effect items recorded
S2,149,3,visual_up,0,4,4,MISSING_MEASURED_EFFECTS: Sample 2 measured_data_v2.json has no effect items recorded
S2,150,1,visual_up,0,5,5,MISSING_MEASURED_EFFECTS: Sample 2 measured_data_v2.json has no effect items recorded
S2,150,3,critical_rate_up,0,7,7,MISSING_MEASURED_EFFECTS: Sample 2 measured_data_v2.json has no effect items recorded
S2,150,3,visual_up,0,4,4,MISSING_MEASURED_EFFECTS: Sample 2 measured_data_v2.json has no effect items recorded
S2,151,1,visual_up,0,5,5,MISSING_MEASURED_EFFECTS: Sample 2 measured_data_v2.json has no effect items recorded
S2,151,3,critical_coeff_up,0,8,8,MISSING_MEASURED_EFFECTS: Sample 2 measured_data_v2.json has no effect items recorded
S2,151,3,critical_rate_up,0,15,15,MISSING_MEASURED_EFFECTS: Sample 2 measured_data_v2.json has no effect items recorded
S2,151,3,focus,0,6,6,MISSING_MEASURED_EFFECTS: Sample 2 measured_data_v2.json has no effect items recorded
S2,151,3,skill_success_up,0,3,3,MISSING_MEASURED_EFFECTS: Sample 2 measured_data_v2.json has no effect items recorded
S2,151,3,visual_up,0,8,8,MISSING_MEASURED_EFFECTS: Sample 2 measured_data_v2.json has no effect items recorded
S2,152,1,visual_up,0,5,5,MISSING_MEASURED_EFFECTS: Sample 2 measured_data_v2.json has no effect items recorded
S2,152,3,critical_coeff_up,0,8,8,MISSING_MEASURED_EFFECTS: Sample 2 measured_data_v2.json has no effect items recorded
S2,152,3,critical_rate_up,0,15,15,MISSING_MEASURED_EFFECTS: Sample 2 measured_data_v2.json has no effect items recorded
S2,152,3,focus,0,6,6,MISSING_MEASURED_EFFECTS: Sample 2 measured_data_v2.json has no effect items recorded
S2,152,3,skill_success_up,0,3,3,MISSING_MEASURED_EFFECTS: Sample 2 measured_data_v2.json has no effect items recorded
S2,152,3,visual_up,0,11,11,MISSING_MEASURED_EFFECTS: Sample 2 measured_data_v2.json has no effect items recorded
S2,152,4,a_skill_score_up,0,4,4,MISSING_MEASURED_EFFECTS: Sample 2 measured_data_v2.json has no effect items recorded
S2,152,4,score_up,0,4,4,MISSING_MEASURED_EFFECTS: Sample 2 measured_data_v2.json has no effect items recorded
S2,152,5,visual_up,0,4,4,MISSING_MEASURED_EFFECTS: Sample 2 measured_data_v2.json has no effect items recorded
S2,153,1,visual_up,0,5,5,MISSING_MEASURED_EFFECTS: Sample 2 measured_data_v2.json has no effect items recorded
S2,153,3,critical_coeff_up,0,8,8,MISSING_MEASURED_EFFECTS: Sample 2 measured_data_v2.json has no effect items recorded
S2,153,3,critical_rate_up,0,15,15,MISSING_MEASURED_EFFECTS: Sample 2 measured_data_v2.json has no effect items recorded
S2,153,3,focus,0,6,6,MISSING_MEASURED_EFFECTS: Sample 2 measured_data_v2.json has no effect items recorded
S2,153,3,skill_success_up,0,3,3,MISSING_MEASURED_EFFECTS: Sample 2 measured_data_v2.json has no effect items recorded
S2,153,3,visual_up,0,11,11,MISSING_MEASURED_EFFECTS: Sample 2 measured_data_v2.json has no effect items recorded
S2,153,4,a_skill_score_up,0,4,4,MISSING_MEASURED_EFFECTS: Sample 2 measured_data_v2.json has no effect items recorded
S2,153,4,score_up,0,4,4,MISSING_MEASURED_EFFECTS: Sample 2 measured_data_v2.json has no effect items recorded
S2,153,5,visual_up,0,4,4,MISSING_MEASURED_EFFECTS: Sample 2 measured_data_v2.json has no effect items recorded
S2,154,1,visual_up,0,5,5,MISSING_MEASURED_EFFECTS: Sample 2 measured_data_v2.json has no effect items recorded
S2,154,3,critical_coeff_up,0,8,8,MISSING_MEASURED_EFFECTS: Sample 2 measured_data_v2.json has no effect items recorded
S2,154,3,critical_rate_up,0,15,15,MISSING_MEASURED_EFFECTS: Sample 2 measured_data_v2.json has no effect items recorded
S2,154,3,focus,0,6,6,MISSING_MEASURED_EFFECTS: Sample 2 measured_data_v2.json has no effect items recorded
S2,154,3,skill_success_up,0,3,3,MISSING_MEASURED_EFFECTS: Sample 2 measured_data_v2.json has no effect items recorded
S2,154,3,visual_up,0,11,11,MISSING_MEASURED_EFFECTS: Sample 2 measured_data_v2.json has no effect items recorded
S2,154,4,a_skill_score_up,0,4,4,MISSING_MEASURED_EFFECTS: Sample 2 measured_data_v2.json has no effect items recorded
S2,154,4,score_up,0,4,4,MISSING_MEASURED_EFFECTS: Sample 2 measured_data_v2.json has no effect items recorded
S2,154,5,visual_up,0,4,4,MISSING_MEASURED_EFFECTS: Sample 2 measured_data_v2.json has no effect items recorded
S2,155,1,visual_up,0,5,5,MISSING_MEASURED_EFFECTS: Sample 2 measured_data_v2.json has no effect items recorded
S2,155,3,critical_coeff_up,0,8,8,MISSING_MEASURED_EFFECTS: Sample 2 measured_data_v2.json has no effect items recorded
S2,155,3,critical_rate_up,0,15,15,MISSING_MEASURED_EFFECTS: Sample 2 measured_data_v2.json has no effect items recorded
S2,155,3,focus,0,6,6,MISSING_MEASURED_EFFECTS: Sample 2 measured_data_v2.json has no effect items recorded
S2,155,3,skill_success_up,0,3,3,MISSING_MEASURED_EFFECTS: Sample 2 measured_data_v2.json has no effect items recorded
S2,155,3,visual_up,0,11,11,MISSING_MEASURED_EFFECTS: Sample 2 measured_data_v2.json has no effect items recorded
S2,155,4,a_skill_score_up,0,4,4,MISSING_MEASURED_EFFECTS: Sample 2 measured_data_v2.json has no effect items recorded
S2,155,4,score_up,0,4,4,MISSING_MEASURED_EFFECTS: Sample 2 measured_data_v2.json has no effect items recorded
S2,155,5,visual_up,0,4,4,MISSING_MEASURED_EFFECTS: Sample 2 measured_data_v2.json has no effect items recorded
S2,156,3,critical_coeff_up,0,8,8,MISSING_MEASURED_EFFECTS: Sample 2 measured_data_v2.json has no effect items recorded
S2,156,3,critical_rate_up,0,15,15,MISSING_MEASURED_EFFECTS: Sample 2 measured_data_v2.json has no effect items recorded
S2,156,3,focus,0,6,6,MISSING_MEASURED_EFFECTS: Sample 2 measured_data_v2.json has no effect items recorded
S2,156,3,skill_success_up,0,3,3,MISSING_MEASURED_EFFECTS: Sample 2 measured_data_v2.json has no effect items recorded
S2,156,3,visual_up,0,11,11,MISSING_MEASURED_EFFECTS: Sample 2 measured_data_v2.json has no effect items recorded
S2,156,4,a_skill_score_up,0,4,4,MISSING_MEASURED_EFFECTS: Sample 2 measured_data_v2.json has no effect items recorded
S2,156,4,score_up,0,4,4,MISSING_MEASURED_EFFECTS: Sample 2 measured_data_v2.json has no effect items recorded
S2,156,5,visual_up,0,4,4,MISSING_MEASURED_EFFECTS: Sample 2 measured_data_v2.json has no effect items recorded
S2,157,3,critical_coeff_up,0,8,8,MISSING_MEASURED_EFFECTS: Sample 2 measured_data_v2.json has no effect items recorded
S2,157,3,critical_rate_up,0,15,15,MISSING_MEASURED_EFFECTS: Sample 2 measured_data_v2.json has no effect items recorded
S2,157,3,focus,0,6,6,MISSING_MEASURED_EFFECTS: Sample 2 measured_data_v2.json has no effect items recorded
S2,157,3,skill_success_up,0,3,3,MISSING_MEASURED_EFFECTS: Sample 2 measured_data_v2.json has no effect items recorded
S2,157,3,visual_up,0,11,11,MISSING_MEASURED_EFFECTS: Sample 2 measured_data_v2.json has no effect items recorded
S2,157,4,a_skill_score_up,0,4,4,MISSING_MEASURED_EFFECTS: Sample 2 measured_data_v2.json has no effect items recorded
S2,157,4,score_up,0,4,4,MISSING_MEASURED_EFFECTS: Sample 2 measured_data_v2.json has no effect items recorded
S2,157,5,visual_up,0,4,4,MISSING_MEASURED_EFFECTS: Sample 2 measured_data_v2.json has no effect items recorded
S2,158,3,critical_coeff_up,0,8,8,MISSING_MEASURED_EFFECTS: Sample 2 measured_data_v2.json has no effect items recorded
S2,158,3,critical_rate_up,0,15,15,MISSING_MEASURED_EFFECTS: Sample 2 measured_data_v2.json has no effect items recorded
S2,158,3,focus,0,6,6,MISSING_MEASURED_EFFECTS: Sample 2 measured_data_v2.json has no effect items recorded
S2,158,3,skill_success_up,0,3,3,MISSING_MEASURED_EFFECTS: Sample 2 measured_data_v2.json has no effect items recorded
S2,158,3,visual_up,0,11,11,MISSING_MEASURED_EFFECTS: Sample 2 measured_data_v2.json has no effect items recorded
S2,158,4,a_skill_score_up,0,4,4,MISSING_MEASURED_EFFECTS: Sample 2 measured_data_v2.json has no effect items recorded
S2,158,4,score_up,0,4,4,MISSING_MEASURED_EFFECTS: Sample 2 measured_data_v2.json has no effect items recorded
S2,158,5,visual_up,0,4,4,MISSING_MEASURED_EFFECTS: Sample 2 measured_data_v2.json has no effect items recorded
S2,159,3,critical_coeff_up,0,8,8,MISSING_MEASURED_EFFECTS: Sample 2 measured_data_v2.json has no effect items recorded
S2,159,3,critical_rate_up,0,15,15,MISSING_MEASURED_EFFECTS: Sample 2 measured_data_v2.json has no effect items recorded
S2,159,3,focus,0,6,6,MISSING_MEASURED_EFFECTS: Sample 2 measured_data_v2.json has no effect items recorded
S2,159,3,skill_success_up,0,3,3,MISSING_MEASURED_EFFECTS: Sample 2 measured_data_v2.json has no effect items recorded
S2,159,3,visual_up,0,11,11,MISSING_MEASURED_EFFECTS: Sample 2 measured_data_v2.json has no effect items recorded
S2,159,4,a_skill_score_up,0,4,4,MISSING_MEASURED_EFFECTS: Sample 2 measured_data_v2.json has no effect items recorded
S2,159,4,score_up,0,4,4,MISSING_MEASURED_EFFECTS: Sample 2 measured_data_v2.json has no effect items recorded
S2,159,5,visual_up,0,4,4,MISSING_MEASURED_EFFECTS: Sample 2 measured_data_v2.json has no effect items recorded
S2,160,3,critical_coeff_up,0,8,8,MISSING_MEASURED_EFFECTS: Sample 2 measured_data_v2.json has no effect items recorded
S2,160,3,critical_rate_up,0,15,15,MISSING_MEASURED_EFFECTS: Sample 2 measured_data_v2.json has no effect items recorded
S2,160,3,focus,0,6,6,MISSING_MEASURED_EFFECTS: Sample 2 measured_data_v2.json has no effect items recorded
S2,160,3,skill_success_up,0,3,3,MISSING_MEASURED_EFFECTS: Sample 2 measured_data_v2.json has no effect items recorded
S2,160,3,visual_up,0,11,11,MISSING_MEASURED_EFFECTS: Sample 2 measured_data_v2.json has no effect items recorded
S2,160,4,a_skill_score_up,0,4,4,MISSING_MEASURED_EFFECTS: Sample 2 measured_data_v2.json has no effect items recorded
S2,160,4,score_up,0,4,4,MISSING_MEASURED_EFFECTS: Sample 2 measured_data_v2.json has no effect items recorded
S2,160,5,visual_up,0,4,4,MISSING_MEASURED_EFFECTS: Sample 2 measured_data_v2.json has no effect items recorded
S2,161,3,critical_coeff_up,0,8,8,MISSING_MEASURED_EFFECTS: Sample 2 measured_data_v2.json has no effect items recorded
S2,161,3,critical_rate_up,0,15,15,MISSING_MEASURED_EFFECTS: Sample 2 measured_data_v2.json has no effect items recorded
S2,161,3,focus,0,6,6,MISSING_MEASURED_EFFECTS: Sample 2 measured_data_v2.json has no effect items recorded
S2,161,3,skill_success_up,0,3,3,MISSING_MEASURED_EFFECTS: Sample 2 measured_data_v2.json has no effect items recorded
S2,161,3,visual_up,0,11,11,MISSING_MEASURED_EFFECTS: Sample 2 measured_data_v2.json has no effect items recorded
S2,161,4,a_skill_score_up,0,4,4,MISSING_MEASURED_EFFECTS: Sample 2 measured_data_v2.json has no effect items recorded
S2,161,4,score_up,0,4,4,MISSING_MEASURED_EFFECTS: Sample 2 measured_data_v2.json has no effect items recorded
S2,161,5,visual_up,0,4,4,MISSING_MEASURED_EFFECTS: Sample 2 measured_data_v2.json has no effect items recorded
S2,162,3,critical_coeff_up,0,8,8,MISSING_MEASURED_EFFECTS: Sample 2 measured_data_v2.json has no effect items recorded
S2,162,3,critical_rate_up,0,15,15,MISSING_MEASURED_EFFECTS: Sample 2 measured_data_v2.json has no effect items recorded
S2,162,3,focus,0,6,6,MISSING_MEASURED_EFFECTS: Sample 2 measured_data_v2.json has no effect items recorded
S2,162,3,skill_success_up,0,3,3,MISSING_MEASURED_EFFECTS: Sample 2 measured_data_v2.json has no effect items recorded
S2,162,3,visual_up,0,11,11,MISSING_MEASURED_EFFECTS: Sample 2 measured_data_v2.json has no effect items recorded
S2,162,4,a_skill_score_up,0,4,4,MISSING_MEASURED_EFFECTS: Sample 2 measured_data_v2.json has no effect items recorded
S2,162,4,score_up,0,4,4,MISSING_MEASURED_EFFECTS: Sample 2 measured_data_v2.json has no effect items recorded
S2,162,5,visual_up,0,4,4,MISSING_MEASURED_EFFECTS: Sample 2 measured_data_v2.json has no effect items recorded
S2,163,3,critical_coeff_up,0,8,8,MISSING_MEASURED_EFFECTS: Sample 2 measured_data_v2.json has no effect items recorded
S2,163,3,critical_rate_up,0,15,15,MISSING_MEASURED_EFFECTS: Sample 2 measured_data_v2.json has no effect items recorded
S2,163,3,focus,0,6,6,MISSING_MEASURED_EFFECTS: Sample 2 measured_data_v2.json has no effect items recorded
S2,163,3,skill_success_up,0,3,3,MISSING_MEASURED_EFFECTS: Sample 2 measured_data_v2.json has no effect items recorded
S2,163,3,visual_up,0,11,11,MISSING_MEASURED_EFFECTS: Sample 2 measured_data_v2.json has no effect items recorded
S2,163,4,a_skill_score_up,0,4,4,MISSING_MEASURED_EFFECTS: Sample 2 measured_data_v2.json has no effect items recorded
S2,163,4,score_up,0,4,4,MISSING_MEASURED_EFFECTS: Sample 2 measured_data_v2.json has no effect items recorded
S2,163,5,visual_up,0,4,4,MISSING_MEASURED_EFFECTS: Sample 2 measured_data_v2.json has no effect items recorded
S2,164,3,critical_coeff_up,0,8,8,MISSING_MEASURED_EFFECTS: Sample 2 measured_data_v2.json has no effect items recorded
S2,164,3,critical_rate_up,0,15,15,MISSING_MEASURED_EFFECTS: Sample 2 measured_data_v2.json has no effect items recorded
S2,164,3,focus,0,6,6,MISSING_MEASURED_EFFECTS: Sample 2 measured_data_v2.json has no effect items recorded
S2,164,3,skill_success_up,0,3,3,MISSING_MEASURED_EFFECTS: Sample 2 measured_data_v2.json has no effect items recorded
S2,164,3,visual_up,0,11,11,MISSING_MEASURED_EFFECTS: Sample 2 measured_data_v2.json has no effect items recorded
S2,164,4,a_skill_score_up,0,4,4,MISSING_MEASURED_EFFECTS: Sample 2 measured_data_v2.json has no effect items recorded
S2,164,4,score_up,0,4,4,MISSING_MEASURED_EFFECTS: Sample 2 measured_data_v2.json has no effect items recorded
S2,164,5,visual_up,0,4,4,MISSING_MEASURED_EFFECTS: Sample 2 measured_data_v2.json has no effect items recorded
S2,165,3,critical_coeff_up,0,8,8,MISSING_MEASURED_EFFECTS: Sample 2 measured_data_v2.json has no effect items recorded
S2,165,3,critical_rate_up,0,15,15,MISSING_MEASURED_EFFECTS: Sample 2 measured_data_v2.json has no effect items recorded
S2,165,3,focus,0,6,6,MISSING_MEASURED_EFFECTS: Sample 2 measured_data_v2.json has no effect items recorded
S2,165,3,skill_success_up,0,3,3,MISSING_MEASURED_EFFECTS: Sample 2 measured_data_v2.json has no effect items recorded
S2,165,3,visual_up,0,11,11,MISSING_MEASURED_EFFECTS: Sample 2 measured_data_v2.json has no effect items recorded
S2,165,4,a_skill_score_up,0,4,4,MISSING_MEASURED_EFFECTS: Sample 2 measured_data_v2.json has no effect items recorded
S2,165,4,score_up,0,4,4,MISSING_MEASURED_EFFECTS: Sample 2 measured_data_v2.json has no effect items recorded
S2,165,5,visual_up,0,4,4,MISSING_MEASURED_EFFECTS: Sample 2 measured_data_v2.json has no effect items recorded
S2,166,1,visual_up,0,5,5,MISSING_MEASURED_EFFECTS: Sample 2 measured_data_v2.json has no effect items recorded
S2,166,3,critical_coeff_up,0,8,8,MISSING_MEASURED_EFFECTS: Sample 2 measured_data_v2.json has no effect items recorded
S2,166,3,critical_rate_up,0,15,15,MISSING_MEASURED_EFFECTS: Sample 2 measured_data_v2.json has no effect items recorded
S2,166,3,focus,0,6,6,MISSING_MEASURED_EFFECTS: Sample 2 measured_data_v2.json has no effect items recorded
S2,166,3,skill_success_up,0,3,3,MISSING_MEASURED_EFFECTS: Sample 2 measured_data_v2.json has no effect items recorded
S2,166,3,visual_up,0,11,11,MISSING_MEASURED_EFFECTS: Sample 2 measured_data_v2.json has no effect items recorded
S2,166,4,a_skill_score_up,0,4,4,MISSING_MEASURED_EFFECTS: Sample 2 measured_data_v2.json has no effect items recorded
S2,166,4,score_up,0,4,4,MISSING_MEASURED_EFFECTS: Sample 2 measured_data_v2.json has no effect items recorded
S2,166,5,visual_up,0,4,4,MISSING_MEASURED_EFFECTS: Sample 2 measured_data_v2.json has no effect items recorded
S2,167,1,visual_up,0,5,5,MISSING_MEASURED_EFFECTS: Sample 2 measured_data_v2.json has no effect items recorded
S2,167,3,critical_coeff_up,0,8,8,MISSING_MEASURED_EFFECTS: Sample 2 measured_data_v2.json has no effect items recorded
S2,167,3,critical_rate_up,0,15,15,MISSING_MEASURED_EFFECTS: Sample 2 measured_data_v2.json has no effect items recorded
S2,167,3,focus,0,6,6,MISSING_MEASURED_EFFECTS: Sample 2 measured_data_v2.json has no effect items recorded
S2,167,3,skill_success_up,0,3,3,MISSING_MEASURED_EFFECTS: Sample 2 measured_data_v2.json has no effect items recorded
S2,167,3,visual_up,0,11,11,MISSING_MEASURED_EFFECTS: Sample 2 measured_data_v2.json has no effect items recorded
S2,167,4,a_skill_score_up,0,4,4,MISSING_MEASURED_EFFECTS: Sample 2 measured_data_v2.json has no effect items recorded
S2,167,4,score_up,0,4,4,MISSING_MEASURED_EFFECTS: Sample 2 measured_data_v2.json has no effect items recorded
S2,167,5,visual_up,0,4,4,MISSING_MEASURED_EFFECTS: Sample 2 measured_data_v2.json has no effect items recorded
