sample,beat,lane,key,measured_stage,sim_stage,diff,note
T5,1,2,a_skill_score_up,0,7,7,"MISSING_MEASURED_LANE: T5 measured_data_v2 only captures Lane 3 effect box; Lanes 1,2,4,5 are unrecorded"
T5,1,3,a_skill_score_up,0,7,7,"AMPLIFY_OR_OVERLAP_ON_BEAT: Activation on b1 (['sk-yu-05-birt-02-2', 'photo-L1-1', 'sk-ktn-05-wedd-00-3', 'photo-L4-2', 'sk-ski-05-onep-00-3', 'photo-L2-1', 'sk-ski-05-waso-00-3', 'photo-L5-1', 'sk-chs-05-fest-03-3']); measured stage 0 vs sim stage 7"
T5,1,3,combo_score_up,0,6,6,"AMPLIFY_OR_OVERLAP_ON_BEAT: Activation on b1 (['sk-yu-05-birt-02-2', 'photo-L1-1', 'sk-ktn-05-wedd-00-3', 'photo-L4-2', 'sk-ski-05-onep-00-3', 'photo-L2-1', 'sk-ski-05-waso-00-3', 'photo-L5-1', 'sk-chs-05-fest-03-3']); measured stage 0 vs sim stage 6"
T5,1,3,critical_coeff_up,7,0,-7,"PHASE_LAG_ACTIVATION: Activated on b1 (acts=['sk-yu-05-birt-02-2', 'photo-L1-1', 'sk-ktn-05-wedd-00-3', 'photo-L4-2', 'sk-ski-05-onep-00-3', 'photo-L2-1', 'sk-ski-05-waso-00-3', 'photo-L5-1', 'sk-chs-05-fest-03-3']); measured reflects immediately (POST), sim reflects next beat (PRE)"
T5,1,3,score_up,0,3,3,"AMPLIFY_OR_OVERLAP_ON_BEAT: Activation on b1 (['sk-yu-05-birt-02-2', 'photo-L1-1', 'sk-ktn-05-wedd-00-3', 'photo-L4-2', 'sk-ski-05-onep-00-3', 'photo-L2-1', 'sk-ski-05-waso-00-3', 'photo-L5-1', 'sk-chs-05-fest-03-3']); measured stage 0 vs sim stage 3"
T5,1,3,skill_success_up,7,0,-7,"PHASE_LAG_ACTIVATION: Activated on b1 (acts=['sk-yu-05-birt-02-2', 'photo-L1-1', 'sk-ktn-05-wedd-00-3', 'photo-L4-2', 'sk-ski-05-onep-00-3', 'photo-L2-1', 'sk-ski-05-waso-00-3', 'photo-L5-1', 'sk-chs-05-fest-03-3']); measured reflects immediately (POST), sim reflects next beat (PRE)"
T5,1,3,stamina_cost_down,12,0,-12,"PHASE_LAG_ACTIVATION: Activated on b1 (acts=['sk-yu-05-birt-02-2', 'photo-L1-1', 'sk-ktn-05-wedd-00-3', 'photo-L4-2', 'sk-ski-05-onep-00-3', 'photo-L2-1', 'sk-ski-05-waso-00-3', 'photo-L5-1', 'sk-chs-05-fest-03-3']); measured reflects immediately (POST), sim reflects next beat (PRE)"
T5,1,3,tension_up,0,3,3,"AMPLIFY_OR_OVERLAP_ON_BEAT: Activation on b1 (['sk-yu-05-birt-02-2', 'photo-L1-1', 'sk-ktn-05-wedd-00-3', 'photo-L4-2', 'sk-ski-05-onep-00-3', 'photo-L2-1', 'sk-ski-05-waso-00-3', 'photo-L5-1', 'sk-chs-05-fest-03-3']); measured stage 0 vs sim stage 3"
T5,1,3,vocal_boost,0,7,7,"AMPLIFY_OR_OVERLAP_ON_BEAT: Activation on b1 (['sk-yu-05-birt-02-2', 'photo-L1-1', 'sk-ktn-05-wedd-00-3', 'photo-L4-2', 'sk-ski-05-onep-00-3', 'photo-L2-1', 'sk-ski-05-waso-00-3', 'photo-L5-1', 'sk-chs-05-fest-03-3']); measured stage 0 vs sim stage 7"
T5,1,3,vocal_up,17,0,-17,"PHASE_LAG_ACTIVATION: Activated on b1 (acts=['sk-yu-05-birt-02-2', 'photo-L1-1', 'sk-ktn-05-wedd-00-3', 'photo-L4-2', 'sk-ski-05-onep-00-3', 'photo-L2-1', 'sk-ski-05-waso-00-3', 'photo-L5-1', 'sk-chs-05-fest-03-3']); measured reflects immediately (POST), sim reflects next beat (PRE)"
T5,1,5,a_skill_score_up,0,7,7,"MISSING_MEASURED_LANE: T5 measured_data_v2 only captures Lane 3 effect box; Lanes 1,2,4,5 are unrecorded"
T5,2,2,a_skill_score_up,0,7,7,"MISSING_MEASURED_LANE: T5 measured_data_v2 only captures Lane 3 effect box; Lanes 1,2,4,5 are unrecorded"
T5,2,2,score_up,0,8,8,"MISSING_MEASURED_LANE: T5 measured_data_v2 only captures Lane 3 effect box; Lanes 1,2,4,5 are unrecorded"
T5,2,3,a_skill_score_up,0,7,7,DECAY_TIMING_LAG: Buff expired in measured 1-2 beats earlier than sim (in-game decay counts activation beat)
T5,2,3,combo_score_up,0,6,6,DECAY_TIMING_LAG: Buff expired in measured 1-2 beats earlier than sim (in-game decay counts activation beat)
T5,2,3,focus,3,9,6,"AMPLIFY_OR_OVERLAP_ON_BEAT: Activation on b2 (['photo-L1-2', 'photo-L5-2', 'sk-chs-05-fest-03-2', 'photo-L2-2']); measured stage 3 vs sim stage 9"
T5,2,3,score_up,0,11,11,"AMPLIFY_OR_OVERLAP_ON_BEAT: Activation on b2 (['photo-L1-2', 'photo-L5-2', 'sk-chs-05-fest-03-2', 'photo-L2-2']); measured stage 0 vs sim stage 11"
T5,2,3,stamina_cost_down,10,0,-10,"PHASE_LAG_ACTIVATION: Activated on b2 (acts=['photo-L1-2', 'photo-L5-2', 'sk-chs-05-fest-03-2', 'photo-L2-2']); measured reflects immediately (POST), sim reflects next beat (PRE)"
T5,2,3,tension_up,0,3,3,DECAY_TIMING_LAG: Buff expired in measured 1-2 beats earlier than sim (in-game decay counts activation beat)
T5,2,3,vocal_boost,0,7,7,DECAY_TIMING_LAG: Buff expired in measured 1-2 beats earlier than sim (in-game decay counts activation beat)
T5,2,5,a_skill_score_up,0,7,7,"MISSING_MEASURED_LANE: T5 measured_data_v2 only captures Lane 3 effect box; Lanes 1,2,4,5 are unrecorded"
T5,3,2,a_skill_score_up,0,7,7,"MISSING_MEASURED_LANE: T5 measured_data_v2 only captures Lane 3 effect box; Lanes 1,2,4,5 are unrecorded"
T5,3,2,score_up,0,8,8,"MISSING_MEASURED_LANE: T5 measured_data_v2 only captures Lane 3 effect box; Lanes 1,2,4,5 are unrecorded"
T5,3,3,a_skill_score_up,0,7,7,DECAY_TIMING_LAG: Buff expired in measured 1-2 beats earlier than sim (in-game decay counts activation beat)
T5,3,3,combo_score_up,0,6,6,DECAY_TIMING_LAG: Buff expired in measured 1-2 beats earlier than sim (in-game decay counts activation beat)
T5,3,3,focus,15,9,-6,"PHASE_LAG_ACTIVATION: Activated on b3 (acts=['photo-L2-4', 'photo-L5-3']); measured reflects immediately (POST), sim reflects next beat (PRE)"
T5,3,3,score_up,0,11,11,DECAY_TIMING_LAG: Buff expired in measured 1-2 beats earlier than sim (in-game decay counts activation beat)
T5,3,3,stamina_cost_down,10,0,-10,"PHASE_LAG_ACTIVATION: Activated on b3 (acts=['photo-L2-4', 'photo-L5-3']); measured reflects immediately (POST), sim reflects next beat (PRE)"
T5,3,3,tension_up,0,3,3,DECAY_TIMING_LAG: Buff expired in measured 1-2 beats earlier than sim (in-game decay counts activation beat)
T5,3,3,vocal_boost,0,7,7,DECAY_TIMING_LAG: Buff expired in measured 1-2 beats earlier than sim (in-game decay counts activation beat)
T5,3,3,vocal_up,9,7,-2,"PHASE_LAG_ACTIVATION: Activated on b3 (acts=['photo-L2-4', 'photo-L5-3']); measured reflects immediately (POST), sim reflects next beat (PRE)"
T5,3,3,vocal_up_extreme,0,5,5,"AMPLIFY_OR_OVERLAP_ON_BEAT: Activation on b3 (['photo-L2-4', 'photo-L5-3']); measured stage 0 vs sim stage 5"
T5,3,5,a_skill_score_up,0,7,7,"MISSING_MEASURED_LANE: T5 measured_data_v2 only captures Lane 3 effect box; Lanes 1,2,4,5 are unrecorded"
T5,4,2,a_skill_score_up,0,7,7,"MISSING_MEASURED_LANE: T5 measured_data_v2 only captures Lane 3 effect box; Lanes 1,2,4,5 are unrecorded"
T5,4,2,score_up,0,8,8,"MISSING_MEASURED_LANE: T5 measured_data_v2 only captures Lane 3 effect box; Lanes 1,2,4,5 are unrecorded"
T5,4,3,a_skill_score_up,0,9,9,BUFF_STAGE_MISMATCH: Measured 0 vs Sim 9 (diff=9)
T5,4,3,combo_score_up,0,8,8,BUFF_STAGE_MISMATCH: Measured 0 vs Sim 8 (diff=8)
T5,4,3,focus,15,10,-5,BUFF_STAGE_MISMATCH: Measured 15 vs Sim 10 (diff=-5)
T5,4,3,score_up,0,13,13,BUFF_STAGE_MISMATCH: Measured 0 vs Sim 13 (diff=13)
T5,4,3,stamina_cost_down,10,0,-10,BUFF_STAGE_MISMATCH: Measured 10 vs Sim 0 (diff=-10)
T5,4,3,tension_up,0,5,5,BUFF_STAGE_MISMATCH: Measured 0 vs Sim 5 (diff=5)
T5,4,3,vocal_boost,0,9,9,BUFF_STAGE_MISMATCH: Measured 0 vs Sim 9 (diff=9)
T5,4,3,vocal_up_extreme,0,5,5,DECAY_TIMING_LAG: Extreme buff expired in measured before sim decay
T5,4,5,a_skill_score_up,0,7,7,"MISSING_MEASURED_LANE: T5 measured_data_v2 only captures Lane 3 effect box; Lanes 1,2,4,5 are unrecorded"
T5,5,2,a_skill_score_up,0,7,7,"MISSING_MEASURED_LANE: T5 measured_data_v2 only captures Lane 3 effect box; Lanes 1,2,4,5 are unrecorded"
T5,5,2,score_up,0,8,8,"MISSING_MEASURED_LANE: T5 measured_data_v2 only captures Lane 3 effect box; Lanes 1,2,4,5 are unrecorded"
T5,5,3,a_skill_score_up,0,9,9,DECAY_TIMING_LAG: Buff expired in measured 1-2 beats earlier than sim (in-game decay counts activation beat)
T5,5,3,combo_score_up,0,8,8,DECAY_TIMING_LAG: Buff expired in measured 1-2 beats earlier than sim (in-game decay counts activation beat)
T5,5,3,focus,15,10,-5,BUFF_STAGE_MISMATCH: Measured 15 vs Sim 10 (diff=-5)
T5,5,3,score_up,0,13,13,DECAY_TIMING_LAG: Buff expired in measured 1-2 beats earlier than sim (in-game decay counts activation beat)
T5,5,3,stamina_cost_down,10,0,-10,BUFF_STAGE_MISMATCH: Measured 10 vs Sim 0 (diff=-10)
T5,5,3,tension_up,0,5,5,DECAY_TIMING_LAG: Buff expired in measured 1-2 beats earlier than sim (in-game decay counts activation beat)
T5,5,3,vocal_boost,0,9,9,DECAY_TIMING_LAG: Buff expired in measured 1-2 beats earlier than sim (in-game decay counts activation beat)
T5,5,3,vocal_up_extreme,0,5,5,DECAY_TIMING_LAG: Extreme buff expired in measured before sim decay
T5,5,5,a_skill_score_up,0,7,7,"MISSING_MEASURED_LANE: T5 measured_data_v2 only captures Lane 3 effect box; Lanes 1,2,4,5 are unrecorded"
T5,6,2,a_skill_score_up,0,7,7,"MISSING_MEASURED_LANE: T5 measured_data_v2 only captures Lane 3 effect box; Lanes 1,2,4,5 are unrecorded"
T5,6,2,score_up,0,8,8,"MISSING_MEASURED_LANE: T5 measured_data_v2 only captures Lane 3 effect box; Lanes 1,2,4,5 are unrecorded"
T5,6,3,focus,15,10,-5,BUFF_STAGE_MISMATCH: Measured 15 vs Sim 10 (diff=-5)
T5,6,3,stamina_cost_down,10,0,-10,BUFF_STAGE_MISMATCH: Measured 10 vs Sim 0 (diff=-10)
T5,6,3,vocal_up_extreme,0,5,5,DECAY_TIMING_LAG: Extreme buff expired in measured before sim decay
T5,6,5,a_skill_score_up,0,7,7,"MISSING_MEASURED_LANE: T5 measured_data_v2 only captures Lane 3 effect box; Lanes 1,2,4,5 are unrecorded"
T5,7,2,a_skill_score_up,0,7,7,"MISSING_MEASURED_LANE: T5 measured_data_v2 only captures Lane 3 effect box; Lanes 1,2,4,5 are unrecorded"
T5,7,2,score_up,0,8,8,"MISSING_MEASURED_LANE: T5 measured_data_v2 only captures Lane 3 effect box; Lanes 1,2,4,5 are unrecorded"
T5,7,3,a_skill_score_up,0,9,9,DECAY_TIMING_LAG: Buff expired in measured 1-2 beats earlier than sim (in-game decay counts activation beat)
T5,7,3,combo_score_up,0,8,8,DECAY_TIMING_LAG: Buff expired in measured 1-2 beats earlier than sim (in-game decay counts activation beat)
T5,7,3,focus,15,10,-5,BUFF_STAGE_MISMATCH: Measured 15 vs Sim 10 (diff=-5)
T5,7,3,score_up,0,13,13,DECAY_TIMING_LAG: Buff expired in measured 1-2 beats earlier than sim (in-game decay counts activation beat)
T5,7,3,stamina_cost_down,10,0,-10,BUFF_STAGE_MISMATCH: Measured 10 vs Sim 0 (diff=-10)
T5,7,3,tension_up,0,5,5,DECAY_TIMING_LAG: Buff expired in measured 1-2 beats earlier than sim (in-game decay counts activation beat)
T5,7,3,vocal_boost,0,9,9,DECAY_TIMING_LAG: Buff expired in measured 1-2 beats earlier than sim (in-game decay counts activation beat)
T5,7,3,vocal_up_extreme,0,5,5,DECAY_TIMING_LAG: Extreme buff expired in measured before sim decay
T5,7,5,a_skill_score_up,0,7,7,"MISSING_MEASURED_LANE: T5 measured_data_v2 only captures Lane 3 effect box; Lanes 1,2,4,5 are unrecorded"
T5,8,2,a_skill_score_up,0,7,7,"MISSING_MEASURED_LANE: T5 measured_data_v2 only captures Lane 3 effect box; Lanes 1,2,4,5 are unrecorded"
T5,8,2,score_up,0,8,8,"MISSING_MEASURED_LANE: T5 measured_data_v2 only captures Lane 3 effect box; Lanes 1,2,4,5 are unrecorded"
T5,8,3,a_skill_score_up,0,9,9,DECAY_TIMING_LAG: Buff expired in measured 1-2 beats earlier than sim (in-game decay counts activation beat)
T5,8,3,combo_score_up,0,8,8,DECAY_TIMING_LAG: Buff expired in measured 1-2 beats earlier than sim (in-game decay counts activation beat)
T5,8,3,focus,23,10,-13,BUFF_STAGE_MISMATCH: Measured 23 vs Sim 10 (diff=-13)
T5,8,3,score_up,0,13,13,DECAY_TIMING_LAG: Buff expired in measured 1-2 beats earlier than sim (in-game decay counts activation beat)
T5,8,3,skill_success_up,9,0,-9,BUFF_STAGE_MISMATCH: Measured 9 vs Sim 0 (diff=-9)
T5,8,3,stamina_cost_down,10,0,-10,BUFF_STAGE_MISMATCH: Measured 10 vs Sim 0 (diff=-10)
T5,8,3,tension_up,13,5,-8,BUFF_STAGE_MISMATCH: Measured 13 vs Sim 5 (diff=-8)
T5,8,3,vocal_up_extreme,0,5,5,DECAY_TIMING_LAG: Extreme buff expired in measured before sim decay
T5,8,5,a_skill_score_up,0,7,7,"MISSING_MEASURED_LANE: T5 measured_data_v2 only captures Lane 3 effect box; Lanes 1,2,4,5 are unrecorded"
T5,9,2,a_skill_score_up,0,7,7,"MISSING_MEASURED_LANE: T5 measured_data_v2 only captures Lane 3 effect box; Lanes 1,2,4,5 are unrecorded"
T5,9,2,score_up,0,8,8,"MISSING_MEASURED_LANE: T5 measured_data_v2 only captures Lane 3 effect box; Lanes 1,2,4,5 are unrecorded"
T5,9,3,a_skill_score_up,0,9,9,DECAY_TIMING_LAG: Buff expired in measured 1-2 beats earlier than sim (in-game decay counts activation beat)
T5,9,3,combo_score_up,0,8,8,DECAY_TIMING_LAG: Buff expired in measured 1-2 beats earlier than sim (in-game decay counts activation beat)
T5,9,3,focus,15,10,-5,BUFF_STAGE_MISMATCH: Measured 15 vs Sim 10 (diff=-5)
T5,9,3,score_up,0,13,13,DECAY_TIMING_LAG: Buff expired in measured 1-2 beats earlier than sim (in-game decay counts activation beat)
T5,9,3,stamina_cost_down,10,0,-10,BUFF_STAGE_MISMATCH: Measured 10 vs Sim 0 (diff=-10)
T5,9,3,tension_up,0,5,5,DECAY_TIMING_LAG: Buff expired in measured 1-2 beats earlier than sim (in-game decay counts activation beat)
T5,9,3,vocal_boost,0,9,9,DECAY_TIMING_LAG: Buff expired in measured 1-2 beats earlier than sim (in-game decay counts activation beat)
T5,9,3,vocal_up_extreme,0,5,5,DECAY_TIMING_LAG: Extreme buff expired in measured before sim decay
T5,9,5,a_skill_score_up,0,7,7,"MISSING_MEASURED_LANE: T5 measured_data_v2 only captures Lane 3 effect box; Lanes 1,2,4,5 are unrecorded"
T5,10,2,a_skill_score_up,0,7,7,"MISSING_MEASURED_LANE: T5 measured_data_v2 only captures Lane 3 effect box; Lanes 1,2,4,5 are unrecorded"
T5,10,2,score_up,0,8,8,"MISSING_MEASURED_LANE: T5 measured_data_v2 only captures Lane 3 effect box; Lanes 1,2,4,5 are unrecorded"
T5,10,3,a_skill_score_up,0,9,9,DECAY_TIMING_LAG: Buff expired in measured 1-2 beats earlier than sim (in-game decay counts activation beat)
T5,10,3,combo_score_up,0,8,8,DECAY_TIMING_LAG: Buff expired in measured 1-2 beats earlier than sim (in-game decay counts activation beat)
T5,10,3,focus,15,10,-5,BUFF_STAGE_MISMATCH: Measured 15 vs Sim 10 (diff=-5)
T5,10,3,score_up,0,13,13,DECAY_TIMING_LAG: Buff expired in measured 1-2 beats earlier than sim (in-game decay counts activation beat)
T5,10,3,stamina_cost_down,10,0,-10,BUFF_STAGE_MISMATCH: Measured 10 vs Sim 0 (diff=-10)
T5,10,3,tension_up,0,5,5,DECAY_TIMING_LAG: Buff expired in measured 1-2 beats earlier than sim (in-game decay counts activation beat)
T5,10,3,vocal_boost,0,9,9,DECAY_TIMING_LAG: Buff expired in measured 1-2 beats earlier than sim (in-game decay counts activation beat)
T5,10,3,vocal_up_extreme,0,5,5,DECAY_TIMING_LAG: Extreme buff expired in measured before sim decay
T5,10,5,a_skill_score_up,0,7,7,"MISSING_MEASURED_LANE: T5 measured_data_v2 only captures Lane 3 effect box; Lanes 1,2,4,5 are unrecorded"
T5,11,2,a_skill_score_up,0,7,7,"MISSING_MEASURED_LANE: T5 measured_data_v2 only captures Lane 3 effect box; Lanes 1,2,4,5 are unrecorded"
T5,11,2,score_up,0,8,8,"MISSING_MEASURED_LANE: T5 measured_data_v2 only captures Lane 3 effect box; Lanes 1,2,4,5 are unrecorded"
T5,11,3,a_skill_score_up,0,9,9,DECAY_TIMING_LAG: Buff expired in measured 1-2 beats earlier than sim (in-game decay counts activation beat)
T5,11,3,combo_score_up,0,8,8,DECAY_TIMING_LAG: Buff expired in measured 1-2 beats earlier than sim (in-game decay counts activation beat)
T5,11,3,focus,15,10,-5,BUFF_STAGE_MISMATCH: Measured 15 vs Sim 10 (diff=-5)
T5,11,3,score_up,0,13,13,DECAY_TIMING_LAG: Buff expired in measured 1-2 beats earlier than sim (in-game decay counts activation beat)
T5,11,3,stamina_cost_down,10,0,-10,BUFF_STAGE_MISMATCH: Measured 10 vs Sim 0 (diff=-10)
T5,11,3,tension_up,0,5,5,DECAY_TIMING_LAG: Buff expired in measured 1-2 beats earlier than sim (in-game decay counts activation beat)
T5,11,3,vocal_boost,0,9,9,DECAY_TIMING_LAG: Buff expired in measured 1-2 beats earlier than sim (in-game decay counts activation beat)
T5,11,3,vocal_up_extreme,0,5,5,DECAY_TIMING_LAG: Extreme buff expired in measured before sim decay
T5,11,5,a_skill_score_up,0,7,7,"MISSING_MEASURED_LANE: T5 measured_data_v2 only captures Lane 3 effect box; Lanes 1,2,4,5 are unrecorded"
T5,12,2,a_skill_score_up,0,7,7,"MISSING_MEASURED_LANE: T5 measured_data_v2 only captures Lane 3 effect box; Lanes 1,2,4,5 are unrecorded"
T5,12,2,score_up,0,8,8,"MISSING_MEASURED_LANE: T5 measured_data_v2 only captures Lane 3 effect box; Lanes 1,2,4,5 are unrecorded"
T5,12,3,a_skill_score_up,0,9,9,DECAY_TIMING_LAG: Buff expired in measured 1-2 beats earlier than sim (in-game decay counts activation beat)
T5,12,3,combo_score_up,0,8,8,DECAY_TIMING_LAG: Buff expired in measured 1-2 beats earlier than sim (in-game decay counts activation beat)
T5,12,3,focus,15,10,-5,BUFF_STAGE_MISMATCH: Measured 15 vs Sim 10 (diff=-5)
T5,12,3,score_up,0,13,13,DECAY_TIMING_LAG: Buff expired in measured 1-2 beats earlier than sim (in-game decay counts activation beat)
T5,12,3,stamina_cost_down,10,0,-10,BUFF_STAGE_MISMATCH: Measured 10 vs Sim 0 (diff=-10)
T5,12,3,tension_up,0,5,5,DECAY_TIMING_LAG: Buff expired in measured 1-2 beats earlier than sim (in-game decay counts activation beat)
T5,12,3,vocal_boost,0,9,9,DECAY_TIMING_LAG: Buff expired in measured 1-2 beats earlier than sim (in-game decay counts activation beat)
T5,12,3,vocal_up_extreme,0,5,5,DECAY_TIMING_LAG: Extreme buff expired in measured before sim decay
T5,12,5,a_skill_score_up,0,7,7,"MISSING_MEASURED_LANE: T5 measured_data_v2 only captures Lane 3 effect box; Lanes 1,2,4,5 are unrecorded"
T5,13,2,a_skill_score_up,0,7,7,"MISSING_MEASURED_LANE: T5 measured_data_v2 only captures Lane 3 effect box; Lanes 1,2,4,5 are unrecorded"
T5,13,2,score_up,0,8,8,"MISSING_MEASURED_LANE: T5 measured_data_v2 only captures Lane 3 effect box; Lanes 1,2,4,5 are unrecorded"
T5,13,3,a_skill_score_up,0,9,9,DECAY_TIMING_LAG: Buff expired in measured 1-2 beats earlier than sim (in-game decay counts activation beat)
T5,13,3,combo_score_up,0,8,8,DECAY_TIMING_LAG: Buff expired in measured 1-2 beats earlier than sim (in-game decay counts activation beat)
T5,13,3,focus,15,10,-5,BUFF_STAGE_MISMATCH: Measured 15 vs Sim 10 (diff=-5)
T5,13,3,score_up,0,13,13,DECAY_TIMING_LAG: Buff expired in measured 1-2 beats earlier than sim (in-game decay counts activation beat)
T5,13,3,stamina_cost_down,10,0,-10,BUFF_STAGE_MISMATCH: Measured 10 vs Sim 0 (diff=-10)
T5,13,3,tension_up,0,5,5,DECAY_TIMING_LAG: Buff expired in measured 1-2 beats earlier than sim (in-game decay counts activation beat)
T5,13,3,vocal_boost,0,9,9,DECAY_TIMING_LAG: Buff expired in measured 1-2 beats earlier than sim (in-game decay counts activation beat)
T5,13,3,vocal_up_extreme,0,5,5,DECAY_TIMING_LAG: Extreme buff expired in measured before sim decay
T5,13,5,a_skill_score_up,0,7,7,"MISSING_MEASURED_LANE: T5 measured_data_v2 only captures Lane 3 effect box; Lanes 1,2,4,5 are unrecorded"
T5,14,2,a_skill_score_up,0,7,7,"MISSING_MEASURED_LANE: T5 measured_data_v2 only captures Lane 3 effect box; Lanes 1,2,4,5 are unrecorded"
T5,14,2,score_up,0,8,8,"MISSING_MEASURED_LANE: T5 measured_data_v2 only captures Lane 3 effect box; Lanes 1,2,4,5 are unrecorded"
T5,14,3,a_skill_score_up,0,9,9,DECAY_TIMING_LAG: Buff expired in measured 1-2 beats earlier than sim (in-game decay counts activation beat)
T5,14,3,combo_score_up,0,8,8,DECAY_TIMING_LAG: Buff expired in measured 1-2 beats earlier than sim (in-game decay counts activation beat)
T5,14,3,focus,15,10,-5,BUFF_STAGE_MISMATCH: Measured 15 vs Sim 10 (diff=-5)
T5,14,3,score_up,0,13,13,DECAY_TIMING_LAG: Buff expired in measured 1-2 beats earlier than sim (in-game decay counts activation beat)
T5,14,3,stamina_cost_down,10,0,-10,BUFF_STAGE_MISMATCH: Measured 10 vs Sim 0 (diff=-10)
T5,14,3,tension_up,0,5,5,DECAY_TIMING_LAG: Buff expired in measured 1-2 beats earlier than sim (in-game decay counts activation beat)
T5,14,3,vocal_boost,0,9,9,DECAY_TIMING_LAG: Buff expired in measured 1-2 beats earlier than sim (in-game decay counts activation beat)
T5,14,3,vocal_up_extreme,0,5,5,DECAY_TIMING_LAG: Extreme buff expired in measured before sim decay
T5,14,5,a_skill_score_up,0,7,7,"MISSING_MEASURED_LANE: T5 measured_data_v2 only captures Lane 3 effect box; Lanes 1,2,4,5 are unrecorded"
T5,15,2,a_skill_score_up,0,7,7,"MISSING_MEASURED_LANE: T5 measured_data_v2 only captures Lane 3 effect box; Lanes 1,2,4,5 are unrecorded"
T5,15,2,score_up,0,8,8,"MISSING_MEASURED_LANE: T5 measured_data_v2 only captures Lane 3 effect box; Lanes 1,2,4,5 are unrecorded"
T5,15,3,a_skill_score_up,0,9,9,DECAY_TIMING_LAG: Buff expired in measured 1-2 beats earlier than sim (in-game decay counts activation beat)
T5,15,3,combo_score_up,0,8,8,DECAY_TIMING_LAG: Buff expired in measured 1-2 beats earlier than sim (in-game decay counts activation beat)
T5,15,3,focus,15,10,-5,BUFF_STAGE_MISMATCH: Measured 15 vs Sim 10 (diff=-5)
T5,15,3,score_up,0,13,13,DECAY_TIMING_LAG: Buff expired in measured 1-2 beats earlier than sim (in-game decay counts activation beat)
T5,15,3,stamina_cost_down,10,0,-10,BUFF_STAGE_MISMATCH: Measured 10 vs Sim 0 (diff=-10)
T5,15,3,tension_up,0,5,5,DECAY_TIMING_LAG: Buff expired in measured 1-2 beats earlier than sim (in-game decay counts activation beat)
T5,15,3,vocal_boost,0,9,9,DECAY_TIMING_LAG: Buff expired in measured 1-2 beats earlier than sim (in-game decay counts activation beat)
T5,15,3,vocal_up_extreme,0,5,5,DECAY_TIMING_LAG: Extreme buff expired in measured before sim decay
T5,15,5,a_skill_score_up,0,7,7,"MISSING_MEASURED_LANE: T5 measured_data_v2 only captures Lane 3 effect box; Lanes 1,2,4,5 are unrecorded"
T5,16,2,a_skill_score_up,0,7,7,"MISSING_MEASURED_LANE: T5 measured_data_v2 only captures Lane 3 effect box; Lanes 1,2,4,5 are unrecorded"
T5,16,2,score_up,0,8,8,"MISSING_MEASURED_LANE: T5 measured_data_v2 only captures Lane 3 effect box; Lanes 1,2,4,5 are unrecorded"
T5,16,3,a_skill_score_up,0,9,9,DECAY_TIMING_LAG: Buff expired in measured 1-2 beats earlier than sim (in-game decay counts activation beat)
T5,16,3,combo_score_up,0,8,8,DECAY_TIMING_LAG: Buff expired in measured 1-2 beats earlier than sim (in-game decay counts activation beat)
T5,16,3,focus,15,10,-5,BUFF_STAGE_MISMATCH: Measured 15 vs Sim 10 (diff=-5)
T5,16,3,score_up,0,13,13,DECAY_TIMING_LAG: Buff expired in measured 1-2 beats earlier than sim (in-game decay counts activation beat)
T5,16,3,stamina_cost_down,10,0,-10,BUFF_STAGE_MISMATCH: Measured 10 vs Sim 0 (diff=-10)
T5,16,3,tension_up,0,5,5,DECAY_TIMING_LAG: Buff expired in measured 1-2 beats earlier than sim (in-game decay counts activation beat)
T5,16,3,vocal_boost,0,9,9,DECAY_TIMING_LAG: Buff expired in measured 1-2 beats earlier than sim (in-game decay counts activation beat)
T5,16,3,vocal_up_extreme,0,5,5,DECAY_TIMING_LAG: Extreme buff expired in measured before sim decay
T5,16,5,a_skill_score_up,0,7,7,"MISSING_MEASURED_LANE: T5 measured_data_v2 only captures Lane 3 effect box; Lanes 1,2,4,5 are unrecorded"
T5,17,2,a_skill_score_up,0,7,7,"MISSING_MEASURED_LANE: T5 measured_data_v2 only captures Lane 3 effect box; Lanes 1,2,4,5 are unrecorded"
T5,17,2,score_up,0,8,8,"MISSING_MEASURED_LANE: T5 measured_data_v2 only captures Lane 3 effect box; Lanes 1,2,4,5 are unrecorded"
T5,17,3,a_skill_score_up,0,9,9,DECAY_TIMING_LAG: Buff expired in measured 1-2 beats earlier than sim (in-game decay counts activation beat)
T5,17,3,combo_score_up,0,8,8,DECAY_TIMING_LAG: Buff expired in measured 1-2 beats earlier than sim (in-game decay counts activation beat)
T5,17,3,focus,15,10,-5,BUFF_STAGE_MISMATCH: Measured 15 vs Sim 10 (diff=-5)
T5,17,3,score_up,0,13,13,DECAY_TIMING_LAG: Buff expired in measured 1-2 beats earlier than sim (in-game decay counts activation beat)
T5,17,3,stamina_cost_down,10,0,-10,BUFF_STAGE_MISMATCH: Measured 10 vs Sim 0 (diff=-10)
T5,17,3,tension_up,0,5,5,DECAY_TIMING_LAG: Buff expired in measured 1-2 beats earlier than sim (in-game decay counts activation beat)
T5,17,3,vocal_boost,0,9,9,DECAY_TIMING_LAG: Buff expired in measured 1-2 beats earlier than sim (in-game decay counts activation beat)
T5,17,3,vocal_up_extreme,0,5,5,DECAY_TIMING_LAG: Extreme buff expired in measured before sim decay
T5,17,5,a_skill_score_up,0,7,7,"MISSING_MEASURED_LANE: T5 measured_data_v2 only captures Lane 3 effect box; Lanes 1,2,4,5 are unrecorded"
T5,18,2,a_skill_score_up,0,7,7,"MISSING_MEASURED_LANE: T5 measured_data_v2 only captures Lane 3 effect box; Lanes 1,2,4,5 are unrecorded"
T5,18,2,score_up,0,8,8,"MISSING_MEASURED_LANE: T5 measured_data_v2 only captures Lane 3 effect box; Lanes 1,2,4,5 are unrecorded"
T5,18,3,a_skill_score_up,0,9,9,DECAY_TIMING_LAG: Buff expired in measured 1-2 beats earlier than sim (in-game decay counts activation beat)
T5,18,3,combo_score_up,0,8,8,DECAY_TIMING_LAG: Buff expired in measured 1-2 beats earlier than sim (in-game decay counts activation beat)
T5,18,3,focus,15,10,-5,BUFF_STAGE_MISMATCH: Measured 15 vs Sim 10 (diff=-5)
T5,18,3,score_up,0,13,13,DECAY_TIMING_LAG: Buff expired in measured 1-2 beats earlier than sim (in-game decay counts activation beat)
T5,18,3,stamina_cost_down,10,0,-10,BUFF_STAGE_MISMATCH: Measured 10 vs Sim 0 (diff=-10)
T5,18,3,tension_up,0,5,5,DECAY_TIMING_LAG: Buff expired in measured 1-2 beats earlier than sim (in-game decay counts activation beat)
T5,18,3,vocal_boost,0,9,9,DECAY_TIMING_LAG: Buff expired in measured 1-2 beats earlier than sim (in-game decay counts activation beat)
T5,18,3,vocal_up_extreme,0,5,5,DECAY_TIMING_LAG: Extreme buff expired in measured before sim decay
T5,18,5,a_skill_score_up,0,7,7,"MISSING_MEASURED_LANE: T5 measured_data_v2 only captures Lane 3 effect box; Lanes 1,2,4,5 are unrecorded"
T5,19,2,a_skill_score_up,0,7,7,"MISSING_MEASURED_LANE: T5 measured_data_v2 only captures Lane 3 effect box; Lanes 1,2,4,5 are unrecorded"
T5,19,2,score_up,0,8,8,"MISSING_MEASURED_LANE: T5 measured_data_v2 only captures Lane 3 effect box; Lanes 1,2,4,5 are unrecorded"
T5,19,3,a_skill_score_up,0,9,9,DECAY_TIMING_LAG: Buff expired in measured 1-2 beats earlier than sim (in-game decay counts activation beat)
T5,19,3,combo_score_up,0,8,8,DECAY_TIMING_LAG: Buff expired in measured 1-2 beats earlier than sim (in-game decay counts activation beat)
T5,19,3,focus,15,10,-5,BUFF_STAGE_MISMATCH: Measured 15 vs Sim 10 (diff=-5)
T5,19,3,score_up,0,13,13,DECAY_TIMING_LAG: Buff expired in measured 1-2 beats earlier than sim (in-game decay counts activation beat)
T5,19,3,stamina_cost_down,10,0,-10,BUFF_STAGE_MISMATCH: Measured 10 vs Sim 0 (diff=-10)
T5,19,3,tension_up,0,5,5,DECAY_TIMING_LAG: Buff expired in measured 1-2 beats earlier than sim (in-game decay counts activation beat)
T5,19,3,vocal_boost,0,9,9,DECAY_TIMING_LAG: Buff expired in measured 1-2 beats earlier than sim (in-game decay counts activation beat)
T5,19,3,vocal_up_extreme,0,5,5,DECAY_TIMING_LAG: Extreme buff expired in measured before sim decay
T5,19,5,a_skill_score_up,0,7,7,"MISSING_MEASURED_LANE: T5 measured_data_v2 only captures Lane 3 effect box; Lanes 1,2,4,5 are unrecorded"
T5,20,2,a_skill_score_up,0,7,7,"MISSING_MEASURED_LANE: T5 measured_data_v2 only captures Lane 3 effect box; Lanes 1,2,4,5 are unrecorded"
T5,20,2,score_up,0,8,8,"MISSING_MEASURED_LANE: T5 measured_data_v2 only captures Lane 3 effect box; Lanes 1,2,4,5 are unrecorded"
T5,20,3,a_skill_score_up,0,9,9,DECAY_TIMING_LAG: Buff expired in measured 1-2 beats earlier than sim (in-game decay counts activation beat)
T5,20,3,combo_score_up,0,8,8,DECAY_TIMING_LAG: Buff expired in measured 1-2 beats earlier than sim (in-game decay counts activation beat)
T5,20,3,focus,15,10,-5,BUFF_STAGE_MISMATCH: Measured 15 vs Sim 10 (diff=-5)
T5,20,3,score_up,0,13,13,DECAY_TIMING_LAG: Buff expired in measured 1-2 beats earlier than sim (in-game decay counts activation beat)
T5,20,3,stamina_cost_down,10,0,-10,BUFF_STAGE_MISMATCH: Measured 10 vs Sim 0 (diff=-10)
T5,20,3,tension_up,0,5,5,DECAY_TIMING_LAG: Buff expired in measured 1-2 beats earlier than sim (in-game decay counts activation beat)
T5,20,3,vocal_boost,0,9,9,DECAY_TIMING_LAG: Buff expired in measured 1-2 beats earlier than sim (in-game decay counts activation beat)
T5,20,3,vocal_up_extreme,0,5,5,DECAY_TIMING_LAG: Extreme buff expired in measured before sim decay
T5,20,5,a_skill_score_up,0,7,7,"MISSING_MEASURED_LANE: T5 measured_data_v2 only captures Lane 3 effect box; Lanes 1,2,4,5 are unrecorded"
T5,21,2,a_skill_score_up,0,7,7,"MISSING_MEASURED_LANE: T5 measured_data_v2 only captures Lane 3 effect box; Lanes 1,2,4,5 are unrecorded"
T5,21,2,score_up,0,8,8,"MISSING_MEASURED_LANE: T5 measured_data_v2 only captures Lane 3 effect box; Lanes 1,2,4,5 are unrecorded"
T5,21,3,a_skill_score_up,0,9,9,DECAY_TIMING_LAG: Buff expired in measured 1-2 beats earlier than sim (in-game decay counts activation beat)
T5,21,3,combo_score_up,0,8,8,DECAY_TIMING_LAG: Buff expired in measured 1-2 beats earlier than sim (in-game decay counts activation beat)
T5,21,3,focus,15,10,-5,BUFF_STAGE_MISMATCH: Measured 15 vs Sim 10 (diff=-5)
T5,21,3,score_up,0,13,13,DECAY_TIMING_LAG: Buff expired in measured 1-2 beats earlier than sim (in-game decay counts activation beat)
T5,21,3,stamina_cost_down,10,0,-10,BUFF_STAGE_MISMATCH: Measured 10 vs Sim 0 (diff=-10)
T5,21,3,tension_up,0,5,5,DECAY_TIMING_LAG: Buff expired in measured 1-2 beats earlier than sim (in-game decay counts activation beat)
T5,21,3,vocal_boost,0,9,9,DECAY_TIMING_LAG: Buff expired in measured 1-2 beats earlier than sim (in-game decay counts activation beat)
T5,21,3,vocal_up_extreme,0,5,5,DECAY_TIMING_LAG: Extreme buff expired in measured before sim decay
T5,21,5,a_skill_score_up,0,7,7,"MISSING_MEASURED_LANE: T5 measured_data_v2 only captures Lane 3 effect box; Lanes 1,2,4,5 are unrecorded"
T5,22,2,a_skill_score_up,0,7,7,"MISSING_MEASURED_LANE: T5 measured_data_v2 only captures Lane 3 effect box; Lanes 1,2,4,5 are unrecorded"
T5,22,2,score_up,0,8,8,"MISSING_MEASURED_LANE: T5 measured_data_v2 only captures Lane 3 effect box; Lanes 1,2,4,5 are unrecorded"
T5,22,3,a_skill_score_up,0,9,9,DECAY_TIMING_LAG: Buff expired in measured 1-2 beats earlier than sim (in-game decay counts activation beat)
T5,22,3,combo_score_up,0,8,8,DECAY_TIMING_LAG: Buff expired in measured 1-2 beats earlier than sim (in-game decay counts activation beat)
T5,22,3,focus,15,10,-5,BUFF_STAGE_MISMATCH: Measured 15 vs Sim 10 (diff=-5)
T5,22,3,score_up,0,13,13,DECAY_TIMING_LAG: Buff expired in measured 1-2 beats earlier than sim (in-game decay counts activation beat)
T5,22,3,stamina_cost_down,10,0,-10,BUFF_STAGE_MISMATCH: Measured 10 vs Sim 0 (diff=-10)
T5,22,3,tension_up,0,5,5,DECAY_TIMING_LAG: Buff expired in measured 1-2 beats earlier than sim (in-game decay counts activation beat)
T5,22,3,vocal_boost,0,9,9,DECAY_TIMING_LAG: Buff expired in measured 1-2 beats earlier than sim (in-game decay counts activation beat)
T5,22,3,vocal_up_extreme,0,5,5,DECAY_TIMING_LAG: Extreme buff expired in measured before sim decay
T5,22,5,a_skill_score_up,0,7,7,"MISSING_MEASURED_LANE: T5 measured_data_v2 only captures Lane 3 effect box; Lanes 1,2,4,5 are unrecorded"
T5,23,2,a_skill_score_up,0,7,7,"MISSING_MEASURED_LANE: T5 measured_data_v2 only captures Lane 3 effect box; Lanes 1,2,4,5 are unrecorded"
T5,23,2,score_up,0,8,8,"MISSING_MEASURED_LANE: T5 measured_data_v2 only captures Lane 3 effect box; Lanes 1,2,4,5 are unrecorded"
T5,23,3,a_skill_score_up,0,9,9,DECAY_TIMING_LAG: Buff expired in measured 1-2 beats earlier than sim (in-game decay counts activation beat)
T5,23,3,combo_score_up,10,8,-2,"PHASE_LAG_ACTIVATION: Activated on b23 (acts=['sk-ktn-05-wedd-00-1']); measured reflects immediately (POST), sim reflects next beat (PRE)"
T5,23,3,focus,0,10,10,DECAY_TIMING_LAG: Buff expired in measured 1-2 beats earlier than sim (in-game decay counts activation beat)
T5,23,3,score_up,0,13,13,DECAY_TIMING_LAG: Buff expired in measured 1-2 beats earlier than sim (in-game decay counts activation beat)
T5,23,3,tension_up,8,5,-3,"PHASE_LAG_ACTIVATION: Activated on b23 (acts=['sk-ktn-05-wedd-00-1']); measured reflects immediately (POST), sim reflects next beat (PRE)"
T5,23,3,vocal_boost,0,9,9,DECAY_TIMING_LAG: Buff expired in measured 1-2 beats earlier than sim (in-game decay counts activation beat)
T5,23,3,vocal_up,0,9,9,DECAY_TIMING_LAG: Buff expired in measured 1-2 beats earlier than sim (in-game decay counts activation beat)
T5,23,3,vocal_up_extreme,0,5,5,DECAY_TIMING_LAG: Extreme buff expired in measured before sim decay
T5,23,5,a_skill_score_up,0,7,7,"MISSING_MEASURED_LANE: T5 measured_data_v2 only captures Lane 3 effect box; Lanes 1,2,4,5 are unrecorded"
T5,24,1,combo_continue,0,1,1,"MISSING_MEASURED_LANE: T5 measured_data_v2 only captures Lane 3 effect box; Lanes 1,2,4,5 are unrecorded"
T5,24,1,stamina_cost_down,0,8,8,"MISSING_MEASURED_LANE: T5 measured_data_v2 only captures Lane 3 effect box; Lanes 1,2,4,5 are unrecorded"
T5,24,2,a_skill_score_up,0,7,7,"MISSING_MEASURED_LANE: T5 measured_data_v2 only captures Lane 3 effect box; Lanes 1,2,4,5 are unrecorded"
T5,24,2,combo_continue,0,1,1,"MISSING_MEASURED_LANE: T5 measured_data_v2 only captures Lane 3 effect box; Lanes 1,2,4,5 are unrecorded"
T5,24,2,score_up,0,8,8,"MISSING_MEASURED_LANE: T5 measured_data_v2 only captures Lane 3 effect box; Lanes 1,2,4,5 are unrecorded"
T5,24,2,stamina_cost_down,0,8,8,"MISSING_MEASURED_LANE: T5 measured_data_v2 only captures Lane 3 effect box; Lanes 1,2,4,5 are unrecorded"
T5,24,3,a_skill_score_up,0,9,9,DECAY_TIMING_LAG: Buff expired in measured 1-2 beats earlier than sim (in-game decay counts activation beat)
T5,24,3,combo_continue,0,1,1,FLAG_NOT_STAGED: combo_continue is a boolean flag without stages (recorded as stage: null in measured)
T5,24,3,combo_score_up,18,8,-10,BUFF_STAGE_MISMATCH: Measured 18 vs Sim 8 (diff=-10)
T5,24,3,focus,0,10,10,DECAY_TIMING_LAG: Buff expired in measured 1-2 beats earlier than sim (in-game decay counts activation beat)
T5,24,3,score_up,28,13,-15,BUFF_STAGE_MISMATCH: Measured 28 vs Sim 13 (diff=-15)
T5,24,3,stamina_cost_down,0,8,8,BUFF_STAGE_MISMATCH: Measured 0 vs Sim 8 (diff=8)
T5,24,3,tension_up,8,5,-3,BUFF_STAGE_MISMATCH: Measured 8 vs Sim 5 (diff=-3)
T5,24,3,vocal_up,0,9,9,DECAY_TIMING_LAG: Buff expired in measured 1-2 beats earlier than sim (in-game decay counts activation beat)
T5,24,3,vocal_up_extreme,0,5,5,DECAY_TIMING_LAG: Extreme buff expired in measured before sim decay
T5,24,4,combo_continue,0,1,1,"MISSING_MEASURED_LANE: T5 measured_data_v2 only captures Lane 3 effect box; Lanes 1,2,4,5 are unrecorded"
T5,24,4,stamina_cost_down,0,8,8,"MISSING_MEASURED_LANE: T5 measured_data_v2 only captures Lane 3 effect box; Lanes 1,2,4,5 are unrecorded"
T5,24,5,a_skill_score_up,0,7,7,"MISSING_MEASURED_LANE: T5 measured_data_v2 only captures Lane 3 effect box; Lanes 1,2,4,5 are unrecorded"
T5,24,5,combo_continue,0,1,1,"MISSING_MEASURED_LANE: T5 measured_data_v2 only captures Lane 3 effect box; Lanes 1,2,4,5 are unrecorded"
T5,24,5,stamina_cost_down,0,8,8,"MISSING_MEASURED_LANE: T5 measured_data_v2 only captures Lane 3 effect box; Lanes 1,2,4,5 are unrecorded"
T5,25,1,combo_continue,0,1,1,"MISSING_MEASURED_LANE: T5 measured_data_v2 only captures Lane 3 effect box; Lanes 1,2,4,5 are unrecorded"
T5,25,1,stamina_cost_down,0,8,8,"MISSING_MEASURED_LANE: T5 measured_data_v2 only captures Lane 3 effect box; Lanes 1,2,4,5 are unrecorded"
T5,25,2,a_skill_score_up,0,7,7,"MISSING_MEASURED_LANE: T5 measured_data_v2 only captures Lane 3 effect box; Lanes 1,2,4,5 are unrecorded"
T5,25,2,combo_continue,0,1,1,"MISSING_MEASURED_LANE: T5 measured_data_v2 only captures Lane 3 effect box; Lanes 1,2,4,5 are unrecorded"
T5,25,2,score_up,0,8,8,"MISSING_MEASURED_LANE: T5 measured_data_v2 only captures Lane 3 effect box; Lanes 1,2,4,5 are unrecorded"
T5,25,2,stamina_cost_down,0,8,8,"MISSING_MEASURED_LANE: T5 measured_data_v2 only captures Lane 3 effect box; Lanes 1,2,4,5 are unrecorded"
T5,25,3,a_skill_score_up,0,9,9,DECAY_TIMING_LAG: Buff expired in measured 1-2 beats earlier than sim (in-game decay counts activation beat)
T5,25,3,combo_continue,0,1,1,FLAG_NOT_STAGED: combo_continue is a boolean flag without stages (recorded as stage: null in measured)
T5,25,3,combo_score_up,0,8,8,DECAY_TIMING_LAG: Buff expired in measured 1-2 beats earlier than sim (in-game decay counts activation beat)
T5,25,3,focus,18,10,-8,BUFF_STAGE_MISMATCH: Measured 18 vs Sim 10 (diff=-8)
T5,25,3,score_up,0,13,13,DECAY_TIMING_LAG: Buff expired in measured 1-2 beats earlier than sim (in-game decay counts activation beat)
T5,25,3,skill_success_up,9,0,-9,BUFF_STAGE_MISMATCH: Measured 9 vs Sim 0 (diff=-9)
T5,25,3,tension_up,13,5,-8,BUFF_STAGE_MISMATCH: Measured 13 vs Sim 5 (diff=-8)
T5,25,3,vocal_up_extreme,10,5,-5,"EXTREME_DISPLAY_VS_EFFECTIVE: In-game UI displays 10 stages, but simulator engine models effective +5 stages"
T5,25,4,combo_continue,0,1,1,"MISSING_MEASURED_LANE: T5 measured_data_v2 only captures Lane 3 effect box; Lanes 1,2,4,5 are unrecorded"
T5,25,4,stamina_cost_down,0,8,8,"MISSING_MEASURED_LANE: T5 measured_data_v2 only captures Lane 3 effect box; Lanes 1,2,4,5 are unrecorded"
T5,25,5,a_skill_score_up,0,7,7,"MISSING_MEASURED_LANE: T5 measured_data_v2 only captures Lane 3 effect box; Lanes 1,2,4,5 are unrecorded"
T5,25,5,combo_continue,0,1,1,"MISSING_MEASURED_LANE: T5 measured_data_v2 only captures Lane 3 effect box; Lanes 1,2,4,5 are unrecorded"
T5,25,5,stamina_cost_down,0,8,8,"MISSING_MEASURED_LANE: T5 measured_data_v2 only captures Lane 3 effect box; Lanes 1,2,4,5 are unrecorded"
T5,26,1,combo_continue,0,1,1,"MISSING_MEASURED_LANE: T5 measured_data_v2 only captures Lane 3 effect box; Lanes 1,2,4,5 are unrecorded"
T5,26,1,stamina_cost_down,0,8,8,"MISSING_MEASURED_LANE: T5 measured_data_v2 only captures Lane 3 effect box; Lanes 1,2,4,5 are unrecorded"
T5,26,2,a_skill_score_up,0,7,7,"MISSING_MEASURED_LANE: T5 measured_data_v2 only captures Lane 3 effect box; Lanes 1,2,4,5 are unrecorded"
T5,26,2,combo_continue,0,1,1,"MISSING_MEASURED_LANE: T5 measured_data_v2 only captures Lane 3 effect box; Lanes 1,2,4,5 are unrecorded"
T5,26,2,score_up,0,8,8,"MISSING_MEASURED_LANE: T5 measured_data_v2 only captures Lane 3 effect box; Lanes 1,2,4,5 are unrecorded"
T5,26,2,stamina_cost_down,0,8,8,"MISSING_MEASURED_LANE: T5 measured_data_v2 only captures Lane 3 effect box; Lanes 1,2,4,5 are unrecorded"
T5,26,3,a_skill_score_up,0,9,9,DECAY_TIMING_LAG: Buff expired in measured 1-2 beats earlier than sim (in-game decay counts activation beat)
T5,26,3,combo_continue,0,1,1,FLAG_NOT_STAGED: combo_continue is a boolean flag without stages (recorded as stage: null in measured)
T5,26,3,combo_score_up,0,8,8,DECAY_TIMING_LAG: Buff expired in measured 1-2 beats earlier than sim (in-game decay counts activation beat)
T5,26,3,score_up,0,13,13,DECAY_TIMING_LAG: Buff expired in measured 1-2 beats earlier than sim (in-game decay counts activation beat)
T5,26,3,tension_up,0,5,5,DECAY_TIMING_LAG: Buff expired in measured 1-2 beats earlier than sim (in-game decay counts activation beat)
T5,26,3,vocal_boost,0,9,9,DECAY_TIMING_LAG: Buff expired in measured 1-2 beats earlier than sim (in-game decay counts activation beat)
T5,26,3,vocal_up_extreme,10,5,-5,"EXTREME_DISPLAY_VS_EFFECTIVE: In-game UI displays 10 stages, but simulator engine models effective +5 stages"
T5,26,4,combo_continue,0,1,1,"MISSING_MEASURED_LANE: T5 measured_data_v2 only captures Lane 3 effect box; Lanes 1,2,4,5 are unrecorded"
T5,26,4,stamina_cost_down,0,8,8,"MISSING_MEASURED_LANE: T5 measured_data_v2 only captures Lane 3 effect box; Lanes 1,2,4,5 are unrecorded"
T5,26,5,a_skill_score_up,0,7,7,"MISSING_MEASURED_LANE: T5 measured_data_v2 only captures Lane 3 effect box; Lanes 1,2,4,5 are unrecorded"
T5,26,5,combo_continue,0,1,1,"MISSING_MEASURED_LANE: T5 measured_data_v2 only captures Lane 3 effect box; Lanes 1,2,4,5 are unrecorded"
T5,26,5,stamina_cost_down,0,8,8,"MISSING_MEASURED_LANE: T5 measured_data_v2 only captures Lane 3 effect box; Lanes 1,2,4,5 are unrecorded"
T5,27,1,combo_continue,0,1,1,"MISSING_MEASURED_LANE: T5 measured_data_v2 only captures Lane 3 effect box; Lanes 1,2,4,5 are unrecorded"
T5,27,1,stamina_cost_down,0,8,8,"MISSING_MEASURED_LANE: T5 measured_data_v2 only captures Lane 3 effect box; Lanes 1,2,4,5 are unrecorded"
T5,27,2,a_skill_score_up,0,7,7,"MISSING_MEASURED_LANE: T5 measured_data_v2 only captures Lane 3 effect box; Lanes 1,2,4,5 are unrecorded"
T5,27,2,combo_continue,0,1,1,"MISSING_MEASURED_LANE: T5 measured_data_v2 only captures Lane 3 effect box; Lanes 1,2,4,5 are unrecorded"
T5,27,2,score_up,0,8,8,"MISSING_MEASURED_LANE: T5 measured_data_v2 only captures Lane 3 effect box; Lanes 1,2,4,5 are unrecorded"
T5,27,2,stamina_cost_down,0,8,8,"MISSING_MEASURED_LANE: T5 measured_data_v2 only captures Lane 3 effect box; Lanes 1,2,4,5 are unrecorded"
T5,27,3,combo_continue,0,1,1,FLAG_NOT_STAGED: combo_continue is a boolean flag without stages (recorded as stage: null in measured)
T5,27,3,vocal_up_extreme,10,5,-5,"EXTREME_DISPLAY_VS_EFFECTIVE: In-game UI displays 10 stages, but simulator engine models effective +5 stages"
T5,27,4,combo_continue,0,1,1,"MISSING_MEASURED_LANE: T5 measured_data_v2 only captures Lane 3 effect box; Lanes 1,2,4,5 are unrecorded"
T5,27,4,stamina_cost_down,0,8,8,"MISSING_MEASURED_LANE: T5 measured_data_v2 only captures Lane 3 effect box; Lanes 1,2,4,5 are unrecorded"
T5,27,5,a_skill_score_up,0,7,7,"MISSING_MEASURED_LANE: T5 measured_data_v2 only captures Lane 3 effect box; Lanes 1,2,4,5 are unrecorded"
T5,27,5,combo_continue,0,1,1,"MISSING_MEASURED_LANE: T5 measured_data_v2 only captures Lane 3 effect box; Lanes 1,2,4,5 are unrecorded"
T5,27,5,stamina_cost_down,0,8,8,"MISSING_MEASURED_LANE: T5 measured_data_v2 only captures Lane 3 effect box; Lanes 1,2,4,5 are unrecorded"
T5,28,1,combo_continue,0,1,1,"MISSING_MEASURED_LANE: T5 measured_data_v2 only captures Lane 3 effect box; Lanes 1,2,4,5 are unrecorded"
T5,28,1,stamina_cost_down,0,8,8,"MISSING_MEASURED_LANE: T5 measured_data_v2 only captures Lane 3 effect box; Lanes 1,2,4,5 are unrecorded"
T5,28,2,a_skill_score_up,0,7,7,"MISSING_MEASURED_LANE: T5 measured_data_v2 only captures Lane 3 effect box; Lanes 1,2,4,5 are unrecorded"
T5,28,2,combo_continue,0,1,1,"MISSING_MEASURED_LANE: T5 measured_data_v2 only captures Lane 3 effect box; Lanes 1,2,4,5 are unrecorded"
T5,28,2,score_up,0,8,8,"MISSING_MEASURED_LANE: T5 measured_data_v2 only captures Lane 3 effect box; Lanes 1,2,4,5 are unrecorded"
T5,28,2,stamina_cost_down,0,8,8,"MISSING_MEASURED_LANE: T5 measured_data_v2 only captures Lane 3 effect box; Lanes 1,2,4,5 are unrecorded"
T5,28,3,a_skill_score_up,0,9,9,DECAY_TIMING_LAG: Buff expired in measured 1-2 beats earlier than sim (in-game decay counts activation beat)
T5,28,3,combo_continue,0,1,1,FLAG_NOT_STAGED: combo_continue is a boolean flag without stages (recorded as stage: null in measured)
T5,28,3,combo_score_up,0,8,8,DECAY_TIMING_LAG: Buff expired in measured 1-2 beats earlier than sim (in-game decay counts activation beat)
T5,28,3,score_up,0,13,13,DECAY_TIMING_LAG: Buff expired in measured 1-2 beats earlier than sim (in-game decay counts activation beat)
T5,28,3,tension_up,0,5,5,DECAY_TIMING_LAG: Buff expired in measured 1-2 beats earlier than sim (in-game decay counts activation beat)
T5,28,3,vocal_boost,0,9,9,DECAY_TIMING_LAG: Buff expired in measured 1-2 beats earlier than sim (in-game decay counts activation beat)
T5,28,3,vocal_up_extreme,10,5,-5,"EXTREME_DISPLAY_VS_EFFECTIVE: In-game UI displays 10 stages, but simulator engine models effective +5 stages"
T5,28,4,combo_continue,0,1,1,"MISSING_MEASURED_LANE: T5 measured_data_v2 only captures Lane 3 effect box; Lanes 1,2,4,5 are unrecorded"
T5,28,4,stamina_cost_down,0,8,8,"MISSING_MEASURED_LANE: T5 measured_data_v2 only captures Lane 3 effect box; Lanes 1,2,4,5 are unrecorded"
T5,28,5,a_skill_score_up,0,7,7,"MISSING_MEASURED_LANE: T5 measured_data_v2 only captures Lane 3 effect box; Lanes 1,2,4,5 are unrecorded"
T5,28,5,combo_continue,0,1,1,"MISSING_MEASURED_LANE: T5 measured_data_v2 only captures Lane 3 effect box; Lanes 1,2,4,5 are unrecorded"
T5,28,5,stamina_cost_down,0,8,8,"MISSING_MEASURED_LANE: T5 measured_data_v2 only captures Lane 3 effect box; Lanes 1,2,4,5 are unrecorded"
T5,29,1,combo_continue,0,1,1,"MISSING_MEASURED_LANE: T5 measured_data_v2 only captures Lane 3 effect box; Lanes 1,2,4,5 are unrecorded"
T5,29,1,stamina_cost_down,0,8,8,"MISSING_MEASURED_LANE: T5 measured_data_v2 only captures Lane 3 effect box; Lanes 1,2,4,5 are unrecorded"
T5,29,2,a_skill_score_up,0,7,7,"MISSING_MEASURED_LANE: T5 measured_data_v2 only captures Lane 3 effect box; Lanes 1,2,4,5 are unrecorded"
T5,29,2,combo_continue,0,1,1,"MISSING_MEASURED_LANE: T5 measured_data_v2 only captures Lane 3 effect box; Lanes 1,2,4,5 are unrecorded"
T5,29,2,score_up,0,8,8,"MISSING_MEASURED_LANE: T5 measured_data_v2 only captures Lane 3 effect box; Lanes 1,2,4,5 are unrecorded"
T5,29,2,stamina_cost_down,0,8,8,"MISSING_MEASURED_LANE: T5 measured_data_v2 only captures Lane 3 effect box; Lanes 1,2,4,5 are unrecorded"
T5,29,3,a_skill_score_up,0,9,9,DECAY_TIMING_LAG: Buff expired in measured 1-2 beats earlier than sim (in-game decay counts activation beat)
T5,29,3,combo_continue,0,1,1,FLAG_NOT_STAGED: combo_continue is a boolean flag without stages (recorded as stage: null in measured)
T5,29,3,combo_score_up,0,8,8,DECAY_TIMING_LAG: Buff expired in measured 1-2 beats earlier than sim (in-game decay counts activation beat)
T5,29,3,score_up,0,13,13,DECAY_TIMING_LAG: Buff expired in measured 1-2 beats earlier than sim (in-game decay counts activation beat)
T5,29,3,tension_up,0,5,5,DECAY_TIMING_LAG: Buff expired in measured 1-2 beats earlier than sim (in-game decay counts activation beat)
T5,29,3,vocal_boost,0,9,9,DECAY_TIMING_LAG: Buff expired in measured 1-2 beats earlier than sim (in-game decay counts activation beat)
T5,29,3,vocal_up_extreme,10,5,-5,"EXTREME_DISPLAY_VS_EFFECTIVE: In-game UI displays 10 stages, but simulator engine models effective +5 stages"
T5,29,4,combo_continue,0,1,1,"MISSING_MEASURED_LANE: T5 measured_data_v2 only captures Lane 3 effect box; Lanes 1,2,4,5 are unrecorded"
T5,29,4,stamina_cost_down,0,8,8,"MISSING_MEASURED_LANE: T5 measured_data_v2 only captures Lane 3 effect box; Lanes 1,2,4,5 are unrecorded"
T5,29,5,a_skill_score_up,0,7,7,"MISSING_MEASURED_LANE: T5 measured_data_v2 only captures Lane 3 effect box; Lanes 1,2,4,5 are unrecorded"
T5,29,5,combo_continue,0,1,1,"MISSING_MEASURED_LANE: T5 measured_data_v2 only captures Lane 3 effect box; Lanes 1,2,4,5 are unrecorded"
T5,29,5,stamina_cost_down,0,8,8,"MISSING_MEASURED_LANE: T5 measured_data_v2 only captures Lane 3 effect box; Lanes 1,2,4,5 are unrecorded"
T5,30,1,combo_continue,0,1,1,"MISSING_MEASURED_LANE: T5 measured_data_v2 only captures Lane 3 effect box; Lanes 1,2,4,5 are unrecorded"
T5,30,1,stamina_cost_down,0,8,8,"MISSING_MEASURED_LANE: T5 measured_data_v2 only captures Lane 3 effect box; Lanes 1,2,4,5 are unrecorded"
T5,30,2,a_skill_score_up,0,7,7,"MISSING_MEASURED_LANE: T5 measured_data_v2 only captures Lane 3 effect box; Lanes 1,2,4,5 are unrecorded"
T5,30,2,combo_continue,0,1,1,"MISSING_MEASURED_LANE: T5 measured_data_v2 only captures Lane 3 effect box; Lanes 1,2,4,5 are unrecorded"
T5,30,2,score_up,0,8,8,"MISSING_MEASURED_LANE: T5 measured_data_v2 only captures Lane 3 effect box; Lanes 1,2,4,5 are unrecorded"
T5,30,2,stamina_cost_down,0,8,8,"MISSING_MEASURED_LANE: T5 measured_data_v2 only captures Lane 3 effect box; Lanes 1,2,4,5 are unrecorded"
T5,30,3,a_skill_score_up,0,9,9,DECAY_TIMING_LAG: Buff expired in measured 1-2 beats earlier than sim (in-game decay counts activation beat)
T5,30,3,combo_continue,0,1,1,FLAG_NOT_STAGED: combo_continue is a boolean flag without stages (recorded as stage: null in measured)
T5,30,3,combo_score_up,0,8,8,DECAY_TIMING_LAG: Buff expired in measured 1-2 beats earlier than sim (in-game decay counts activation beat)
T5,30,3,critical_rate_up,6,0,-6,"PHASE_LAG_ACTIVATION: Activated on b30 (acts=['sk-ski-05-waso-00-1']); measured reflects immediately (POST), sim reflects next beat (PRE)"
T5,30,3,score_up,0,13,13,DECAY_TIMING_LAG: Buff expired in measured 1-2 beats earlier than sim (in-game decay counts activation beat)
T5,30,3,tension_up,0,5,5,DECAY_TIMING_LAG: Buff expired in measured 1-2 beats earlier than sim (in-game decay counts activation beat)
T5,30,3,vocal_boost,0,9,9,DECAY_TIMING_LAG: Buff expired in measured 1-2 beats earlier than sim (in-game decay counts activation beat)
T5,30,3,vocal_up_extreme,10,5,-5,"EXTREME_DISPLAY_VS_EFFECTIVE: In-game UI displays 10 stages, but simulator engine models effective +5 stages"
T5,30,4,combo_continue,0,1,1,"MISSING_MEASURED_LANE: T5 measured_data_v2 only captures Lane 3 effect box; Lanes 1,2,4,5 are unrecorded"
T5,30,4,stamina_cost_down,0,8,8,"MISSING_MEASURED_LANE: T5 measured_data_v2 only captures Lane 3 effect box; Lanes 1,2,4,5 are unrecorded"
T5,30,5,a_skill_score_up,0,7,7,"MISSING_MEASURED_LANE: T5 measured_data_v2 only captures Lane 3 effect box; Lanes 1,2,4,5 are unrecorded"
T5,30,5,combo_continue,0,1,1,"MISSING_MEASURED_LANE: T5 measured_data_v2 only captures Lane 3 effect box; Lanes 1,2,4,5 are unrecorded"
T5,30,5,stamina_cost_down,0,8,8,"MISSING_MEASURED_LANE: T5 measured_data_v2 only captures Lane 3 effect box; Lanes 1,2,4,5 are unrecorded"
T5,31,1,combo_continue,0,1,1,"MISSING_MEASURED_LANE: T5 measured_data_v2 only captures Lane 3 effect box; Lanes 1,2,4,5 are unrecorded"
T5,31,1,stamina_cost_down,0,8,8,"MISSING_MEASURED_LANE: T5 measured_data_v2 only captures Lane 3 effect box; Lanes 1,2,4,5 are unrecorded"
T5,31,2,a_skill_score_up,0,7,7,"MISSING_MEASURED_LANE: T5 measured_data_v2 only captures Lane 3 effect box; Lanes 1,2,4,5 are unrecorded"
T5,31,2,combo_continue,0,1,1,"MISSING_MEASURED_LANE: T5 measured_data_v2 only captures Lane 3 effect box; Lanes 1,2,4,5 are unrecorded"
T5,31,2,critical_rate_up,0,6,6,"MISSING_MEASURED_LANE: T5 measured_data_v2 only captures Lane 3 effect box; Lanes 1,2,4,5 are unrecorded"
T5,31,2,score_up,0,8,8,"MISSING_MEASURED_LANE: T5 measured_data_v2 only captures Lane 3 effect box; Lanes 1,2,4,5 are unrecorded"
T5,31,2,stamina_cost_down,0,8,8,"MISSING_MEASURED_LANE: T5 measured_data_v2 only captures Lane 3 effect box; Lanes 1,2,4,5 are unrecorded"
T5,31,3,combo_continue,0,1,1,FLAG_NOT_STAGED: combo_continue is a boolean flag without stages (recorded as stage: null in measured)
T5,31,3,tension_up,0,5,5,DECAY_TIMING_LAG: Buff expired in measured 1-2 beats earlier than sim (in-game decay counts activation beat)
T5,31,3,vocal_up_extreme,10,5,-5,"EXTREME_DISPLAY_VS_EFFECTIVE: In-game UI displays 10 stages, but simulator engine models effective +5 stages"
T5,31,4,combo_continue,0,1,1,"MISSING_MEASURED_LANE: T5 measured_data_v2 only captures Lane 3 effect box; Lanes 1,2,4,5 are unrecorded"
T5,31,4,stamina_cost_down,0,8,8,"MISSING_MEASURED_LANE: T5 measured_data_v2 only captures Lane 3 effect box; Lanes 1,2,4,5 are unrecorded"
T5,31,5,a_skill_score_up,0,7,7,"MISSING_MEASURED_LANE: T5 measured_data_v2 only captures Lane 3 effect box; Lanes 1,2,4,5 are unrecorded"
T5,31,5,combo_continue,0,1,1,"MISSING_MEASURED_LANE: T5 measured_data_v2 only captures Lane 3 effect box; Lanes 1,2,4,5 are unrecorded"
T5,31,5,stamina_cost_down,0,8,8,"MISSING_MEASURED_LANE: T5 measured_data_v2 only captures Lane 3 effect box; Lanes 1,2,4,5 are unrecorded"
T5,32,1,combo_continue,0,1,1,"MISSING_MEASURED_LANE: T5 measured_data_v2 only captures Lane 3 effect box; Lanes 1,2,4,5 are unrecorded"
T5,32,1,stamina_cost_down,0,8,8,"MISSING_MEASURED_LANE: T5 measured_data_v2 only captures Lane 3 effect box; Lanes 1,2,4,5 are unrecorded"
T5,32,2,a_skill_score_up,0,7,7,"MISSING_MEASURED_LANE: T5 measured_data_v2 only captures Lane 3 effect box; Lanes 1,2,4,5 are unrecorded"
T5,32,2,combo_continue,0,1,1,"MISSING_MEASURED_LANE: T5 measured_data_v2 only captures Lane 3 effect box; Lanes 1,2,4,5 are unrecorded"
T5,32,2,critical_rate_up,0,6,6,"MISSING_MEASURED_LANE: T5 measured_data_v2 only captures Lane 3 effect box; Lanes 1,2,4,5 are unrecorded"
T5,32,2,score_up,0,8,8,"MISSING_MEASURED_LANE: T5 measured_data_v2 only captures Lane 3 effect box; Lanes 1,2,4,5 are unrecorded"
T5,32,2,stamina_cost_down,0,8,8,"MISSING_MEASURED_LANE: T5 measured_data_v2 only captures Lane 3 effect box; Lanes 1,2,4,5 are unrecorded"
T5,32,3,a_skill_score_up,0,9,9,DECAY_TIMING_LAG: Buff expired in measured 1-2 beats earlier than sim (in-game decay counts activation beat)
T5,32,3,combo_continue,0,1,1,FLAG_NOT_STAGED: combo_continue is a boolean flag without stages (recorded as stage: null in measured)
T5,32,3,combo_score_up,0,8,8,DECAY_TIMING_LAG: Buff expired in measured 1-2 beats earlier than sim (in-game decay counts activation beat)
T5,32,3,score_up,0,13,13,DECAY_TIMING_LAG: Buff expired in measured 1-2 beats earlier than sim (in-game decay counts activation beat)
T5,32,3,tension_up,0,5,5,DECAY_TIMING_LAG: Buff expired in measured 1-2 beats earlier than sim (in-game decay counts activation beat)
T5,32,3,vocal_boost,0,9,9,DECAY_TIMING_LAG: Buff expired in measured 1-2 beats earlier than sim (in-game decay counts activation beat)
T5,32,3,vocal_up_extreme,10,5,-5,"EXTREME_DISPLAY_VS_EFFECTIVE: In-game UI displays 10 stages, but simulator engine models effective +5 stages"
T5,32,4,combo_continue,0,1,1,"MISSING_MEASURED_LANE: T5 measured_data_v2 only captures Lane 3 effect box; Lanes 1,2,4,5 are unrecorded"
T5,32,4,stamina_cost_down,0,8,8,"MISSING_MEASURED_LANE: T5 measured_data_v2 only captures Lane 3 effect box; Lanes 1,2,4,5 are unrecorded"
T5,32,5,a_skill_score_up,0,7,7,"MISSING_MEASURED_LANE: T5 measured_data_v2 only captures Lane 3 effect box; Lanes 1,2,4,5 are unrecorded"
T5,32,5,combo_continue,0,1,1,"MISSING_MEASURED_LANE: T5 measured_data_v2 only captures Lane 3 effect box; Lanes 1,2,4,5 are unrecorded"
T5,32,5,stamina_cost_down,0,8,8,"MISSING_MEASURED_LANE: T5 measured_data_v2 only captures Lane 3 effect box; Lanes 1,2,4,5 are unrecorded"
T5,33,1,combo_continue,0,1,1,"MISSING_MEASURED_LANE: T5 measured_data_v2 only captures Lane 3 effect box; Lanes 1,2,4,5 are unrecorded"
T5,33,1,stamina_cost_down,0,8,8,"MISSING_MEASURED_LANE: T5 measured_data_v2 only captures Lane 3 effect box; Lanes 1,2,4,5 are unrecorded"
T5,33,2,a_skill_score_up,0,7,7,"MISSING_MEASURED_LANE: T5 measured_data_v2 only captures Lane 3 effect box; Lanes 1,2,4,5 are unrecorded"
T5,33,2,combo_continue,0,1,1,"MISSING_MEASURED_LANE: T5 measured_data_v2 only captures Lane 3 effect box; Lanes 1,2,4,5 are unrecorded"
T5,33,2,critical_rate_up,0,6,6,"MISSING_MEASURED_LANE: T5 measured_data_v2 only captures Lane 3 effect box; Lanes 1,2,4,5 are unrecorded"
T5,33,2,stamina_cost_down,0,8,8,"MISSING_MEASURED_LANE: T5 measured_data_v2 only captures Lane 3 effect box; Lanes 1,2,4,5 are unrecorded"
T5,33,3,combo_continue,0,1,1,FLAG_NOT_STAGED: combo_continue is a boolean flag without stages (recorded as stage: null in measured)
T5,33,3,vocal_up_extreme,10,5,-5,"EXTREME_DISPLAY_VS_EFFECTIVE: In-game UI displays 10 stages, but simulator engine models effective +5 stages"
T5,33,4,combo_continue,0,1,1,"MISSING_MEASURED_LANE: T5 measured_data_v2 only captures Lane 3 effect box; Lanes 1,2,4,5 are unrecorded"
T5,33,4,stamina_cost_down,0,8,8,"MISSING_MEASURED_LANE: T5 measured_data_v2 only captures Lane 3 effect box; Lanes 1,2,4,5 are unrecorded"
T5,33,5,a_skill_score_up,0,7,7,"MISSING_MEASURED_LANE: T5 measured_data_v2 only captures Lane 3 effect box; Lanes 1,2,4,5 are unrecorded"
T5,33,5,combo_continue,0,1,1,"MISSING_MEASURED_LANE: T5 measured_data_v2 only captures Lane 3 effect box; Lanes 1,2,4,5 are unrecorded"
T5,33,5,stamina_cost_down,0,8,8,"MISSING_MEASURED_LANE: T5 measured_data_v2 only captures Lane 3 effect box; Lanes 1,2,4,5 are unrecorded"
T5,34,1,combo_continue,0,1,1,"MISSING_MEASURED_LANE: T5 measured_data_v2 only captures Lane 3 effect box; Lanes 1,2,4,5 are unrecorded"
T5,34,1,stamina_cost_down,0,8,8,"MISSING_MEASURED_LANE: T5 measured_data_v2 only captures Lane 3 effect box; Lanes 1,2,4,5 are unrecorded"
T5,34,2,a_skill_score_up,0,7,7,"MISSING_MEASURED_LANE: T5 measured_data_v2 only captures Lane 3 effect box; Lanes 1,2,4,5 are unrecorded"
T5,34,2,combo_continue,0,1,1,"MISSING_MEASURED_LANE: T5 measured_data_v2 only captures Lane 3 effect box; Lanes 1,2,4,5 are unrecorded"
T5,34,2,critical_rate_up,0,6,6,"MISSING_MEASURED_LANE: T5 measured_data_v2 only captures Lane 3 effect box; Lanes 1,2,4,5 are unrecorded"
T5,34,2,stamina_cost_down,0,8,8,"MISSING_MEASURED_LANE: T5 measured_data_v2 only captures Lane 3 effect box; Lanes 1,2,4,5 are unrecorded"
T5,34,3,combo_continue,0,1,1,FLAG_NOT_STAGED: combo_continue is a boolean flag without stages (recorded as stage: null in measured)
T5,34,3,tension_up,0,5,5,DECAY_TIMING_LAG: Buff expired in measured 1-2 beats earlier than sim (in-game decay counts activation beat)
T5,34,3,vocal_up_extreme,10,5,-5,"EXTREME_DISPLAY_VS_EFFECTIVE: In-game UI displays 10 stages, but simulator engine models effective +5 stages"
T5,34,4,combo_continue,0,1,1,"MISSING_MEASURED_LANE: T5 measured_data_v2 only captures Lane 3 effect box; Lanes 1,2,4,5 are unrecorded"
T5,34,4,stamina_cost_down,0,8,8,"MISSING_MEASURED_LANE: T5 measured_data_v2 only captures Lane 3 effect box; Lanes 1,2,4,5 are unrecorded"
T5,34,5,a_skill_score_up,0,7,7,"MISSING_MEASURED_LANE: T5 measured_data_v2 only captures Lane 3 effect box; Lanes 1,2,4,5 are unrecorded"
T5,34,5,combo_continue,0,1,1,"MISSING_MEASURED_LANE: T5 measured_data_v2 only captures Lane 3 effect box; Lanes 1,2,4,5 are unrecorded"
T5,34,5,stamina_cost_down,0,8,8,"MISSING_MEASURED_LANE: T5 measured_data_v2 only captures Lane 3 effect box; Lanes 1,2,4,5 are unrecorded"
T5,35,1,combo_continue,0,1,1,"MISSING_MEASURED_LANE: T5 measured_data_v2 only captures Lane 3 effect box; Lanes 1,2,4,5 are unrecorded"
T5,35,1,stamina_cost_down,0,8,8,"MISSING_MEASURED_LANE: T5 measured_data_v2 only captures Lane 3 effect box; Lanes 1,2,4,5 are unrecorded"
T5,35,2,a_skill_score_up,0,7,7,"MISSING_MEASURED_LANE: T5 measured_data_v2 only captures Lane 3 effect box; Lanes 1,2,4,5 are unrecorded"
T5,35,2,combo_continue,0,1,1,"MISSING_MEASURED_LANE: T5 measured_data_v2 only captures Lane 3 effect box; Lanes 1,2,4,5 are unrecorded"
T5,35,2,critical_rate_up,0,6,6,"MISSING_MEASURED_LANE: T5 measured_data_v2 only captures Lane 3 effect box; Lanes 1,2,4,5 are unrecorded"
T5,35,2,stamina_cost_down,0,8,8,"MISSING_MEASURED_LANE: T5 measured_data_v2 only captures Lane 3 effect box; Lanes 1,2,4,5 are unrecorded"
T5,35,3,a_skill_score_up,0,9,9,DECAY_TIMING_LAG: Buff expired in measured 1-2 beats earlier than sim (in-game decay counts activation beat)
T5,35,3,combo_continue,0,1,1,FLAG_NOT_STAGED: combo_continue is a boolean flag without stages (recorded as stage: null in measured)
T5,35,3,combo_score_up,0,8,8,DECAY_TIMING_LAG: Buff expired in measured 1-2 beats earlier than sim (in-game decay counts activation beat)
T5,35,3,score_up,0,13,13,DECAY_TIMING_LAG: Buff expired in measured 1-2 beats earlier than sim (in-game decay counts activation beat)
T5,35,3,tension_up,0,5,5,DECAY_TIMING_LAG: Buff expired in measured 1-2 beats earlier than sim (in-game decay counts activation beat)
T5,35,3,vocal_boost,0,9,9,DECAY_TIMING_LAG: Buff expired in measured 1-2 beats earlier than sim (in-game decay counts activation beat)
T5,35,3,vocal_up_extreme,10,5,-5,"EXTREME_DISPLAY_VS_EFFECTIVE: In-game UI displays 10 stages, but simulator engine models effective +5 stages"
T5,35,4,combo_continue,0,1,1,"MISSING_MEASURED_LANE: T5 measured_data_v2 only captures Lane 3 effect box; Lanes 1,2,4,5 are unrecorded"
T5,35,4,stamina_cost_down,0,8,8,"MISSING_MEASURED_LANE: T5 measured_data_v2 only captures Lane 3 effect box; Lanes 1,2,4,5 are unrecorded"
T5,35,5,a_skill_score_up,0,7,7,"MISSING_MEASURED_LANE: T5 measured_data_v2 only captures Lane 3 effect box; Lanes 1,2,4,5 are unrecorded"
T5,35,5,combo_continue,0,1,1,"MISSING_MEASURED_LANE: T5 measured_data_v2 only captures Lane 3 effect box; Lanes 1,2,4,5 are unrecorded"
T5,35,5,stamina_cost_down,0,8,8,"MISSING_MEASURED_LANE: T5 measured_data_v2 only captures Lane 3 effect box; Lanes 1,2,4,5 are unrecorded"
T5,36,1,combo_continue,0,1,1,"MISSING_MEASURED_LANE: T5 measured_data_v2 only captures Lane 3 effect box; Lanes 1,2,4,5 are unrecorded"
T5,36,1,stamina_cost_down,0,8,8,"MISSING_MEASURED_LANE: T5 measured_data_v2 only captures Lane 3 effect box; Lanes 1,2,4,5 are unrecorded"
T5,36,2,a_skill_score_up,0,7,7,"MISSING_MEASURED_LANE: T5 measured_data_v2 only captures Lane 3 effect box; Lanes 1,2,4,5 are unrecorded"
T5,36,2,combo_continue,0,1,1,"MISSING_MEASURED_LANE: T5 measured_data_v2 only captures Lane 3 effect box; Lanes 1,2,4,5 are unrecorded"
T5,36,2,critical_rate_up,0,6,6,"MISSING_MEASURED_LANE: T5 measured_data_v2 only captures Lane 3 effect box; Lanes 1,2,4,5 are unrecorded"
T5,36,2,stamina_cost_down,0,8,8,"MISSING_MEASURED_LANE: T5 measured_data_v2 only captures Lane 3 effect box; Lanes 1,2,4,5 are unrecorded"
T5,36,3,a_skill_score_up,0,9,9,DECAY_TIMING_LAG: Buff expired in measured 1-2 beats earlier than sim (in-game decay counts activation beat)
T5,36,3,combo_continue,0,1,1,FLAG_NOT_STAGED: combo_continue is a boolean flag without stages (recorded as stage: null in measured)
T5,36,3,combo_score_up,0,8,8,DECAY_TIMING_LAG: Buff expired in measured 1-2 beats earlier than sim (in-game decay counts activation beat)
T5,36,3,critical_coeff_up,9,0,-9,BUFF_STAGE_MISMATCH: Measured 9 vs Sim 0 (diff=-9)
T5,36,3,critical_rate_up,15,6,-9,BUFF_STAGE_MISMATCH: Measured 15 vs Sim 6 (diff=-9)
T5,36,3,focus,18,10,-8,BUFF_STAGE_MISMATCH: Measured 18 vs Sim 10 (diff=-8)
T5,36,3,score_up,0,13,13,DECAY_TIMING_LAG: Buff expired in measured 1-2 beats earlier than sim (in-game decay counts activation beat)
T5,36,3,stamina_cost_down,13,8,-5,BUFF_STAGE_MISMATCH: Measured 13 vs Sim 8 (diff=-5)
T5,36,3,tension_up,0,5,5,DECAY_TIMING_LAG: Buff expired in measured 1-2 beats earlier than sim (in-game decay counts activation beat)
T5,36,3,vocal_boost,0,9,9,DECAY_TIMING_LAG: Buff expired in measured 1-2 beats earlier than sim (in-game decay counts activation beat)
T5,36,3,vocal_up,19,9,-10,BUFF_STAGE_MISMATCH: Measured 19 vs Sim 9 (diff=-10)
T5,36,3,vocal_up_extreme,23,5,-18,BUFF_STAGE_MISMATCH: Measured 23 vs Sim 5 (diff=-18)
T5,36,4,combo_continue,0,1,1,"MISSING_MEASURED_LANE: T5 measured_data_v2 only captures Lane 3 effect box; Lanes 1,2,4,5 are unrecorded"
T5,36,4,stamina_cost_down,0,8,8,"MISSING_MEASURED_LANE: T5 measured_data_v2 only captures Lane 3 effect box; Lanes 1,2,4,5 are unrecorded"
T5,36,5,a_skill_score_up,0,7,7,"MISSING_MEASURED_LANE: T5 measured_data_v2 only captures Lane 3 effect box; Lanes 1,2,4,5 are unrecorded"
T5,36,5,combo_continue,0,1,1,"MISSING_MEASURED_LANE: T5 measured_data_v2 only captures Lane 3 effect box; Lanes 1,2,4,5 are unrecorded"
T5,36,5,stamina_cost_down,0,8,8,"MISSING_MEASURED_LANE: T5 measured_data_v2 only captures Lane 3 effect box; Lanes 1,2,4,5 are unrecorded"
T5,37,1,combo_continue,0,1,1,"MISSING_MEASURED_LANE: T5 measured_data_v2 only captures Lane 3 effect box; Lanes 1,2,4,5 are unrecorded"
T5,37,1,stamina_cost_down,0,8,8,"MISSING_MEASURED_LANE: T5 measured_data_v2 only captures Lane 3 effect box; Lanes 1,2,4,5 are unrecorded"
T5,37,2,a_skill_score_up,0,7,7,"MISSING_MEASURED_LANE: T5 measured_data_v2 only captures Lane 3 effect box; Lanes 1,2,4,5 are unrecorded"
T5,37,2,combo_continue,0,1,1,"MISSING_MEASURED_LANE: T5 measured_data_v2 only captures Lane 3 effect box; Lanes 1,2,4,5 are unrecorded"
T5,37,2,critical_rate_up,0,6,6,"MISSING_MEASURED_LANE: T5 measured_data_v2 only captures Lane 3 effect box; Lanes 1,2,4,5 are unrecorded"
T5,37,2,stamina_cost_down,0,8,8,"MISSING_MEASURED_LANE: T5 measured_data_v2 only captures Lane 3 effect box; Lanes 1,2,4,5 are unrecorded"
T5,37,3,a_skill_score_up,0,9,9,DECAY_TIMING_LAG: Buff expired in measured 1-2 beats earlier than sim (in-game decay counts activation beat)
T5,37,3,combo_continue,0,1,1,FLAG_NOT_STAGED: combo_continue is a boolean flag without stages (recorded as stage: null in measured)
T5,37,3,combo_score_up,13,8,-5,BUFF_STAGE_MISMATCH: Measured 13 vs Sim 8 (diff=-5)
T5,37,3,score_up,5,13,8,BUFF_STAGE_MISMATCH: Measured 5 vs Sim 13 (diff=8)
T5,37,3,tension_up,0,5,5,DECAY_TIMING_LAG: Buff expired in measured 1-2 beats earlier than sim (in-game decay counts activation beat)
T5,37,3,vocal_boost,0,9,9,DECAY_TIMING_LAG: Buff expired in measured 1-2 beats earlier than sim (in-game decay counts activation beat)
T5,37,3,vocal_up_extreme,10,5,-5,"EXTREME_DISPLAY_VS_EFFECTIVE: In-game UI displays 10 stages, but simulator engine models effective +5 stages"
T5,37,4,combo_continue,0,1,1,"MISSING_MEASURED_LANE: T5 measured_data_v2 only captures Lane 3 effect box; Lanes 1,2,4,5 are unrecorded"
T5,37,4,stamina_cost_down,0,8,8,"MISSING_MEASURED_LANE: T5 measured_data_v2 only captures Lane 3 effect box; Lanes 1,2,4,5 are unrecorded"
T5,37,5,a_skill_score_up,0,7,7,"MISSING_MEASURED_LANE: T5 measured_data_v2 only captures Lane 3 effect box; Lanes 1,2,4,5 are unrecorded"
T5,37,5,combo_continue,0,1,1,"MISSING_MEASURED_LANE: T5 measured_data_v2 only captures Lane 3 effect box; Lanes 1,2,4,5 are unrecorded"
T5,37,5,stamina_cost_down,0,8,8,"MISSING_MEASURED_LANE: T5 measured_data_v2 only captures Lane 3 effect box; Lanes 1,2,4,5 are unrecorded"
T5,38,1,combo_continue,0,1,1,"MISSING_MEASURED_LANE: T5 measured_data_v2 only captures Lane 3 effect box; Lanes 1,2,4,5 are unrecorded"
T5,38,1,stamina_cost_down,0,8,8,"MISSING_MEASURED_LANE: T5 measured_data_v2 only captures Lane 3 effect box; Lanes 1,2,4,5 are unrecorded"
T5,38,2,a_skill_score_up,0,7,7,"MISSING_MEASURED_LANE: T5 measured_data_v2 only captures Lane 3 effect box; Lanes 1,2,4,5 are unrecorded"
T5,38,2,combo_continue,0,1,1,"MISSING_MEASURED_LANE: T5 measured_data_v2 only captures Lane 3 effect box; Lanes 1,2,4,5 are unrecorded"
T5,38,2,critical_rate_up,0,6,6,"MISSING_MEASURED_LANE: T5 measured_data_v2 only captures Lane 3 effect box; Lanes 1,2,4,5 are unrecorded"
T5,38,2,stamina_cost_down,0,8,8,"MISSING_MEASURED_LANE: T5 measured_data_v2 only captures Lane 3 effect box; Lanes 1,2,4,5 are unrecorded"
T5,38,3,a_skill_score_up,0,9,9,DECAY_TIMING_LAG: Buff expired in measured 1-2 beats earlier than sim (in-game decay counts activation beat)
T5,38,3,combo_continue,0,1,1,FLAG_NOT_STAGED: combo_continue is a boolean flag without stages (recorded as stage: null in measured)
T5,38,3,combo_score_up,10,8,-2,"PHASE_LAG_ACTIVATION: Activated on b38 (acts=['sk-ski-05-onep-00-1']); measured reflects immediately (POST), sim reflects next beat (PRE)"
T5,38,3,critical_coeff_up,21,0,-21,"PHASE_LAG_ACTIVATION: Activated on b38 (acts=['sk-ski-05-onep-00-1']); measured reflects immediately (POST), sim reflects next beat (PRE)"
T5,38,3,critical_rate_up,0,6,6,DECAY_TIMING_LAG: Buff expired in measured 1-2 beats earlier than sim (in-game decay counts activation beat)
T5,38,3,focus,21,10,-11,"PHASE_LAG_ACTIVATION: Activated on b38 (acts=['sk-ski-05-onep-00-1']); measured reflects immediately (POST), sim reflects next beat (PRE)"
T5,38,3,score_up,10,13,3,AMPLIFY_OR_OVERLAP_ON_BEAT: Activation on b38 (['sk-ski-05-onep-00-1']); measured stage 10 vs sim stage 13
T5,38,3,skill_success_up,12,0,-12,"PHASE_LAG_ACTIVATION: Activated on b38 (acts=['sk-ski-05-onep-00-1']); measured reflects immediately (POST), sim reflects next beat (PRE)"
T5,38,3,tension_up,11,5,-6,"PHASE_LAG_ACTIVATION: Activated on b38 (acts=['sk-ski-05-onep-00-1']); measured reflects immediately (POST), sim reflects next beat (PRE)"
T5,38,3,vocal_up,10,9,-1,"PHASE_LAG_ACTIVATION: Activated on b38 (acts=['sk-ski-05-onep-00-1']); measured reflects immediately (POST), sim reflects next beat (PRE)"
T5,38,3,vocal_up_extreme,27,5,-22,"PHASE_LAG_ACTIVATION: Activated on b38 (acts=['sk-ski-05-onep-00-1']); measured reflects immediately (POST), sim reflects next beat (PRE)"
T5,38,4,combo_continue,0,1,1,"MISSING_MEASURED_LANE: T5 measured_data_v2 only captures Lane 3 effect box; Lanes 1,2,4,5 are unrecorded"
T5,38,4,stamina_cost_down,0,8,8,"MISSING_MEASURED_LANE: T5 measured_data_v2 only captures Lane 3 effect box; Lanes 1,2,4,5 are unrecorded"
T5,38,5,a_skill_score_up,0,7,7,"MISSING_MEASURED_LANE: T5 measured_data_v2 only captures Lane 3 effect box; Lanes 1,2,4,5 are unrecorded"
T5,38,5,combo_continue,0,1,1,"MISSING_MEASURED_LANE: T5 measured_data_v2 only captures Lane 3 effect box; Lanes 1,2,4,5 are unrecorded"
T5,38,5,stamina_cost_down,0,8,8,"MISSING_MEASURED_LANE: T5 measured_data_v2 only captures Lane 3 effect box; Lanes 1,2,4,5 are unrecorded"
T5,39,1,combo_continue,0,1,1,"MISSING_MEASURED_LANE: T5 measured_data_v2 only captures Lane 3 effect box; Lanes 1,2,4,5 are unrecorded"
T5,39,1,stamina_cost_down,0,8,8,"MISSING_MEASURED_LANE: T5 measured_data_v2 only captures Lane 3 effect box; Lanes 1,2,4,5 are unrecorded"
T5,39,2,a_skill_score_up,0,7,7,"MISSING_MEASURED_LANE: T5 measured_data_v2 only captures Lane 3 effect box; Lanes 1,2,4,5 are unrecorded"
T5,39,2,combo_continue,0,1,1,"MISSING_MEASURED_LANE: T5 measured_data_v2 only captures Lane 3 effect box; Lanes 1,2,4,5 are unrecorded"
T5,39,2,critical_rate_up,0,6,6,"MISSING_MEASURED_LANE: T5 measured_data_v2 only captures Lane 3 effect box; Lanes 1,2,4,5 are unrecorded"
T5,39,2,stamina_cost_down,0,8,8,"MISSING_MEASURED_LANE: T5 measured_data_v2 only captures Lane 3 effect box; Lanes 1,2,4,5 are unrecorded"
T5,39,3,combo_continue,0,1,1,FLAG_NOT_STAGED: combo_continue is a boolean flag without stages (recorded as stage: null in measured)
T5,39,3,combo_score_up,21,11,-10,BUFF_STAGE_MISMATCH: Measured 21 vs Sim 11 (diff=-10)
T5,39,3,critical_coeff_up,9,0,-9,BUFF_STAGE_MISMATCH: Measured 9 vs Sim 0 (diff=-9)
T5,39,3,critical_rate_up,0,9,9,BUFF_STAGE_MISMATCH: Measured 0 vs Sim 9 (diff=9)
T5,39,3,score_up,26,16,-10,BUFF_STAGE_MISMATCH: Measured 26 vs Sim 16 (diff=-10)
T5,39,3,stamina_cost_down,0,11,11,BUFF_STAGE_MISMATCH: Measured 0 vs Sim 11 (diff=11)
T5,39,3,tension_up,19,8,-11,BUFF_STAGE_MISMATCH: Measured 19 vs Sim 8 (diff=-11)
T5,39,3,vocal_boost,21,12,-9,BUFF_STAGE_MISMATCH: Measured 21 vs Sim 12 (diff=-9)
T5,39,3,vocal_up,0,12,12,BUFF_STAGE_MISMATCH: Measured 0 vs Sim 12 (diff=12)
T5,39,3,vocal_up_extreme,11,5,-6,BUFF_STAGE_MISMATCH: Measured 11 vs Sim 5 (diff=-6)
T5,39,4,combo_continue,0,1,1,"MISSING_MEASURED_LANE: T5 measured_data_v2 only captures Lane 3 effect box; Lanes 1,2,4,5 are unrecorded"
T5,39,4,stamina_cost_down,0,8,8,"MISSING_MEASURED_LANE: T5 measured_data_v2 only captures Lane 3 effect box; Lanes 1,2,4,5 are unrecorded"
T5,39,5,a_skill_score_up,0,7,7,"MISSING_MEASURED_LANE: T5 measured_data_v2 only captures Lane 3 effect box; Lanes 1,2,4,5 are unrecorded"
T5,39,5,combo_continue,0,1,1,"MISSING_MEASURED_LANE: T5 measured_data_v2 only captures Lane 3 effect box; Lanes 1,2,4,5 are unrecorded"
T5,39,5,stamina_cost_down,0,8,8,"MISSING_MEASURED_LANE: T5 measured_data_v2 only captures Lane 3 effect box; Lanes 1,2,4,5 are unrecorded"
T5,40,1,combo_continue,0,1,1,"MISSING_MEASURED_LANE: T5 measured_data_v2 only captures Lane 3 effect box; Lanes 1,2,4,5 are unrecorded"
T5,40,1,stamina_cost_down,0,8,8,"MISSING_MEASURED_LANE: T5 measured_data_v2 only captures Lane 3 effect box; Lanes 1,2,4,5 are unrecorded"
T5,40,2,combo_continue,0,1,1,"MISSING_MEASURED_LANE: T5 measured_data_v2 only captures Lane 3 effect box; Lanes 1,2,4,5 are unrecorded"
T5,40,2,critical_rate_up,0,6,6,"MISSING_MEASURED_LANE: T5 measured_data_v2 only captures Lane 3 effect box; Lanes 1,2,4,5 are unrecorded"
T5,40,2,stamina_cost_down,0,8,8,"MISSING_MEASURED_LANE: T5 measured_data_v2 only captures Lane 3 effect box; Lanes 1,2,4,5 are unrecorded"
T5,40,3,combo_continue,0,1,1,FLAG_NOT_STAGED: combo_continue is a boolean flag without stages (recorded as stage: null in measured)
T5,40,3,combo_score_up,21,11,-10,"PHASE_LAG_ACTIVATION: Activated on b40 (acts=['sk-ktn-05-wedd-00-3']); measured reflects immediately (POST), sim reflects next beat (PRE)"
T5,40,3,critical_coeff_up,9,0,-9,"PHASE_LAG_ACTIVATION: Activated on b40 (acts=['sk-ktn-05-wedd-00-3']); measured reflects immediately (POST), sim reflects next beat (PRE)"
T5,40,3,critical_rate_up,0,9,9,DECAY_TIMING_LAG: Buff expired in measured 1-2 beats earlier than sim (in-game decay counts activation beat)
T5,40,3,score_up,26,16,-10,"PHASE_LAG_ACTIVATION: Activated on b40 (acts=['sk-ktn-05-wedd-00-3']); measured reflects immediately (POST), sim reflects next beat (PRE)"
T5,40,3,stamina_cost_down,0,11,11,DECAY_TIMING_LAG: Buff expired in measured 1-2 beats earlier than sim (in-game decay counts activation beat)
T5,40,3,tension_up,11,8,-3,"PHASE_LAG_ACTIVATION: Activated on b40 (acts=['sk-ktn-05-wedd-00-3']); measured reflects immediately (POST), sim reflects next beat (PRE)"
T5,40,3,vocal_boost,21,12,-9,"PHASE_LAG_ACTIVATION: Activated on b40 (acts=['sk-ktn-05-wedd-00-3']); measured reflects immediately (POST), sim reflects next beat (PRE)"
T5,40,3,vocal_up,0,12,12,DECAY_TIMING_LAG: Buff expired in measured 1-2 beats earlier than sim (in-game decay counts activation beat)
T5,40,3,vocal_up_extreme,11,5,-6,"PHASE_LAG_ACTIVATION: Activated on b40 (acts=['sk-ktn-05-wedd-00-3']); measured reflects immediately (POST), sim reflects next beat (PRE)"
T5,40,4,combo_continue,0,1,1,"MISSING_MEASURED_LANE: T5 measured_data_v2 only captures Lane 3 effect box; Lanes 1,2,4,5 are unrecorded"
T5,40,4,stamina_cost_down,0,8,8,"MISSING_MEASURED_LANE: T5 measured_data_v2 only captures Lane 3 effect box; Lanes 1,2,4,5 are unrecorded"
T5,40,5,combo_continue,0,1,1,"MISSING_MEASURED_LANE: T5 measured_data_v2 only captures Lane 3 effect box; Lanes 1,2,4,5 are unrecorded"
T5,40,5,stamina_cost_down,0,8,8,"MISSING_MEASURED_LANE: T5 measured_data_v2 only captures Lane 3 effect box; Lanes 1,2,4,5 are unrecorded"
T5,41,1,combo_continue,0,1,1,"MISSING_MEASURED_LANE: T5 measured_data_v2 only captures Lane 3 effect box; Lanes 1,2,4,5 are unrecorded"
T5,41,1,stamina_cost_down,0,8,8,"MISSING_MEASURED_LANE: T5 measured_data_v2 only captures Lane 3 effect box; Lanes 1,2,4,5 are unrecorded"
T5,41,2,combo_continue,0,1,1,"MISSING_MEASURED_LANE: T5 measured_data_v2 only captures Lane 3 effect box; Lanes 1,2,4,5 are unrecorded"
T5,41,2,critical_rate_up,0,6,6,"MISSING_MEASURED_LANE: T5 measured_data_v2 only captures Lane 3 effect box; Lanes 1,2,4,5 are unrecorded"
T5,41,2,stamina_cost_down,0,8,8,"MISSING_MEASURED_LANE: T5 measured_data_v2 only captures Lane 3 effect box; Lanes 1,2,4,5 are unrecorded"
T5,41,3,combo_continue,0,1,1,FLAG_NOT_STAGED: combo_continue is a boolean flag without stages (recorded as stage: null in measured)
T5,41,3,critical_coeff_up,9,0,-9,BUFF_STAGE_MISMATCH: Measured 9 vs Sim 0 (diff=-9)
T5,41,3,focus,26,10,-16,BUFF_STAGE_MISMATCH: Measured 26 vs Sim 10 (diff=-16)
T5,41,3,score_up,0,16,16,DECAY_TIMING_LAG: Buff expired in measured 1-2 beats earlier than sim (in-game decay counts activation beat)
T5,41,3,stamina_cost_down,0,11,11,DECAY_TIMING_LAG: Buff expired in measured 1-2 beats earlier than sim (in-game decay counts activation beat)
T5,41,3,tension_up,10,8,-2,BUFF_STAGE_MISMATCH: Measured 10 vs Sim 8 (diff=-2)
T5,41,3,vocal_up_extreme,11,5,-6,BUFF_STAGE_MISMATCH: Measured 11 vs Sim 5 (diff=-6)
T5,41,4,combo_continue,0,1,1,"MISSING_MEASURED_LANE: T5 measured_data_v2 only captures Lane 3 effect box; Lanes 1,2,4,5 are unrecorded"
T5,41,4,stamina_cost_down,0,8,8,"MISSING_MEASURED_LANE: T5 measured_data_v2 only captures Lane 3 effect box; Lanes 1,2,4,5 are unrecorded"
T5,41,5,combo_continue,0,1,1,"MISSING_MEASURED_LANE: T5 measured_data_v2 only captures Lane 3 effect box; Lanes 1,2,4,5 are unrecorded"
T5,41,5,stamina_cost_down,0,8,8,"MISSING_MEASURED_LANE: T5 measured_data_v2 only captures Lane 3 effect box; Lanes 1,2,4,5 are unrecorded"
T5,42,1,combo_continue,0,1,1,"MISSING_MEASURED_LANE: T5 measured_data_v2 only captures Lane 3 effect box; Lanes 1,2,4,5 are unrecorded"
T5,42,1,stamina_cost_down,0,8,8,"MISSING_MEASURED_LANE: T5 measured_data_v2 only captures Lane 3 effect box; Lanes 1,2,4,5 are unrecorded"
T5,42,2,combo_continue,0,1,1,"MISSING_MEASURED_LANE: T5 measured_data_v2 only captures Lane 3 effect box; Lanes 1,2,4,5 are unrecorded"
T5,42,2,critical_rate_up,0,6,6,"MISSING_MEASURED_LANE: T5 measured_data_v2 only captures Lane 3 effect box; Lanes 1,2,4,5 are unrecorded"
T5,42,2,stamina_cost_down,0,8,8,"MISSING_MEASURED_LANE: T5 measured_data_v2 only captures Lane 3 effect box; Lanes 1,2,4,5 are unrecorded"
T5,42,3,a_skill_score_up,0,12,12,DECAY_TIMING_LAG: Buff expired in measured 1-2 beats earlier than sim (in-game decay counts activation beat)
T5,42,3,combo_continue,0,1,1,FLAG_NOT_STAGED: combo_continue is a boolean flag without stages (recorded as stage: null in measured)
T5,42,3,combo_score_up,0,11,11,DECAY_TIMING_LAG: Buff expired in measured 1-2 beats earlier than sim (in-game decay counts activation beat)
T5,42,3,critical_coeff_up,19,0,-19,BUFF_STAGE_MISMATCH: Measured 19 vs Sim 0 (diff=-19)
T5,42,3,critical_rate_up,21,9,-12,BUFF_STAGE_MISMATCH: Measured 21 vs Sim 9 (diff=-12)
T5,42,3,score_up,0,16,16,DECAY_TIMING_LAG: Buff expired in measured 1-2 beats earlier than sim (in-game decay counts activation beat)
T5,42,3,skill_success_up,12,0,-12,BUFF_STAGE_MISMATCH: Measured 12 vs Sim 0 (diff=-12)
T5,42,3,stamina_cost_down,27,11,-16,BUFF_STAGE_MISMATCH: Measured 27 vs Sim 11 (diff=-16)
T5,42,3,tension_up,0,8,8,DECAY_TIMING_LAG: Buff expired in measured 1-2 beats earlier than sim (in-game decay counts activation beat)
T5,42,3,vocal_boost,0,12,12,DECAY_TIMING_LAG: Buff expired in measured 1-2 beats earlier than sim (in-game decay counts activation beat)
T5,42,3,vocal_up_extreme,21,5,-16,BUFF_STAGE_MISMATCH: Measured 21 vs Sim 5 (diff=-16)
T5,42,4,combo_continue,0,1,1,"MISSING_MEASURED_LANE: T5 measured_data_v2 only captures Lane 3 effect box; Lanes 1,2,4,5 are unrecorded"
T5,42,4,stamina_cost_down,0,8,8,"MISSING_MEASURED_LANE: T5 measured_data_v2 only captures Lane 3 effect box; Lanes 1,2,4,5 are unrecorded"
T5,42,5,combo_continue,0,1,1,"MISSING_MEASURED_LANE: T5 measured_data_v2 only captures Lane 3 effect box; Lanes 1,2,4,5 are unrecorded"
T5,42,5,stamina_cost_down,0,8,8,"MISSING_MEASURED_LANE: T5 measured_data_v2 only captures Lane 3 effect box; Lanes 1,2,4,5 are unrecorded"
T5,43,1,combo_continue,0,1,1,"MISSING_MEASURED_LANE: T5 measured_data_v2 only captures Lane 3 effect box; Lanes 1,2,4,5 are unrecorded"
T5,43,1,stamina_cost_down,0,8,8,"MISSING_MEASURED_LANE: T5 measured_data_v2 only captures Lane 3 effect box; Lanes 1,2,4,5 are unrecorded"
T5,43,2,combo_continue,0,1,1,"MISSING_MEASURED_LANE: T5 measured_data_v2 only captures Lane 3 effect box; Lanes 1,2,4,5 are unrecorded"
T5,43,2,critical_rate_up,0,6,6,"MISSING_MEASURED_LANE: T5 measured_data_v2 only captures Lane 3 effect box; Lanes 1,2,4,5 are unrecorded"
T5,43,2,stamina_cost_down,0,8,8,"MISSING_MEASURED_LANE: T5 measured_data_v2 only captures Lane 3 effect box; Lanes 1,2,4,5 are unrecorded"
T5,43,3,a_skill_score_up,0,12,12,DECAY_TIMING_LAG: Buff expired in measured 1-2 beats earlier than sim (in-game decay counts activation beat)
T5,43,3,combo_continue,0,1,1,FLAG_NOT_STAGED: combo_continue is a boolean flag without stages (recorded as stage: null in measured)
T5,43,3,combo_score_up,0,11,11,DECAY_TIMING_LAG: Buff expired in measured 1-2 beats earlier than sim (in-game decay counts activation beat)
T5,43,3,critical_coeff_up,21,0,-21,BUFF_STAGE_MISMATCH: Measured 21 vs Sim 0 (diff=-21)
T5,43,3,score_up,10,16,6,BUFF_STAGE_MISMATCH: Measured 10 vs Sim 16 (diff=6)
T5,43,3,skill_success_up,12,0,-12,BUFF_STAGE_MISMATCH: Measured 12 vs Sim 0 (diff=-12)
T5,43,3,stamina_cost_down,24,11,-13,BUFF_STAGE_MISMATCH: Measured 24 vs Sim 11 (diff=-13)
T5,43,3,tension_up,0,8,8,DECAY_TIMING_LAG: Buff expired in measured 1-2 beats earlier than sim (in-game decay counts activation beat)
T5,43,3,vocal_boost,0,12,12,DECAY_TIMING_LAG: Buff expired in measured 1-2 beats earlier than sim (in-game decay counts activation beat)
T5,43,3,vocal_up,22,12,-10,BUFF_STAGE_MISMATCH: Measured 22 vs Sim 12 (diff=-10)
T5,43,3,vocal_up_extreme,11,5,-6,BUFF_STAGE_MISMATCH: Measured 11 vs Sim 5 (diff=-6)
T5,43,4,combo_continue,0,1,1,"MISSING_MEASURED_LANE: T5 measured_data_v2 only captures Lane 3 effect box; Lanes 1,2,4,5 are unrecorded"
T5,43,4,stamina_cost_down,0,8,8,"MISSING_MEASURED_LANE: T5 measured_data_v2 only captures Lane 3 effect box; Lanes 1,2,4,5 are unrecorded"
T5,43,5,combo_continue,0,1,1,"MISSING_MEASURED_LANE: T5 measured_data_v2 only captures Lane 3 effect box; Lanes 1,2,4,5 are unrecorded"
T5,43,5,stamina_cost_down,0,8,8,"MISSING_MEASURED_LANE: T5 measured_data_v2 only captures Lane 3 effect box; Lanes 1,2,4,5 are unrecorded"
T5,44,1,combo_continue,0,1,1,"MISSING_MEASURED_LANE: T5 measured_data_v2 only captures Lane 3 effect box; Lanes 1,2,4,5 are unrecorded"
T5,44,1,stamina_cost_down,0,8,8,"MISSING_MEASURED_LANE: T5 measured_data_v2 only captures Lane 3 effect box; Lanes 1,2,4,5 are unrecorded"
T5,44,2,combo_continue,0,1,1,"MISSING_MEASURED_LANE: T5 measured_data_v2 only captures Lane 3 effect box; Lanes 1,2,4,5 are unrecorded"
T5,44,2,critical_rate_up,0,6,6,"MISSING_MEASURED_LANE: T5 measured_data_v2 only captures Lane 3 effect box; Lanes 1,2,4,5 are unrecorded"
T5,44,2,stamina_cost_down,0,8,8,"MISSING_MEASURED_LANE: T5 measured_data_v2 only captures Lane 3 effect box; Lanes 1,2,4,5 are unrecorded"
T5,44,3,a_skill_score_up,0,12,12,DECAY_TIMING_LAG: Buff expired in measured 1-2 beats earlier than sim (in-game decay counts activation beat)
T5,44,3,combo_continue,0,1,1,FLAG_NOT_STAGED: combo_continue is a boolean flag without stages (recorded as stage: null in measured)
T5,44,3,combo_score_up,0,11,11,DECAY_TIMING_LAG: Buff expired in measured 1-2 beats earlier than sim (in-game decay counts activation beat)
T5,44,3,critical_coeff_up,21,0,-21,BUFF_STAGE_MISMATCH: Measured 21 vs Sim 0 (diff=-21)
T5,44,3,focus,21,10,-11,BUFF_STAGE_MISMATCH: Measured 21 vs Sim 10 (diff=-11)
T5,44,3,score_up,0,16,16,DECAY_TIMING_LAG: Buff expired in measured 1-2 beats earlier than sim (in-game decay counts activation beat)
T5,44,3,skill_success_up,12,0,-12,BUFF_STAGE_MISMATCH: Measured 12 vs Sim 0 (diff=-12)
T5,44,3,stamina_cost_down,19,11,-8,BUFF_STAGE_MISMATCH: Measured 19 vs Sim 11 (diff=-8)
T5,44,3,tension_up,0,8,8,DECAY_TIMING_LAG: Buff expired in measured 1-2 beats earlier than sim (in-game decay counts activation beat)
T5,44,3,vocal_boost,0,12,12,DECAY_TIMING_LAG: Buff expired in measured 1-2 beats earlier than sim (in-game decay counts activation beat)
T5,44,3,vocal_up,22,12,-10,BUFF_STAGE_MISMATCH: Measured 22 vs Sim 12 (diff=-10)
T5,44,3,vocal_up_extreme,21,5,-16,BUFF_STAGE_MISMATCH: Measured 21 vs Sim 5 (diff=-16)
T5,44,4,combo_continue,0,1,1,"MISSING_MEASURED_LANE: T5 measured_data_v2 only captures Lane 3 effect box; Lanes 1,2,4,5 are unrecorded"
T5,44,4,stamina_cost_down,0,8,8,"MISSING_MEASURED_LANE: T5 measured_data_v2 only captures Lane 3 effect box; Lanes 1,2,4,5 are unrecorded"
T5,44,5,combo_continue,0,1,1,"MISSING_MEASURED_LANE: T5 measured_data_v2 only captures Lane 3 effect box; Lanes 1,2,4,5 are unrecorded"
T5,44,5,stamina_cost_down,0,8,8,"MISSING_MEASURED_LANE: T5 measured_data_v2 only captures Lane 3 effect box; Lanes 1,2,4,5 are unrecorded"
T5,45,1,combo_continue,0,1,1,"MISSING_MEASURED_LANE: T5 measured_data_v2 only captures Lane 3 effect box; Lanes 1,2,4,5 are unrecorded"
T5,45,1,stamina_cost_down,0,8,8,"MISSING_MEASURED_LANE: T5 measured_data_v2 only captures Lane 3 effect box; Lanes 1,2,4,5 are unrecorded"
T5,45,2,combo_continue,0,1,1,"MISSING_MEASURED_LANE: T5 measured_data_v2 only captures Lane 3 effect box; Lanes 1,2,4,5 are unrecorded"
T5,45,2,critical_rate_up,0,6,6,"MISSING_MEASURED_LANE: T5 measured_data_v2 only captures Lane 3 effect box; Lanes 1,2,4,5 are unrecorded"
T5,45,2,stamina_cost_down,0,8,8,"MISSING_MEASURED_LANE: T5 measured_data_v2 only captures Lane 3 effect box; Lanes 1,2,4,5 are unrecorded"
T5,45,3,a_skill_score_up,0,12,12,DECAY_TIMING_LAG: Buff expired in measured 1-2 beats earlier than sim (in-game decay counts activation beat)
T5,45,3,combo_continue,0,1,1,FLAG_NOT_STAGED: combo_continue is a boolean flag without stages (recorded as stage: null in measured)
T5,45,3,combo_score_up,0,11,11,DECAY_TIMING_LAG: Buff expired in measured 1-2 beats earlier than sim (in-game decay counts activation beat)
T5,45,3,critical_coeff_up,9,0,-9,BUFF_STAGE_MISMATCH: Measured 9 vs Sim 0 (diff=-9)
T5,45,3,score_up,11,8,-3,BUFF_STAGE_MISMATCH: Measured 11 vs Sim 8 (diff=-3)
T5,45,3,stamina_cost_down,0,11,11,DECAY_TIMING_LAG: Buff expired in measured 1-2 beats earlier than sim (in-game decay counts activation beat)
T5,45,3,vocal_up_extreme,11,5,-6,BUFF_STAGE_MISMATCH: Measured 11 vs Sim 5 (diff=-6)
T5,45,4,combo_continue,0,1,1,"MISSING_MEASURED_LANE: T5 measured_data_v2 only captures Lane 3 effect box; Lanes 1,2,4,5 are unrecorded"
T5,45,4,stamina_cost_down,0,8,8,"MISSING_MEASURED_LANE: T5 measured_data_v2 only captures Lane 3 effect box; Lanes 1,2,4,5 are unrecorded"
T5,45,5,combo_continue,0,1,1,"MISSING_MEASURED_LANE: T5 measured_data_v2 only captures Lane 3 effect box; Lanes 1,2,4,5 are unrecorded"
T5,45,5,stamina_cost_down,0,8,8,"MISSING_MEASURED_LANE: T5 measured_data_v2 only captures Lane 3 effect box; Lanes 1,2,4,5 are unrecorded"
T5,46,1,combo_continue,0,1,1,"MISSING_MEASURED_LANE: T5 measured_data_v2 only captures Lane 3 effect box; Lanes 1,2,4,5 are unrecorded"
T5,46,1,stamina_cost_down,0,8,8,"MISSING_MEASURED_LANE: T5 measured_data_v2 only captures Lane 3 effect box; Lanes 1,2,4,5 are unrecorded"
T5,46,2,combo_continue,0,1,1,"MISSING_MEASURED_LANE: T5 measured_data_v2 only captures Lane 3 effect box; Lanes 1,2,4,5 are unrecorded"
T5,46,2,critical_rate_up,0,6,6,"MISSING_MEASURED_LANE: T5 measured_data_v2 only captures Lane 3 effect box; Lanes 1,2,4,5 are unrecorded"
T5,46,2,stamina_cost_down,0,8,8,"MISSING_MEASURED_LANE: T5 measured_data_v2 only captures Lane 3 effect box; Lanes 1,2,4,5 are unrecorded"
T5,46,3,a_skill_score_up,0,12,12,DECAY_TIMING_LAG: Buff expired in measured 1-2 beats earlier than sim (in-game decay counts activation beat)
T5,46,3,combo_continue,0,1,1,FLAG_NOT_STAGED: combo_continue is a boolean flag without stages (recorded as stage: null in measured)
T5,46,3,combo_score_up,21,11,-10,BUFF_STAGE_MISMATCH: Measured 21 vs Sim 11 (diff=-10)
T5,46,3,critical_coeff_up,21,0,-21,BUFF_STAGE_MISMATCH: Measured 21 vs Sim 0 (diff=-21)
T5,46,3,critical_rate_up,0,9,9,DECAY_TIMING_LAG: Buff expired in measured 1-2 beats earlier than sim (in-game decay counts activation beat)
T5,46,3,focus,21,10,-11,BUFF_STAGE_MISMATCH: Measured 21 vs Sim 10 (diff=-11)
T5,46,3,score_up,0,8,8,DECAY_TIMING_LAG: Buff expired in measured 1-2 beats earlier than sim (in-game decay counts activation beat)
T5,46,3,skill_success_up,12,0,-12,BUFF_STAGE_MISMATCH: Measured 12 vs Sim 0 (diff=-12)
T5,46,3,stamina_cost_down,8,11,3,BUFF_STAGE_MISMATCH: Measured 8 vs Sim 11 (diff=3)
T5,46,3,vocal_boost,0,12,12,DECAY_TIMING_LAG: Buff expired in measured 1-2 beats earlier than sim (in-game decay counts activation beat)
T5,46,3,vocal_up,10,12,2,BUFF_STAGE_MISMATCH: Measured 10 vs Sim 12 (diff=2)
T5,46,3,vocal_up_extreme,11,5,-6,BUFF_STAGE_MISMATCH: Measured 11 vs Sim 5 (diff=-6)
T5,46,4,combo_continue,0,1,1,"MISSING_MEASURED_LANE: T5 measured_data_v2 only captures Lane 3 effect box; Lanes 1,2,4,5 are unrecorded"
T5,46,4,stamina_cost_down,0,8,8,"MISSING_MEASURED_LANE: T5 measured_data_v2 only captures Lane 3 effect box; Lanes 1,2,4,5 are unrecorded"
T5,46,5,combo_continue,0,1,1,"MISSING_MEASURED_LANE: T5 measured_data_v2 only captures Lane 3 effect box; Lanes 1,2,4,5 are unrecorded"
T5,46,5,stamina_cost_down,0,8,8,"MISSING_MEASURED_LANE: T5 measured_data_v2 only captures Lane 3 effect box; Lanes 1,2,4,5 are unrecorded"
T5,47,1,combo_continue,0,1,1,"MISSING_MEASURED_LANE: T5 measured_data_v2 only captures Lane 3 effect box; Lanes 1,2,4,5 are unrecorded"
T5,47,1,stamina_cost_down,0,8,8,"MISSING_MEASURED_LANE: T5 measured_data_v2 only captures Lane 3 effect box; Lanes 1,2,4,5 are unrecorded"
T5,47,2,combo_continue,0,1,1,"MISSING_MEASURED_LANE: T5 measured_data_v2 only captures Lane 3 effect box; Lanes 1,2,4,5 are unrecorded"
T5,47,2,critical_rate_up,0,6,6,"MISSING_MEASURED_LANE: T5 measured_data_v2 only captures Lane 3 effect box; Lanes 1,2,4,5 are unrecorded"
T5,47,2,stamina_cost_down,0,8,8,"MISSING_MEASURED_LANE: T5 measured_data_v2 only captures Lane 3 effect box; Lanes 1,2,4,5 are unrecorded"
T5,47,3,a_skill_score_up,0,12,12,DECAY_TIMING_LAG: Buff expired in measured 1-2 beats earlier than sim (in-game decay counts activation beat)
T5,47,3,combo_continue,0,1,1,FLAG_NOT_STAGED: combo_continue is a boolean flag without stages (recorded as stage: null in measured)
T5,47,3,combo_score_up,21,11,-10,"PHASE_LAG_ACTIVATION: Activated on b47 (acts=['sk-yu-05-birt-02-1', 'photo-L3-2', 'photo-L4-1', 'photo-L2-3']); measured reflects immediately (POST), sim reflects next beat (PRE)"
T5,47,3,critical_coeff_up,8,0,-8,"PHASE_LAG_ACTIVATION: Activated on b47 (acts=['sk-yu-05-birt-02-1', 'photo-L3-2', 'photo-L4-1', 'photo-L2-3']); measured reflects immediately (POST), sim reflects next beat (PRE)"
T5,47,3,critical_rate_up,0,9,9,DECAY_TIMING_LAG: Buff expired in measured 1-2 beats earlier than sim (in-game decay counts activation beat)
T5,47,3,focus,11,10,-1,"PHASE_LAG_ACTIVATION: Activated on b47 (acts=['sk-yu-05-birt-02-1', 'photo-L3-2', 'photo-L4-1', 'photo-L2-3']); measured reflects immediately (POST), sim reflects next beat (PRE)"
T5,47,3,score_up,0,8,8,DECAY_TIMING_LAG: Buff expired in measured 1-2 beats earlier than sim (in-game decay counts activation beat)
T5,47,3,stamina_cost_down,0,11,11,DECAY_TIMING_LAG: Buff expired in measured 1-2 beats earlier than sim (in-game decay counts activation beat)
T5,47,3,tension_up,0,8,8,DECAY_TIMING_LAG: Buff expired in measured 1-2 beats earlier than sim (in-game decay counts activation beat)
T5,47,3,vocal_boost,0,12,12,DECAY_TIMING_LAG: Buff expired in measured 1-2 beats earlier than sim (in-game decay counts activation beat)
T5,47,3,vocal_up,9,12,3,"AMPLIFY_OR_OVERLAP_ON_BEAT: Activation on b47 (['sk-yu-05-birt-02-1', 'photo-L3-2', 'photo-L4-1', 'photo-L2-3']); measured stage 9 vs sim stage 12"
T5,47,3,vocal_up_extreme,0,5,5,DECAY_TIMING_LAG: Extreme buff expired in measured before sim decay
T5,47,4,combo_continue,0,1,1,"MISSING_MEASURED_LANE: T5 measured_data_v2 only captures Lane 3 effect box; Lanes 1,2,4,5 are unrecorded"
T5,47,4,stamina_cost_down,0,8,8,"MISSING_MEASURED_LANE: T5 measured_data_v2 only captures Lane 3 effect box; Lanes 1,2,4,5 are unrecorded"
T5,47,5,combo_continue,0,1,1,"MISSING_MEASURED_LANE: T5 measured_data_v2 only captures Lane 3 effect box; Lanes 1,2,4,5 are unrecorded"
T5,47,5,stamina_cost_down,0,8,8,"MISSING_MEASURED_LANE: T5 measured_data_v2 only captures Lane 3 effect box; Lanes 1,2,4,5 are unrecorded"
T5,48,1,combo_continue,0,1,1,"MISSING_MEASURED_LANE: T5 measured_data_v2 only captures Lane 3 effect box; Lanes 1,2,4,5 are unrecorded"
T5,48,1,stamina_cost_down,0,8,8,"MISSING_MEASURED_LANE: T5 measured_data_v2 only captures Lane 3 effect box; Lanes 1,2,4,5 are unrecorded"
T5,48,2,combo_continue,0,1,1,"MISSING_MEASURED_LANE: T5 measured_data_v2 only captures Lane 3 effect box; Lanes 1,2,4,5 are unrecorded"
T5,48,2,critical_rate_up,0,6,6,"MISSING_MEASURED_LANE: T5 measured_data_v2 only captures Lane 3 effect box; Lanes 1,2,4,5 are unrecorded"
T5,48,2,stamina_cost_down,0,8,8,"MISSING_MEASURED_LANE: T5 measured_data_v2 only captures Lane 3 effect box; Lanes 1,2,4,5 are unrecorded"
T5,48,3,a_skill_score_up,0,12,12,DECAY_TIMING_LAG: Buff expired in measured 1-2 beats earlier than sim (in-game decay counts activation beat)
T5,48,3,combo_continue,0,1,1,FLAG_NOT_STAGED: combo_continue is a boolean flag without stages (recorded as stage: null in measured)
T5,48,3,combo_score_up,21,11,-10,"PHASE_LAG_ACTIVATION: Activated on b48 (acts=['photo-L2-4']); measured reflects immediately (POST), sim reflects next beat (PRE)"
T5,48,3,critical_rate_up,0,9,9,DECAY_TIMING_LAG: Buff expired in measured 1-2 beats earlier than sim (in-game decay counts activation beat)
T5,48,3,focus,11,10,-1,"PHASE_LAG_ACTIVATION: Activated on b48 (acts=['photo-L2-4']); measured reflects immediately (POST), sim reflects next beat (PRE)"
T5,48,3,score_up,0,8,8,DECAY_TIMING_LAG: Buff expired in measured 1-2 beats earlier than sim (in-game decay counts activation beat)
T5,48,3,stamina_cost_down,0,11,11,DECAY_TIMING_LAG: Buff expired in measured 1-2 beats earlier than sim (in-game decay counts activation beat)
T5,48,3,tension_up,0,8,8,DECAY_TIMING_LAG: Buff expired in measured 1-2 beats earlier than sim (in-game decay counts activation beat)
T5,48,3,vocal_boost,0,12,12,DECAY_TIMING_LAG: Buff expired in measured 1-2 beats earlier than sim (in-game decay counts activation beat)
T5,48,3,vocal_up,9,12,3,AMPLIFY_OR_OVERLAP_ON_BEAT: Activation on b48 (['photo-L2-4']); measured stage 9 vs sim stage 12
T5,48,3,vocal_up_extreme,0,5,5,DECAY_TIMING_LAG: Extreme buff expired in measured before sim decay
T5,48,4,combo_continue,0,1,1,"MISSING_MEASURED_LANE: T5 measured_data_v2 only captures Lane 3 effect box; Lanes 1,2,4,5 are unrecorded"
T5,48,4,stamina_cost_down,0,8,8,"MISSING_MEASURED_LANE: T5 measured_data_v2 only captures Lane 3 effect box; Lanes 1,2,4,5 are unrecorded"
T5,48,5,combo_continue,0,1,1,"MISSING_MEASURED_LANE: T5 measured_data_v2 only captures Lane 3 effect box; Lanes 1,2,4,5 are unrecorded"
T5,48,5,stamina_cost_down,0,8,8,"MISSING_MEASURED_LANE: T5 measured_data_v2 only captures Lane 3 effect box; Lanes 1,2,4,5 are unrecorded"
T5,49,1,combo_continue,0,1,1,"MISSING_MEASURED_LANE: T5 measured_data_v2 only captures Lane 3 effect box; Lanes 1,2,4,5 are unrecorded"
T5,49,1,stamina_cost_down,0,8,8,"MISSING_MEASURED_LANE: T5 measured_data_v2 only captures Lane 3 effect box; Lanes 1,2,4,5 are unrecorded"
T5,49,2,combo_continue,0,1,1,"MISSING_MEASURED_LANE: T5 measured_data_v2 only captures Lane 3 effect box; Lanes 1,2,4,5 are unrecorded"
T5,49,2,critical_rate_up,0,6,6,"MISSING_MEASURED_LANE: T5 measured_data_v2 only captures Lane 3 effect box; Lanes 1,2,4,5 are unrecorded"
T5,49,2,stamina_cost_down,0,8,8,"MISSING_MEASURED_LANE: T5 measured_data_v2 only captures Lane 3 effect box; Lanes 1,2,4,5 are unrecorded"
T5,49,3,combo_continue,0,1,1,FLAG_NOT_STAGED: combo_continue is a boolean flag without stages (recorded as stage: null in measured)
T5,49,3,combo_score_up,21,11,-10,"PHASE_LAG_ACTIVATION: Activated on b49 (acts=['']); measured reflects immediately (POST), sim reflects next beat (PRE)"
T5,49,3,critical_rate_up,0,9,9,DECAY_TIMING_LAG: Buff expired in measured 1-2 beats earlier than sim (in-game decay counts activation beat)
T5,49,3,focus,11,10,-1,"PHASE_LAG_ACTIVATION: Activated on b49 (acts=['']); measured reflects immediately (POST), sim reflects next beat (PRE)"
T5,49,3,score_up,18,8,-10,"PHASE_LAG_ACTIVATION: Activated on b49 (acts=['']); measured reflects immediately (POST), sim reflects next beat (PRE)"
T5,49,3,stamina_cost_down,0,11,11,DECAY_TIMING_LAG: Buff expired in measured 1-2 beats earlier than sim (in-game decay counts activation beat)
T5,49,3,tension_up,11,8,-3,"PHASE_LAG_ACTIVATION: Activated on b49 (acts=['']); measured reflects immediately (POST), sim reflects next beat (PRE)"
T5,49,3,vocal_boost,21,12,-9,"PHASE_LAG_ACTIVATION: Activated on b49 (acts=['']); measured reflects immediately (POST), sim reflects next beat (PRE)"
T5,49,3,vocal_up,9,12,3,AMPLIFY_OR_OVERLAP_ON_BEAT: Activation on b49 (['']); measured stage 9 vs sim stage 12
T5,49,3,vocal_up_extreme,0,5,5,DECAY_TIMING_LAG: Extreme buff expired in measured before sim decay
T5,49,4,combo_continue,0,1,1,"MISSING_MEASURED_LANE: T5 measured_data_v2 only captures Lane 3 effect box; Lanes 1,2,4,5 are unrecorded"
T5,49,4,stamina_cost_down,0,8,8,"MISSING_MEASURED_LANE: T5 measured_data_v2 only captures Lane 3 effect box; Lanes 1,2,4,5 are unrecorded"
T5,49,5,combo_continue,0,1,1,"MISSING_MEASURED_LANE: T5 measured_data_v2 only captures Lane 3 effect box; Lanes 1,2,4,5 are unrecorded"
T5,49,5,stamina_cost_down,0,8,8,"MISSING_MEASURED_LANE: T5 measured_data_v2 only captures Lane 3 effect box; Lanes 1,2,4,5 are unrecorded"
T5,50,1,combo_continue,0,1,1,"MISSING_MEASURED_LANE: T5 measured_data_v2 only captures Lane 3 effect box; Lanes 1,2,4,5 are unrecorded"
T5,50,1,stamina_cost_down,0,8,8,"MISSING_MEASURED_LANE: T5 measured_data_v2 only captures Lane 3 effect box; Lanes 1,2,4,5 are unrecorded"
T5,50,2,combo_continue,0,1,1,"MISSING_MEASURED_LANE: T5 measured_data_v2 only captures Lane 3 effect box; Lanes 1,2,4,5 are unrecorded"
T5,50,2,critical_rate_up,0,6,6,"MISSING_MEASURED_LANE: T5 measured_data_v2 only captures Lane 3 effect box; Lanes 1,2,4,5 are unrecorded"
T5,50,2,stamina_cost_down,0,8,8,"MISSING_MEASURED_LANE: T5 measured_data_v2 only captures Lane 3 effect box; Lanes 1,2,4,5 are unrecorded"
T5,50,3,a_skill_score_up,0,12,12,DECAY_TIMING_LAG: Buff expired in measured 1-2 beats earlier than sim (in-game decay counts activation beat)
T5,50,3,combo_continue,0,1,1,FLAG_NOT_STAGED: combo_continue is a boolean flag without stages (recorded as stage: null in measured)
T5,50,3,combo_score_up,10,11,1,"AMPLIFY_OR_OVERLAP_ON_BEAT: Activation on b50 (['sk-yu-05-birt-02-2', 'photo-L1-1', 'photo-L4-2', 'sk-ski-05-onep-00-3']); measured stage 10 vs sim stage 11"
T5,50,3,critical_rate_up,0,9,9,DECAY_TIMING_LAG: Buff expired in measured 1-2 beats earlier than sim (in-game decay counts activation beat)
T5,50,3,focus,11,10,-1,"PHASE_LAG_ACTIVATION: Activated on b50 (acts=['sk-yu-05-birt-02-2', 'photo-L1-1', 'photo-L4-2', 'sk-ski-05-onep-00-3']); measured reflects immediately (POST), sim reflects next beat (PRE)"
T5,50,3,score_up,11,8,-3,"PHASE_LAG_ACTIVATION: Activated on b50 (acts=['sk-yu-05-birt-02-2', 'photo-L1-1', 'photo-L4-2', 'sk-ski-05-onep-00-3']); measured reflects immediately (POST), sim reflects next beat (PRE)"
T5,50,3,stamina_cost_down,28,11,-17,"PHASE_LAG_ACTIVATION: Activated on b50 (acts=['sk-yu-05-birt-02-2', 'photo-L1-1', 'photo-L4-2', 'sk-ski-05-onep-00-3']); measured reflects immediately (POST), sim reflects next beat (PRE)"
T5,50,3,tension_up,0,8,8,DECAY_TIMING_LAG: Buff expired in measured 1-2 beats earlier than sim (in-game decay counts activation beat)
T5,50,3,vocal_boost,0,12,12,DECAY_TIMING_LAG: Buff expired in measured 1-2 beats earlier than sim (in-game decay counts activation beat)
T5,50,3,vocal_up,9,12,3,"AMPLIFY_OR_OVERLAP_ON_BEAT: Activation on b50 (['sk-yu-05-birt-02-2', 'photo-L1-1', 'photo-L4-2', 'sk-ski-05-onep-00-3']); measured stage 9 vs sim stage 12"
T5,50,3,vocal_up_extreme,0,5,5,DECAY_TIMING_LAG: Extreme buff expired in measured before sim decay
T5,50,4,combo_continue,0,1,1,"MISSING_MEASURED_LANE: T5 measured_data_v2 only captures Lane 3 effect box; Lanes 1,2,4,5 are unrecorded"
T5,50,4,stamina_cost_down,0,8,8,"MISSING_MEASURED_LANE: T5 measured_data_v2 only captures Lane 3 effect box; Lanes 1,2,4,5 are unrecorded"
T5,50,5,combo_continue,0,1,1,"MISSING_MEASURED_LANE: T5 measured_data_v2 only captures Lane 3 effect box; Lanes 1,2,4,5 are unrecorded"
T5,50,5,stamina_cost_down,0,8,8,"MISSING_MEASURED_LANE: T5 measured_data_v2 only captures Lane 3 effect box; Lanes 1,2,4,5 are unrecorded"
T5,51,1,combo_continue,0,1,1,"MISSING_MEASURED_LANE: T5 measured_data_v2 only captures Lane 3 effect box; Lanes 1,2,4,5 are unrecorded"
T5,51,1,stamina_cost_down,0,8,8,"MISSING_MEASURED_LANE: T5 measured_data_v2 only captures Lane 3 effect box; Lanes 1,2,4,5 are unrecorded"
T5,51,2,a_skill_score_up,0,7,7,"MISSING_MEASURED_LANE: T5 measured_data_v2 only captures Lane 3 effect box; Lanes 1,2,4,5 are unrecorded"
T5,51,2,combo_continue,0,1,1,"MISSING_MEASURED_LANE: T5 measured_data_v2 only captures Lane 3 effect box; Lanes 1,2,4,5 are unrecorded"
T5,51,2,critical_rate_up,0,6,6,"MISSING_MEASURED_LANE: T5 measured_data_v2 only captures Lane 3 effect box; Lanes 1,2,4,5 are unrecorded"
T5,51,2,stamina_cost_down,0,8,8,"MISSING_MEASURED_LANE: T5 measured_data_v2 only captures Lane 3 effect box; Lanes 1,2,4,5 are unrecorded"
T5,51,3,a_skill_score_up,0,19,19,"AMPLIFY_OR_OVERLAP_ON_BEAT: Activation on b51 (['photo-L1-2', 'sk-chs-05-fest-03-3', 'photo-L4-3']); measured stage 0 vs sim stage 19"
T5,51,3,combo_continue,0,1,1,FLAG_NOT_STAGED: combo_continue is a boolean flag without stages (recorded as stage: null in measured)
T5,51,3,combo_score_up,10,17,7,"AMPLIFY_OR_OVERLAP_ON_BEAT: Activation on b51 (['photo-L1-2', 'sk-chs-05-fest-03-3', 'photo-L4-3']); measured stage 10 vs sim stage 17"
T5,51,3,critical_coeff_up,27,8,-19,"PHASE_LAG_ACTIVATION: Activated on b51 (acts=['photo-L1-2', 'sk-chs-05-fest-03-3', 'photo-L4-3']); measured reflects immediately (POST), sim reflects next beat (PRE)"
T5,51,3,critical_rate_up,0,9,9,DECAY_TIMING_LAG: Buff expired in measured 1-2 beats earlier than sim (in-game decay counts activation beat)
T5,51,3,focus,11,10,-1,"PHASE_LAG_ACTIVATION: Activated on b51 (acts=['photo-L1-2', 'sk-chs-05-fest-03-3', 'photo-L4-3']); measured reflects immediately (POST), sim reflects next beat (PRE)"
T5,51,3,skill_success_up,17,2,-15,"PHASE_LAG_ACTIVATION: Activated on b51 (acts=['photo-L1-2', 'sk-chs-05-fest-03-3', 'photo-L4-3']); measured reflects immediately (POST), sim reflects next beat (PRE)"
T5,51,3,stamina_cost_down,30,11,-19,"PHASE_LAG_ACTIVATION: Activated on b51 (acts=['photo-L1-2', 'sk-chs-05-fest-03-3', 'photo-L4-3']); measured reflects immediately (POST), sim reflects next beat (PRE)"
T5,51,3,tension_up,0,11,11,"AMPLIFY_OR_OVERLAP_ON_BEAT: Activation on b51 (['photo-L1-2', 'sk-chs-05-fest-03-3', 'photo-L4-3']); measured stage 0 vs sim stage 11"
T5,51,3,vocal_boost,9,15,6,"AMPLIFY_OR_OVERLAP_ON_BEAT: Activation on b51 (['photo-L1-2', 'sk-chs-05-fest-03-3', 'photo-L4-3']); measured stage 9 vs sim stage 15"
T5,51,3,vocal_up,19,12,-7,"PHASE_LAG_ACTIVATION: Activated on b51 (acts=['photo-L1-2', 'sk-chs-05-fest-03-3', 'photo-L4-3']); measured reflects immediately (POST), sim reflects next beat (PRE)"
T5,51,3,vocal_up_extreme,17,5,-12,"PHASE_LAG_ACTIVATION: Activated on b51 (acts=['photo-L1-2', 'sk-chs-05-fest-03-3', 'photo-L4-3']); measured reflects immediately (POST), sim reflects next beat (PRE)"
T5,51,4,combo_continue,0,1,1,"MISSING_MEASURED_LANE: T5 measured_data_v2 only captures Lane 3 effect box; Lanes 1,2,4,5 are unrecorded"
T5,51,4,stamina_cost_down,0,8,8,"MISSING_MEASURED_LANE: T5 measured_data_v2 only captures Lane 3 effect box; Lanes 1,2,4,5 are unrecorded"
T5,51,5,a_skill_score_up,0,7,7,"MISSING_MEASURED_LANE: T5 measured_data_v2 only captures Lane 3 effect box; Lanes 1,2,4,5 are unrecorded"
T5,51,5,combo_continue,0,1,1,"MISSING_MEASURED_LANE: T5 measured_data_v2 only captures Lane 3 effect box; Lanes 1,2,4,5 are unrecorded"
T5,51,5,stamina_cost_down,0,8,8,"MISSING_MEASURED_LANE: T5 measured_data_v2 only captures Lane 3 effect box; Lanes 1,2,4,5 are unrecorded"
T5,52,1,combo_continue,0,1,1,"MISSING_MEASURED_LANE: T5 measured_data_v2 only captures Lane 3 effect box; Lanes 1,2,4,5 are unrecorded"
T5,52,1,stamina_cost_down,0,8,8,"MISSING_MEASURED_LANE: T5 measured_data_v2 only captures Lane 3 effect box; Lanes 1,2,4,5 are unrecorded"
T5,52,2,a_skill_score_up,0,7,7,"MISSING_MEASURED_LANE: T5 measured_data_v2 only captures Lane 3 effect box; Lanes 1,2,4,5 are unrecorded"
T5,52,2,combo_continue,0,1,1,"MISSING_MEASURED_LANE: T5 measured_data_v2 only captures Lane 3 effect box; Lanes 1,2,4,5 are unrecorded"
T5,52,2,critical_rate_up,0,6,6,"MISSING_MEASURED_LANE: T5 measured_data_v2 only captures Lane 3 effect box; Lanes 1,2,4,5 are unrecorded"
T5,52,2,score_up,0,8,8,"MISSING_MEASURED_LANE: T5 measured_data_v2 only captures Lane 3 effect box; Lanes 1,2,4,5 are unrecorded"
T5,52,2,stamina_cost_down,0,8,8,"MISSING_MEASURED_LANE: T5 measured_data_v2 only captures Lane 3 effect box; Lanes 1,2,4,5 are unrecorded"
T5,52,3,a_skill_score_up,0,19,19,DECAY_TIMING_LAG: Buff expired in measured 1-2 beats earlier than sim (in-game decay counts activation beat)
T5,52,3,combo_continue,0,1,1,FLAG_NOT_STAGED: combo_continue is a boolean flag without stages (recorded as stage: null in measured)
T5,52,3,combo_score_up,0,17,17,DECAY_TIMING_LAG: Buff expired in measured 1-2 beats earlier than sim (in-game decay counts activation beat)
T5,52,3,critical_coeff_up,24,14,-10,"PHASE_LAG_ACTIVATION: Activated on b52 (acts=['photo-L2-2']); measured reflects immediately (POST), sim reflects next beat (PRE)"
T5,52,3,critical_rate_up,28,9,-19,"PHASE_LAG_ACTIVATION: Activated on b52 (acts=['photo-L2-2']); measured reflects immediately (POST), sim reflects next beat (PRE)"
T5,52,3,focus,21,10,-11,"PHASE_LAG_ACTIVATION: Activated on b52 (acts=['photo-L2-2']); measured reflects immediately (POST), sim reflects next beat (PRE)"
T5,52,3,score_up,0,19,19,AMPLIFY_OR_OVERLAP_ON_BEAT: Activation on b52 (['photo-L2-2']); measured stage 0 vs sim stage 19
T5,52,3,skill_success_up,17,2,-15,"PHASE_LAG_ACTIVATION: Activated on b52 (acts=['photo-L2-2']); measured reflects immediately (POST), sim reflects next beat (PRE)"
T5,52,3,stamina_cost_down,30,11,-19,"PHASE_LAG_ACTIVATION: Activated on b52 (acts=['photo-L2-2']); measured reflects immediately (POST), sim reflects next beat (PRE)"
T5,52,3,tension_up,0,11,11,DECAY_TIMING_LAG: Buff expired in measured 1-2 beats earlier than sim (in-game decay counts activation beat)
T5,52,3,vocal_boost,0,15,15,DECAY_TIMING_LAG: Buff expired in measured 1-2 beats earlier than sim (in-game decay counts activation beat)
T5,52,3,vocal_up,28,19,-9,"PHASE_LAG_ACTIVATION: Activated on b52 (acts=['photo-L2-2']); measured reflects immediately (POST), sim reflects next beat (PRE)"
T5,52,3,vocal_up_extreme,28,5,-23,"PHASE_LAG_ACTIVATION: Activated on b52 (acts=['photo-L2-2']); measured reflects immediately (POST), sim reflects next beat (PRE)"
T5,52,4,combo_continue,0,1,1,"MISSING_MEASURED_LANE: T5 measured_data_v2 only captures Lane 3 effect box; Lanes 1,2,4,5 are unrecorded"
T5,52,4,stamina_cost_down,0,8,8,"MISSING_MEASURED_LANE: T5 measured_data_v2 only captures Lane 3 effect box; Lanes 1,2,4,5 are unrecorded"
T5,52,5,a_skill_score_up,0,7,7,"MISSING_MEASURED_LANE: T5 measured_data_v2 only captures Lane 3 effect box; Lanes 1,2,4,5 are unrecorded"
T5,52,5,combo_continue,0,1,1,"MISSING_MEASURED_LANE: T5 measured_data_v2 only captures Lane 3 effect box; Lanes 1,2,4,5 are unrecorded"
T5,52,5,stamina_cost_down,0,8,8,"MISSING_MEASURED_LANE: T5 measured_data_v2 only captures Lane 3 effect box; Lanes 1,2,4,5 are unrecorded"
T5,53,1,combo_continue,0,1,1,"MISSING_MEASURED_LANE: T5 measured_data_v2 only captures Lane 3 effect box; Lanes 1,2,4,5 are unrecorded"
T5,53,1,stamina_cost_down,0,8,8,"MISSING_MEASURED_LANE: T5 measured_data_v2 only captures Lane 3 effect box; Lanes 1,2,4,5 are unrecorded"
T5,53,2,a_skill_score_up,0,7,7,"MISSING_MEASURED_LANE: T5 measured_data_v2 only captures Lane 3 effect box; Lanes 1,2,4,5 are unrecorded"
T5,53,2,combo_continue,0,1,1,"MISSING_MEASURED_LANE: T5 measured_data_v2 only captures Lane 3 effect box; Lanes 1,2,4,5 are unrecorded"
T5,53,2,critical_rate_up,0,6,6,"MISSING_MEASURED_LANE: T5 measured_data_v2 only captures Lane 3 effect box; Lanes 1,2,4,5 are unrecorded"
T5,53,2,score_up,0,8,8,"MISSING_MEASURED_LANE: T5 measured_data_v2 only captures Lane 3 effect box; Lanes 1,2,4,5 are unrecorded"
T5,53,2,stamina_cost_down,0,8,8,"MISSING_MEASURED_LANE: T5 measured_data_v2 only captures Lane 3 effect box; Lanes 1,2,4,5 are unrecorded"
T5,53,3,a_skill_score_up,0,19,19,DECAY_TIMING_LAG: Buff expired in measured 1-2 beats earlier than sim (in-game decay counts activation beat)
T5,53,3,combo_continue,0,1,1,FLAG_NOT_STAGED: combo_continue is a boolean flag without stages (recorded as stage: null in measured)
T5,53,3,combo_score_up,0,17,17,DECAY_TIMING_LAG: Buff expired in measured 1-2 beats earlier than sim (in-game decay counts activation beat)
T5,53,3,critical_coeff_up,33,14,-19,BUFF_STAGE_MISMATCH: Measured 33 vs Sim 14 (diff=-19)
T5,53,3,focus,38,10,-28,BUFF_STAGE_MISMATCH: Measured 38 vs Sim 10 (diff=-28)
T5,53,3,score_up,0,19,19,DECAY_TIMING_LAG: Buff expired in measured 1-2 beats earlier than sim (in-game decay counts activation beat)
T5,53,3,skill_success_up,17,2,-15,BUFF_STAGE_MISMATCH: Measured 17 vs Sim 2 (diff=-15)
T5,53,3,tension_up,0,11,11,DECAY_TIMING_LAG: Buff expired in measured 1-2 beats earlier than sim (in-game decay counts activation beat)
T5,53,3,vocal_boost,0,15,15,DECAY_TIMING_LAG: Buff expired in measured 1-2 beats earlier than sim (in-game decay counts activation beat)
T5,53,3,vocal_up,38,19,-19,BUFF_STAGE_MISMATCH: Measured 38 vs Sim 19 (diff=-19)
T5,53,3,vocal_up_extreme,29,5,-24,BUFF_STAGE_MISMATCH: Measured 29 vs Sim 5 (diff=-24)
T5,53,4,combo_continue,0,1,1,"MISSING_MEASURED_LANE: T5 measured_data_v2 only captures Lane 3 effect box; Lanes 1,2,4,5 are unrecorded"
T5,53,4,stamina_cost_down,0,8,8,"MISSING_MEASURED_LANE: T5 measured_data_v2 only captures Lane 3 effect box; Lanes 1,2,4,5 are unrecorded"
T5,53,5,a_skill_score_up,0,7,7,"MISSING_MEASURED_LANE: T5 measured_data_v2 only captures Lane 3 effect box; Lanes 1,2,4,5 are unrecorded"
T5,53,5,combo_continue,0,1,1,"MISSING_MEASURED_LANE: T5 measured_data_v2 only captures Lane 3 effect box; Lanes 1,2,4,5 are unrecorded"
T5,53,5,stamina_cost_down,0,8,8,"MISSING_MEASURED_LANE: T5 measured_data_v2 only captures Lane 3 effect box; Lanes 1,2,4,5 are unrecorded"
T5,54,1,combo_continue,0,1,1,"MISSING_MEASURED_LANE: T5 measured_data_v2 only captures Lane 3 effect box; Lanes 1,2,4,5 are unrecorded"
T5,54,1,stamina_cost_down,0,8,8,"MISSING_MEASURED_LANE: T5 measured_data_v2 only captures Lane 3 effect box; Lanes 1,2,4,5 are unrecorded"
T5,54,2,a_skill_score_up,0,7,7,"MISSING_MEASURED_LANE: T5 measured_data_v2 only captures Lane 3 effect box; Lanes 1,2,4,5 are unrecorded"
T5,54,2,combo_continue,0,1,1,"MISSING_MEASURED_LANE: T5 measured_data_v2 only captures Lane 3 effect box; Lanes 1,2,4,5 are unrecorded"
T5,54,2,critical_rate_up,0,6,6,"MISSING_MEASURED_LANE: T5 measured_data_v2 only captures Lane 3 effect box; Lanes 1,2,4,5 are unrecorded"
T5,54,2,score_up,0,8,8,"MISSING_MEASURED_LANE: T5 measured_data_v2 only captures Lane 3 effect box; Lanes 1,2,4,5 are unrecorded"
T5,54,2,stamina_cost_down,0,8,8,"MISSING_MEASURED_LANE: T5 measured_data_v2 only captures Lane 3 effect box; Lanes 1,2,4,5 are unrecorded"
T5,54,3,a_skill_score_up,0,19,19,DECAY_TIMING_LAG: Buff expired in measured 1-2 beats earlier than sim (in-game decay counts activation beat)
T5,54,3,combo_continue,0,1,1,FLAG_NOT_STAGED: combo_continue is a boolean flag without stages (recorded as stage: null in measured)
T5,54,3,combo_score_up,0,17,17,DECAY_TIMING_LAG: Buff expired in measured 1-2 beats earlier than sim (in-game decay counts activation beat)
T5,54,3,critical_coeff_up,33,14,-19,BUFF_STAGE_MISMATCH: Measured 33 vs Sim 14 (diff=-19)
T5,54,3,focus,38,10,-28,BUFF_STAGE_MISMATCH: Measured 38 vs Sim 10 (diff=-28)
T5,54,3,score_up,0,19,19,DECAY_TIMING_LAG: Buff expired in measured 1-2 beats earlier than sim (in-game decay counts activation beat)
T5,54,3,skill_success_up,17,2,-15,BUFF_STAGE_MISMATCH: Measured 17 vs Sim 2 (diff=-15)
T5,54,3,stamina_cost_down,30,11,-19,BUFF_STAGE_MISMATCH: Measured 30 vs Sim 11 (diff=-19)
T5,54,3,tension_up,0,11,11,DECAY_TIMING_LAG: Buff expired in measured 1-2 beats earlier than sim (in-game decay counts activation beat)
T5,54,3,vocal_boost,0,15,15,DECAY_TIMING_LAG: Buff expired in measured 1-2 beats earlier than sim (in-game decay counts activation beat)
T5,54,3,vocal_up,38,19,-19,BUFF_STAGE_MISMATCH: Measured 38 vs Sim 19 (diff=-19)
T5,54,3,vocal_up_extreme,10,5,-5,"EXTREME_DISPLAY_VS_EFFECTIVE: In-game UI displays 10 stages, but simulator engine models effective +5 stages"
T5,54,4,combo_continue,0,1,1,"MISSING_MEASURED_LANE: T5 measured_data_v2 only captures Lane 3 effect box; Lanes 1,2,4,5 are unrecorded"
T5,54,4,stamina_cost_down,0,8,8,"MISSING_MEASURED_LANE: T5 measured_data_v2 only captures Lane 3 effect box; Lanes 1,2,4,5 are unrecorded"
T5,54,5,a_skill_score_up,0,7,7,"MISSING_MEASURED_LANE: T5 measured_data_v2 only captures Lane 3 effect box; Lanes 1,2,4,5 are unrecorded"
T5,54,5,combo_continue,0,1,1,"MISSING_MEASURED_LANE: T5 measured_data_v2 only captures Lane 3 effect box; Lanes 1,2,4,5 are unrecorded"
T5,54,5,stamina_cost_down,0,8,8,"MISSING_MEASURED_LANE: T5 measured_data_v2 only captures Lane 3 effect box; Lanes 1,2,4,5 are unrecorded"
T5,55,1,combo_continue,0,1,1,"MISSING_MEASURED_LANE: T5 measured_data_v2 only captures Lane 3 effect box; Lanes 1,2,4,5 are unrecorded"
T5,55,1,stamina_cost_down,0,8,8,"MISSING_MEASURED_LANE: T5 measured_data_v2 only captures Lane 3 effect box; Lanes 1,2,4,5 are unrecorded"
T5,55,2,a_skill_score_up,0,7,7,"MISSING_MEASURED_LANE: T5 measured_data_v2 only captures Lane 3 effect box; Lanes 1,2,4,5 are unrecorded"
T5,55,2,combo_continue,0,1,1,"MISSING_MEASURED_LANE: T5 measured_data_v2 only captures Lane 3 effect box; Lanes 1,2,4,5 are unrecorded"
T5,55,2,critical_rate_up,0,6,6,"MISSING_MEASURED_LANE: T5 measured_data_v2 only captures Lane 3 effect box; Lanes 1,2,4,5 are unrecorded"
T5,55,2,score_up,0,8,8,"MISSING_MEASURED_LANE: T5 measured_data_v2 only captures Lane 3 effect box; Lanes 1,2,4,5 are unrecorded"
T5,55,2,stamina_cost_down,0,8,8,"MISSING_MEASURED_LANE: T5 measured_data_v2 only captures Lane 3 effect box; Lanes 1,2,4,5 are unrecorded"
T5,55,3,a_skill_score_up,0,19,19,DECAY_TIMING_LAG: Buff expired in measured 1-2 beats earlier than sim (in-game decay counts activation beat)
T5,55,3,combo_continue,0,1,1,FLAG_NOT_STAGED: combo_continue is a boolean flag without stages (recorded as stage: null in measured)
T5,55,3,combo_score_up,11,17,6,BUFF_STAGE_MISMATCH: Measured 11 vs Sim 17 (diff=6)
T5,55,3,focus,21,10,-11,BUFF_STAGE_MISMATCH: Measured 21 vs Sim 10 (diff=-11)
T5,55,3,score_up,0,19,19,DECAY_TIMING_LAG: Buff expired in measured 1-2 beats earlier than sim (in-game decay counts activation beat)
T5,55,3,stamina_cost_down,0,11,11,DECAY_TIMING_LAG: Buff expired in measured 1-2 beats earlier than sim (in-game decay counts activation beat)
T5,55,3,tension_up,0,11,11,DECAY_TIMING_LAG: Buff expired in measured 1-2 beats earlier than sim (in-game decay counts activation beat)
T5,55,3,vocal_boost,0,15,15,DECAY_TIMING_LAG: Buff expired in measured 1-2 beats earlier than sim (in-game decay counts activation beat)
T5,55,3,vocal_up,28,19,-9,BUFF_STAGE_MISMATCH: Measured 28 vs Sim 19 (diff=-9)
T5,55,3,vocal_up_extreme,11,5,-6,BUFF_STAGE_MISMATCH: Measured 11 vs Sim 5 (diff=-6)
T5,55,4,combo_continue,0,1,1,"MISSING_MEASURED_LANE: T5 measured_data_v2 only captures Lane 3 effect box; Lanes 1,2,4,5 are unrecorded"
T5,55,4,stamina_cost_down,0,8,8,"MISSING_MEASURED_LANE: T5 measured_data_v2 only captures Lane 3 effect box; Lanes 1,2,4,5 are unrecorded"
T5,55,5,a_skill_score_up,0,7,7,"MISSING_MEASURED_LANE: T5 measured_data_v2 only captures Lane 3 effect box; Lanes 1,2,4,5 are unrecorded"
T5,55,5,combo_continue,0,1,1,"MISSING_MEASURED_LANE: T5 measured_data_v2 only captures Lane 3 effect box; Lanes 1,2,4,5 are unrecorded"
T5,55,5,stamina_cost_down,0,8,8,"MISSING_MEASURED_LANE: T5 measured_data_v2 only captures Lane 3 effect box; Lanes 1,2,4,5 are unrecorded"
T5,56,1,combo_continue,0,1,1,"MISSING_MEASURED_LANE: T5 measured_data_v2 only captures Lane 3 effect box; Lanes 1,2,4,5 are unrecorded"
T5,56,1,stamina_cost_down,0,8,8,"MISSING_MEASURED_LANE: T5 measured_data_v2 only captures Lane 3 effect box; Lanes 1,2,4,5 are unrecorded"
T5,56,2,a_skill_score_up,0,7,7,"MISSING_MEASURED_LANE: T5 measured_data_v2 only captures Lane 3 effect box; Lanes 1,2,4,5 are unrecorded"
T5,56,2,combo_continue,0,1,1,"MISSING_MEASURED_LANE: T5 measured_data_v2 only captures Lane 3 effect box; Lanes 1,2,4,5 are unrecorded"
T5,56,2,critical_rate_up,0,6,6,"MISSING_MEASURED_LANE: T5 measured_data_v2 only captures Lane 3 effect box; Lanes 1,2,4,5 are unrecorded"
T5,56,2,score_up,0,8,8,"MISSING_MEASURED_LANE: T5 measured_data_v2 only captures Lane 3 effect box; Lanes 1,2,4,5 are unrecorded"
T5,56,2,stamina_cost_down,0,8,8,"MISSING_MEASURED_LANE: T5 measured_data_v2 only captures Lane 3 effect box; Lanes 1,2,4,5 are unrecorded"
T5,56,3,combo_continue,0,1,1,FLAG_NOT_STAGED: combo_continue is a boolean flag without stages (recorded as stage: null in measured)
T5,56,3,combo_score_up,27,17,-10,BUFF_STAGE_MISMATCH: Measured 27 vs Sim 17 (diff=-10)
T5,56,3,critical_rate_up,0,9,9,DECAY_TIMING_LAG: Buff expired in measured 1-2 beats earlier than sim (in-game decay counts activation beat)
T5,56,3,focus,11,10,-1,BUFF_STAGE_MISMATCH: Measured 11 vs Sim 10 (diff=-1)
T5,56,3,score_up,29,19,-10,BUFF_STAGE_MISMATCH: Measured 29 vs Sim 19 (diff=-10)
T5,56,3,stamina_cost_down,0,11,11,DECAY_TIMING_LAG: Buff expired in measured 1-2 beats earlier than sim (in-game decay counts activation beat)
T5,56,3,vocal_boost,24,15,-9,BUFF_STAGE_MISMATCH: Measured 24 vs Sim 15 (diff=-9)
T5,56,3,vocal_up,9,19,10,BUFF_STAGE_MISMATCH: Measured 9 vs Sim 19 (diff=10)
T5,56,3,vocal_up_extreme,0,5,5,DECAY_TIMING_LAG: Extreme buff expired in measured before sim decay
T5,56,4,combo_continue,0,1,1,"MISSING_MEASURED_LANE: T5 measured_data_v2 only captures Lane 3 effect box; Lanes 1,2,4,5 are unrecorded"
T5,56,4,stamina_cost_down,0,8,8,"MISSING_MEASURED_LANE: T5 measured_data_v2 only captures Lane 3 effect box; Lanes 1,2,4,5 are unrecorded"
T5,56,5,a_skill_score_up,0,7,7,"MISSING_MEASURED_LANE: T5 measured_data_v2 only captures Lane 3 effect box; Lanes 1,2,4,5 are unrecorded"
T5,56,5,combo_continue,0,1,1,"MISSING_MEASURED_LANE: T5 measured_data_v2 only captures Lane 3 effect box; Lanes 1,2,4,5 are unrecorded"
T5,56,5,stamina_cost_down,0,8,8,"MISSING_MEASURED_LANE: T5 measured_data_v2 only captures Lane 3 effect box; Lanes 1,2,4,5 are unrecorded"
T5,57,1,combo_continue,0,1,1,"MISSING_MEASURED_LANE: T5 measured_data_v2 only captures Lane 3 effect box; Lanes 1,2,4,5 are unrecorded"
T5,57,1,stamina_cost_down,0,8,8,"MISSING_MEASURED_LANE: T5 measured_data_v2 only captures Lane 3 effect box; Lanes 1,2,4,5 are unrecorded"
T5,57,2,a_skill_score_up,0,7,7,"MISSING_MEASURED_LANE: T5 measured_data_v2 only captures Lane 3 effect box; Lanes 1,2,4,5 are unrecorded"
T5,57,2,combo_continue,0,1,1,"MISSING_MEASURED_LANE: T5 measured_data_v2 only captures Lane 3 effect box; Lanes 1,2,4,5 are unrecorded"
T5,57,2,critical_rate_up,0,6,6,"MISSING_MEASURED_LANE: T5 measured_data_v2 only captures Lane 3 effect box; Lanes 1,2,4,5 are unrecorded"
T5,57,2,score_up,0,8,8,"MISSING_MEASURED_LANE: T5 measured_data_v2 only captures Lane 3 effect box; Lanes 1,2,4,5 are unrecorded"
T5,57,2,stamina_cost_down,0,8,8,"MISSING_MEASURED_LANE: T5 measured_data_v2 only captures Lane 3 effect box; Lanes 1,2,4,5 are unrecorded"
T5,57,3,combo_continue,0,1,1,FLAG_NOT_STAGED: combo_continue is a boolean flag without stages (recorded as stage: null in measured)
T5,57,3,focus,21,10,-11,BUFF_STAGE_MISMATCH: Measured 21 vs Sim 10 (diff=-11)
T5,57,3,score_up,30,19,-11,BUFF_STAGE_MISMATCH: Measured 30 vs Sim 19 (diff=-11)
T5,57,3,stamina_cost_down,21,11,-10,BUFF_STAGE_MISMATCH: Measured 21 vs Sim 11 (diff=-10)
T5,57,3,tension_up,0,11,11,DECAY_TIMING_LAG: Buff expired in measured 1-2 beats earlier than sim (in-game decay counts activation beat)
T5,57,3,vocal_up,28,19,-9,BUFF_STAGE_MISMATCH: Measured 28 vs Sim 19 (diff=-9)
T5,57,3,vocal_up_extreme,0,5,5,DECAY_TIMING_LAG: Extreme buff expired in measured before sim decay
T5,57,4,combo_continue,0,1,1,"MISSING_MEASURED_LANE: T5 measured_data_v2 only captures Lane 3 effect box; Lanes 1,2,4,5 are unrecorded"
T5,57,4,stamina_cost_down,0,8,8,"MISSING_MEASURED_LANE: T5 measured_data_v2 only captures Lane 3 effect box; Lanes 1,2,4,5 are unrecorded"
T5,57,5,a_skill_score_up,0,7,7,"MISSING_MEASURED_LANE: T5 measured_data_v2 only captures Lane 3 effect box; Lanes 1,2,4,5 are unrecorded"
T5,57,5,combo_continue,0,1,1,"MISSING_MEASURED_LANE: T5 measured_data_v2 only captures Lane 3 effect box; Lanes 1,2,4,5 are unrecorded"
T5,57,5,stamina_cost_down,0,8,8,"MISSING_MEASURED_LANE: T5 measured_data_v2 only captures Lane 3 effect box; Lanes 1,2,4,5 are unrecorded"
T5,58,1,combo_continue,0,1,1,"MISSING_MEASURED_LANE: T5 measured_data_v2 only captures Lane 3 effect box; Lanes 1,2,4,5 are unrecorded"
T5,58,1,stamina_cost_down,0,8,8,"MISSING_MEASURED_LANE: T5 measured_data_v2 only captures Lane 3 effect box; Lanes 1,2,4,5 are unrecorded"
T5,58,2,a_skill_score_up,0,7,7,"MISSING_MEASURED_LANE: T5 measured_data_v2 only captures Lane 3 effect box; Lanes 1,2,4,5 are unrecorded"
T5,58,2,combo_continue,0,1,1,"MISSING_MEASURED_LANE: T5 measured_data_v2 only captures Lane 3 effect box; Lanes 1,2,4,5 are unrecorded"
T5,58,2,critical_rate_up,0,6,6,"MISSING_MEASURED_LANE: T5 measured_data_v2 only captures Lane 3 effect box; Lanes 1,2,4,5 are unrecorded"
T5,58,2,score_up,0,8,8,"MISSING_MEASURED_LANE: T5 measured_data_v2 only captures Lane 3 effect box; Lanes 1,2,4,5 are unrecorded"
T5,58,2,stamina_cost_down,0,8,8,"MISSING_MEASURED_LANE: T5 measured_data_v2 only captures Lane 3 effect box; Lanes 1,2,4,5 are unrecorded"
T5,58,3,a_skill_score_up,0,19,19,DECAY_TIMING_LAG: Buff expired in measured 1-2 beats earlier than sim (in-game decay counts activation beat)
T5,58,3,combo_continue,0,1,1,FLAG_NOT_STAGED: combo_continue is a boolean flag without stages (recorded as stage: null in measured)
T5,58,3,combo_score_up,0,17,17,DECAY_TIMING_LAG: Buff expired in measured 1-2 beats earlier than sim (in-game decay counts activation beat)
T5,58,3,critical_coeff_up,33,14,-19,BUFF_STAGE_MISMATCH: Measured 33 vs Sim 14 (diff=-19)
T5,58,3,focus,38,10,-28,BUFF_STAGE_MISMATCH: Measured 38 vs Sim 10 (diff=-28)
T5,58,3,score_up,0,19,19,DECAY_TIMING_LAG: Buff expired in measured 1-2 beats earlier than sim (in-game decay counts activation beat)
T5,58,3,skill_success_up,17,2,-15,BUFF_STAGE_MISMATCH: Measured 17 vs Sim 2 (diff=-15)
T5,58,3,tension_up,0,11,11,DECAY_TIMING_LAG: Buff expired in measured 1-2 beats earlier than sim (in-game decay counts activation beat)
T5,58,3,vocal_boost,0,15,15,DECAY_TIMING_LAG: Buff expired in measured 1-2 beats earlier than sim (in-game decay counts activation beat)
T5,58,3,vocal_up,38,19,-19,BUFF_STAGE_MISMATCH: Measured 38 vs Sim 19 (diff=-19)
T5,58,3,vocal_up_extreme,29,5,-24,BUFF_STAGE_MISMATCH: Measured 29 vs Sim 5 (diff=-24)
T5,58,4,combo_continue,0,1,1,"MISSING_MEASURED_LANE: T5 measured_data_v2 only captures Lane 3 effect box; Lanes 1,2,4,5 are unrecorded"
T5,58,4,stamina_cost_down,0,8,8,"MISSING_MEASURED_LANE: T5 measured_data_v2 only captures Lane 3 effect box; Lanes 1,2,4,5 are unrecorded"
T5,58,5,a_skill_score_up,0,7,7,"MISSING_MEASURED_LANE: T5 measured_data_v2 only captures Lane 3 effect box; Lanes 1,2,4,5 are unrecorded"
T5,58,5,combo_continue,0,1,1,"MISSING_MEASURED_LANE: T5 measured_data_v2 only captures Lane 3 effect box; Lanes 1,2,4,5 are unrecorded"
T5,58,5,stamina_cost_down,0,8,8,"MISSING_MEASURED_LANE: T5 measured_data_v2 only captures Lane 3 effect box; Lanes 1,2,4,5 are unrecorded"
T5,59,1,combo_continue,0,1,1,"MISSING_MEASURED_LANE: T5 measured_data_v2 only captures Lane 3 effect box; Lanes 1,2,4,5 are unrecorded"
T5,59,1,stamina_cost_down,0,8,8,"MISSING_MEASURED_LANE: T5 measured_data_v2 only captures Lane 3 effect box; Lanes 1,2,4,5 are unrecorded"
T5,59,2,a_skill_score_up,0,7,7,"MISSING_MEASURED_LANE: T5 measured_data_v2 only captures Lane 3 effect box; Lanes 1,2,4,5 are unrecorded"
T5,59,2,combo_continue,0,1,1,"MISSING_MEASURED_LANE: T5 measured_data_v2 only captures Lane 3 effect box; Lanes 1,2,4,5 are unrecorded"
T5,59,2,critical_rate_up,0,6,6,"MISSING_MEASURED_LANE: T5 measured_data_v2 only captures Lane 3 effect box; Lanes 1,2,4,5 are unrecorded"
T5,59,2,score_up,0,8,8,"MISSING_MEASURED_LANE: T5 measured_data_v2 only captures Lane 3 effect box; Lanes 1,2,4,5 are unrecorded"
T5,59,2,stamina_cost_down,0,8,8,"MISSING_MEASURED_LANE: T5 measured_data_v2 only captures Lane 3 effect box; Lanes 1,2,4,5 are unrecorded"
T5,59,3,a_skill_score_up,0,19,19,DECAY_TIMING_LAG: Buff expired in measured 1-2 beats earlier than sim (in-game decay counts activation beat)
T5,59,3,combo_continue,0,1,1,FLAG_NOT_STAGED: combo_continue is a boolean flag without stages (recorded as stage: null in measured)
T5,59,3,combo_score_up,0,17,17,DECAY_TIMING_LAG: Buff expired in measured 1-2 beats earlier than sim (in-game decay counts activation beat)
T5,59,3,critical_coeff_up,33,14,-19,BUFF_STAGE_MISMATCH: Measured 33 vs Sim 14 (diff=-19)
T5,59,3,focus,38,10,-28,BUFF_STAGE_MISMATCH: Measured 38 vs Sim 10 (diff=-28)
T5,59,3,score_up,0,19,19,DECAY_TIMING_LAG: Buff expired in measured 1-2 beats earlier than sim (in-game decay counts activation beat)
T5,59,3,skill_success_up,17,2,-15,BUFF_STAGE_MISMATCH: Measured 17 vs Sim 2 (diff=-15)
T5,59,3,tension_up,0,11,11,DECAY_TIMING_LAG: Buff expired in measured 1-2 beats earlier than sim (in-game decay counts activation beat)
T5,59,3,vocal_boost,0,15,15,DECAY_TIMING_LAG: Buff expired in measured 1-2 beats earlier than sim (in-game decay counts activation beat)
T5,59,3,vocal_up,38,19,-19,BUFF_STAGE_MISMATCH: Measured 38 vs Sim 19 (diff=-19)
T5,59,3,vocal_up_extreme,29,5,-24,BUFF_STAGE_MISMATCH: Measured 29 vs Sim 5 (diff=-24)
T5,59,4,combo_continue,0,1,1,"MISSING_MEASURED_LANE: T5 measured_data_v2 only captures Lane 3 effect box; Lanes 1,2,4,5 are unrecorded"
T5,59,4,stamina_cost_down,0,8,8,"MISSING_MEASURED_LANE: T5 measured_data_v2 only captures Lane 3 effect box; Lanes 1,2,4,5 are unrecorded"
T5,59,5,a_skill_score_up,0,7,7,"MISSING_MEASURED_LANE: T5 measured_data_v2 only captures Lane 3 effect box; Lanes 1,2,4,5 are unrecorded"
T5,59,5,combo_continue,0,1,1,"MISSING_MEASURED_LANE: T5 measured_data_v2 only captures Lane 3 effect box; Lanes 1,2,4,5 are unrecorded"
T5,59,5,stamina_cost_down,0,8,8,"MISSING_MEASURED_LANE: T5 measured_data_v2 only captures Lane 3 effect box; Lanes 1,2,4,5 are unrecorded"
T5,60,1,combo_continue,0,1,1,"MISSING_MEASURED_LANE: T5 measured_data_v2 only captures Lane 3 effect box; Lanes 1,2,4,5 are unrecorded"
T5,60,1,stamina_cost_down,0,8,8,"MISSING_MEASURED_LANE: T5 measured_data_v2 only captures Lane 3 effect box; Lanes 1,2,4,5 are unrecorded"
T5,60,2,a_skill_score_up,0,7,7,"MISSING_MEASURED_LANE: T5 measured_data_v2 only captures Lane 3 effect box; Lanes 1,2,4,5 are unrecorded"
T5,60,2,combo_continue,0,1,1,"MISSING_MEASURED_LANE: T5 measured_data_v2 only captures Lane 3 effect box; Lanes 1,2,4,5 are unrecorded"
T5,60,2,critical_rate_up,0,6,6,"MISSING_MEASURED_LANE: T5 measured_data_v2 only captures Lane 3 effect box; Lanes 1,2,4,5 are unrecorded"
T5,60,2,score_up,0,8,8,"MISSING_MEASURED_LANE: T5 measured_data_v2 only captures Lane 3 effect box; Lanes 1,2,4,5 are unrecorded"
T5,60,2,stamina_cost_down,0,8,8,"MISSING_MEASURED_LANE: T5 measured_data_v2 only captures Lane 3 effect box; Lanes 1,2,4,5 are unrecorded"
T5,60,3,combo_continue,0,1,1,FLAG_NOT_STAGED: combo_continue is a boolean flag without stages (recorded as stage: null in measured)
T5,60,3,focus,40,10,-30,"PHASE_LAG_ACTIVATION: Activated on b60 (acts=['sk-ski-05-waso-00-2', 'photo-L2-1', 'sk-ski-05-waso-00-3']); measured reflects immediately (POST), sim reflects next beat (PRE)"
T5,60,3,score_up,0,19,19,DECAY_TIMING_LAG: Buff expired in measured 1-2 beats earlier than sim (in-game decay counts activation beat)
T5,60,3,stamina_cost_down,0,11,11,DECAY_TIMING_LAG: Buff expired in measured 1-2 beats earlier than sim (in-game decay counts activation beat)
T5,60,3,tension_up,0,11,11,DECAY_TIMING_LAG: Buff expired in measured 1-2 beats earlier than sim (in-game decay counts activation beat)
T5,60,3,vocal_boost,19,15,-4,"PHASE_LAG_ACTIVATION: Activated on b60 (acts=['sk-ski-05-waso-00-2', 'photo-L2-1', 'sk-ski-05-waso-00-3']); measured reflects immediately (POST), sim reflects next beat (PRE)"
T5,60,3,vocal_up,29,19,-10,"PHASE_LAG_ACTIVATION: Activated on b60 (acts=['sk-ski-05-waso-00-2', 'photo-L2-1', 'sk-ski-05-waso-00-3']); measured reflects immediately (POST), sim reflects next beat (PRE)"
T5,60,3,vocal_up_extreme,11,5,-6,"PHASE_LAG_ACTIVATION: Activated on b60 (acts=['sk-ski-05-waso-00-2', 'photo-L2-1', 'sk-ski-05-waso-00-3']); measured reflects immediately (POST), sim reflects next beat (PRE)"
T5,60,4,combo_continue,0,1,1,"MISSING_MEASURED_LANE: T5 measured_data_v2 only captures Lane 3 effect box; Lanes 1,2,4,5 are unrecorded"
T5,60,4,stamina_cost_down,0,8,8,"MISSING_MEASURED_LANE: T5 measured_data_v2 only captures Lane 3 effect box; Lanes 1,2,4,5 are unrecorded"
T5,60,5,a_skill_score_up,0,7,7,"MISSING_MEASURED_LANE: T5 measured_data_v2 only captures Lane 3 effect box; Lanes 1,2,4,5 are unrecorded"
T5,60,5,combo_continue,0,1,1,"MISSING_MEASURED_LANE: T5 measured_data_v2 only captures Lane 3 effect box; Lanes 1,2,4,5 are unrecorded"
T5,60,5,stamina_cost_down,0,8,8,"MISSING_MEASURED_LANE: T5 measured_data_v2 only captures Lane 3 effect box; Lanes 1,2,4,5 are unrecorded"
T5,61,1,combo_continue,0,1,1,"MISSING_MEASURED_LANE: T5 measured_data_v2 only captures Lane 3 effect box; Lanes 1,2,4,5 are unrecorded"
T5,61,1,stamina_cost_down,0,8,8,"MISSING_MEASURED_LANE: T5 measured_data_v2 only captures Lane 3 effect box; Lanes 1,2,4,5 are unrecorded"
T5,61,2,a_skill_score_up,0,7,7,"MISSING_MEASURED_LANE: T5 measured_data_v2 only captures Lane 3 effect box; Lanes 1,2,4,5 are unrecorded"
T5,61,2,combo_continue,0,1,1,"MISSING_MEASURED_LANE: T5 measured_data_v2 only captures Lane 3 effect box; Lanes 1,2,4,5 are unrecorded"
T5,61,2,critical_rate_up,0,6,6,"MISSING_MEASURED_LANE: T5 measured_data_v2 only captures Lane 3 effect box; Lanes 1,2,4,5 are unrecorded"
T5,61,2,score_up,0,8,8,"MISSING_MEASURED_LANE: T5 measured_data_v2 only captures Lane 3 effect box; Lanes 1,2,4,5 are unrecorded"
T5,61,2,stamina_cost_down,0,8,8,"MISSING_MEASURED_LANE: T5 measured_data_v2 only captures Lane 3 effect box; Lanes 1,2,4,5 are unrecorded"
T5,61,3,combo_continue,0,1,1,FLAG_NOT_STAGED: combo_continue is a boolean flag without stages (recorded as stage: null in measured)
T5,61,3,focus,40,10,-30,BUFF_STAGE_MISMATCH: Measured 40 vs Sim 10 (diff=-30)
T5,61,3,score_up,0,19,19,DECAY_TIMING_LAG: Buff expired in measured 1-2 beats earlier than sim (in-game decay counts activation beat)
T5,61,3,tension_up,0,11,11,DECAY_TIMING_LAG: Buff expired in measured 1-2 beats earlier than sim (in-game decay counts activation beat)
T5,61,3,vocal_up,29,20,-9,BUFF_STAGE_MISMATCH: Measured 29 vs Sim 20 (diff=-9)
T5,61,3,vocal_up_extreme,21,5,-16,BUFF_STAGE_MISMATCH: Measured 21 vs Sim 5 (diff=-16)
T5,61,4,combo_continue,0,1,1,"MISSING_MEASURED_LANE: T5 measured_data_v2 only captures Lane 3 effect box; Lanes 1,2,4,5 are unrecorded"
T5,61,4,stamina_cost_down,0,8,8,"MISSING_MEASURED_LANE: T5 measured_data_v2 only captures Lane 3 effect box; Lanes 1,2,4,5 are unrecorded"
T5,61,4,vocal_up,0,6,6,"MISSING_MEASURED_LANE: T5 measured_data_v2 only captures Lane 3 effect box; Lanes 1,2,4,5 are unrecorded"
T5,61,5,a_skill_score_up,0,7,7,"MISSING_MEASURED_LANE: T5 measured_data_v2 only captures Lane 3 effect box; Lanes 1,2,4,5 are unrecorded"
T5,61,5,combo_continue,0,1,1,"MISSING_MEASURED_LANE: T5 measured_data_v2 only captures Lane 3 effect box; Lanes 1,2,4,5 are unrecorded"
T5,61,5,stamina_cost_down,0,8,8,"MISSING_MEASURED_LANE: T5 measured_data_v2 only captures Lane 3 effect box; Lanes 1,2,4,5 are unrecorded"
T5,62,1,combo_continue,0,1,1,"MISSING_MEASURED_LANE: T5 measured_data_v2 only captures Lane 3 effect box; Lanes 1,2,4,5 are unrecorded"
T5,62,1,stamina_cost_down,0,8,8,"MISSING_MEASURED_LANE: T5 measured_data_v2 only captures Lane 3 effect box; Lanes 1,2,4,5 are unrecorded"
T5,62,2,a_skill_score_up,0,7,7,"MISSING_MEASURED_LANE: T5 measured_data_v2 only captures Lane 3 effect box; Lanes 1,2,4,5 are unrecorded"
T5,62,2,combo_continue,0,1,1,"MISSING_MEASURED_LANE: T5 measured_data_v2 only captures Lane 3 effect box; Lanes 1,2,4,5 are unrecorded"
T5,62,2,critical_rate_up,0,6,6,"MISSING_MEASURED_LANE: T5 measured_data_v2 only captures Lane 3 effect box; Lanes 1,2,4,5 are unrecorded"
T5,62,2,score_up,0,8,8,"MISSING_MEASURED_LANE: T5 measured_data_v2 only captures Lane 3 effect box; Lanes 1,2,4,5 are unrecorded"
T5,62,2,stamina_cost_down,0,8,8,"MISSING_MEASURED_LANE: T5 measured_data_v2 only captures Lane 3 effect box; Lanes 1,2,4,5 are unrecorded"
T5,62,3,combo_continue,0,1,1,FLAG_NOT_STAGED: combo_continue is a boolean flag without stages (recorded as stage: null in measured)
T5,62,3,combo_score_up,36,17,-19,BUFF_STAGE_MISMATCH: Measured 36 vs Sim 17 (diff=-19)
T5,62,3,focus,21,10,-11,BUFF_STAGE_MISMATCH: Measured 21 vs Sim 10 (diff=-11)
T5,62,3,score_up,11,19,8,BUFF_STAGE_MISMATCH: Measured 11 vs Sim 19 (diff=8)
T5,62,3,tension_up,0,11,11,DECAY_TIMING_LAG: Buff expired in measured 1-2 beats earlier than sim (in-game decay counts activation beat)
T5,62,3,vocal_up,29,20,-9,BUFF_STAGE_MISMATCH: Measured 29 vs Sim 20 (diff=-9)
T5,62,3,vocal_up_extreme,10,5,-5,"EXTREME_DISPLAY_VS_EFFECTIVE: In-game UI displays 10 stages, but simulator engine models effective +5 stages"
T5,62,4,combo_continue,0,1,1,"MISSING_MEASURED_LANE: T5 measured_data_v2 only captures Lane 3 effect box; Lanes 1,2,4,5 are unrecorded"
T5,62,4,stamina_cost_down,0,8,8,"MISSING_MEASURED_LANE: T5 measured_data_v2 only captures Lane 3 effect box; Lanes 1,2,4,5 are unrecorded"
T5,62,4,vocal_up,0,6,6,"MISSING_MEASURED_LANE: T5 measured_data_v2 only captures Lane 3 effect box; Lanes 1,2,4,5 are unrecorded"
T5,62,5,a_skill_score_up,0,7,7,"MISSING_MEASURED_LANE: T5 measured_data_v2 only captures Lane 3 effect box; Lanes 1,2,4,5 are unrecorded"
T5,62,5,combo_continue,0,1,1,"MISSING_MEASURED_LANE: T5 measured_data_v2 only captures Lane 3 effect box; Lanes 1,2,4,5 are unrecorded"
T5,62,5,stamina_cost_down,0,8,8,"MISSING_MEASURED_LANE: T5 measured_data_v2 only captures Lane 3 effect box; Lanes 1,2,4,5 are unrecorded"
T5,63,1,combo_continue,0,1,1,"MISSING_MEASURED_LANE: T5 measured_data_v2 only captures Lane 3 effect box; Lanes 1,2,4,5 are unrecorded"
T5,63,1,stamina_cost_down,0,8,8,"MISSING_MEASURED_LANE: T5 measured_data_v2 only captures Lane 3 effect box; Lanes 1,2,4,5 are unrecorded"
T5,63,2,a_skill_score_up,0,7,7,"MISSING_MEASURED_LANE: T5 measured_data_v2 only captures Lane 3 effect box; Lanes 1,2,4,5 are unrecorded"
T5,63,2,combo_continue,0,1,1,"MISSING_MEASURED_LANE: T5 measured_data_v2 only captures Lane 3 effect box; Lanes 1,2,4,5 are unrecorded"
T5,63,2,critical_rate_up,0,6,6,"MISSING_MEASURED_LANE: T5 measured_data_v2 only captures Lane 3 effect box; Lanes 1,2,4,5 are unrecorded"
T5,63,2,score_up,0,8,8,"MISSING_MEASURED_LANE: T5 measured_data_v2 only captures Lane 3 effect box; Lanes 1,2,4,5 are unrecorded"
T5,63,2,stamina_cost_down,0,8,8,"MISSING_MEASURED_LANE: T5 measured_data_v2 only captures Lane 3 effect box; Lanes 1,2,4,5 are unrecorded"
T5,63,3,combo_continue,0,1,1,FLAG_NOT_STAGED: combo_continue is a boolean flag without stages (recorded as stage: null in measured)
T5,63,3,focus,21,10,-11,BUFF_STAGE_MISMATCH: Measured 21 vs Sim 10 (diff=-11)
T5,63,3,vocal_up,29,20,-9,BUFF_STAGE_MISMATCH: Measured 29 vs Sim 20 (diff=-9)
T5,63,3,vocal_up_extreme,10,5,-5,"EXTREME_DISPLAY_VS_EFFECTIVE: In-game UI displays 10 stages, but simulator engine models effective +5 stages"
T5,63,4,combo_continue,0,1,1,"MISSING_MEASURED_LANE: T5 measured_data_v2 only captures Lane 3 effect box; Lanes 1,2,4,5 are unrecorded"
T5,63,4,stamina_cost_down,0,8,8,"MISSING_MEASURED_LANE: T5 measured_data_v2 only captures Lane 3 effect box; Lanes 1,2,4,5 are unrecorded"
T5,63,4,vocal_up,0,6,6,"MISSING_MEASURED_LANE: T5 measured_data_v2 only captures Lane 3 effect box; Lanes 1,2,4,5 are unrecorded"
T5,63,5,a_skill_score_up,0,7,7,"MISSING_MEASURED_LANE: T5 measured_data_v2 only captures Lane 3 effect box; Lanes 1,2,4,5 are unrecorded"
T5,63,5,combo_continue,0,1,1,"MISSING_MEASURED_LANE: T5 measured_data_v2 only captures Lane 3 effect box; Lanes 1,2,4,5 are unrecorded"
T5,63,5,stamina_cost_down,0,8,8,"MISSING_MEASURED_LANE: T5 measured_data_v2 only captures Lane 3 effect box; Lanes 1,2,4,5 are unrecorded"
T5,64,1,combo_continue,0,1,1,"MISSING_MEASURED_LANE: T5 measured_data_v2 only captures Lane 3 effect box; Lanes 1,2,4,5 are unrecorded"
T5,64,1,stamina_cost_down,0,8,8,"MISSING_MEASURED_LANE: T5 measured_data_v2 only captures Lane 3 effect box; Lanes 1,2,4,5 are unrecorded"
T5,64,2,a_skill_score_up,0,7,7,"MISSING_MEASURED_LANE: T5 measured_data_v2 only captures Lane 3 effect box; Lanes 1,2,4,5 are unrecorded"
T5,64,2,combo_continue,0,1,1,"MISSING_MEASURED_LANE: T5 measured_data_v2 only captures Lane 3 effect box; Lanes 1,2,4,5 are unrecorded"
T5,64,2,critical_rate_up,0,6,6,"MISSING_MEASURED_LANE: T5 measured_data_v2 only captures Lane 3 effect box; Lanes 1,2,4,5 are unrecorded"
T5,64,2,score_up,0,8,8,"MISSING_MEASURED_LANE: T5 measured_data_v2 only captures Lane 3 effect box; Lanes 1,2,4,5 are unrecorded"
T5,64,2,stamina_cost_down,0,8,8,"MISSING_MEASURED_LANE: T5 measured_data_v2 only captures Lane 3 effect box; Lanes 1,2,4,5 are unrecorded"
T5,64,3,combo_continue,0,1,1,FLAG_NOT_STAGED: combo_continue is a boolean flag without stages (recorded as stage: null in measured)
T5,64,3,focus,21,10,-11,BUFF_STAGE_MISMATCH: Measured 21 vs Sim 10 (diff=-11)
T5,64,3,vocal_up,29,20,-9,BUFF_STAGE_MISMATCH: Measured 29 vs Sim 20 (diff=-9)
T5,64,3,vocal_up_extreme,10,5,-5,"EXTREME_DISPLAY_VS_EFFECTIVE: In-game UI displays 10 stages, but simulator engine models effective +5 stages"
T5,64,4,combo_continue,0,1,1,"MISSING_MEASURED_LANE: T5 measured_data_v2 only captures Lane 3 effect box; Lanes 1,2,4,5 are unrecorded"
T5,64,4,stamina_cost_down,0,8,8,"MISSING_MEASURED_LANE: T5 measured_data_v2 only captures Lane 3 effect box; Lanes 1,2,4,5 are unrecorded"
T5,64,4,vocal_up,0,6,6,"MISSING_MEASURED_LANE: T5 measured_data_v2 only captures Lane 3 effect box; Lanes 1,2,4,5 are unrecorded"
T5,64,5,a_skill_score_up,0,7,7,"MISSING_MEASURED_LANE: T5 measured_data_v2 only captures Lane 3 effect box; Lanes 1,2,4,5 are unrecorded"
T5,64,5,combo_continue,0,1,1,"MISSING_MEASURED_LANE: T5 measured_data_v2 only captures Lane 3 effect box; Lanes 1,2,4,5 are unrecorded"
T5,64,5,stamina_cost_down,0,8,8,"MISSING_MEASURED_LANE: T5 measured_data_v2 only captures Lane 3 effect box; Lanes 1,2,4,5 are unrecorded"
T5,65,1,combo_continue,0,1,1,"MISSING_MEASURED_LANE: T5 measured_data_v2 only captures Lane 3 effect box; Lanes 1,2,4,5 are unrecorded"
T5,65,1,stamina_cost_down,0,8,8,"MISSING_MEASURED_LANE: T5 measured_data_v2 only captures Lane 3 effect box; Lanes 1,2,4,5 are unrecorded"
T5,65,2,a_skill_score_up,0,7,7,"MISSING_MEASURED_LANE: T5 measured_data_v2 only captures Lane 3 effect box; Lanes 1,2,4,5 are unrecorded"
T5,65,2,combo_continue,0,1,1,"MISSING_MEASURED_LANE: T5 measured_data_v2 only captures Lane 3 effect box; Lanes 1,2,4,5 are unrecorded"
T5,65,2,critical_rate_up,0,6,6,"MISSING_MEASURED_LANE: T5 measured_data_v2 only captures Lane 3 effect box; Lanes 1,2,4,5 are unrecorded"
T5,65,2,score_up,0,8,8,"MISSING_MEASURED_LANE: T5 measured_data_v2 only captures Lane 3 effect box; Lanes 1,2,4,5 are unrecorded"
T5,65,2,stamina_cost_down,0,8,8,"MISSING_MEASURED_LANE: T5 measured_data_v2 only captures Lane 3 effect box; Lanes 1,2,4,5 are unrecorded"
T5,65,3,a_skill_score_up,0,19,19,DECAY_TIMING_LAG: Buff expired in measured 1-2 beats earlier than sim (in-game decay counts activation beat)
T5,65,3,combo_continue,0,1,1,FLAG_NOT_STAGED: combo_continue is a boolean flag without stages (recorded as stage: null in measured)
T5,65,3,combo_score_up,11,17,6,BUFF_STAGE_MISMATCH: Measured 11 vs Sim 17 (diff=6)
T5,65,3,focus,21,10,-11,BUFF_STAGE_MISMATCH: Measured 21 vs Sim 10 (diff=-11)
T5,65,3,score_up,0,19,19,DECAY_TIMING_LAG: Buff expired in measured 1-2 beats earlier than sim (in-game decay counts activation beat)
T5,65,3,stamina_cost_down,21,11,-10,BUFF_STAGE_MISMATCH: Measured 21 vs Sim 11 (diff=-10)
T5,65,3,tension_up,0,11,11,DECAY_TIMING_LAG: Buff expired in measured 1-2 beats earlier than sim (in-game decay counts activation beat)
T5,65,3,vocal_boost,0,19,19,DECAY_TIMING_LAG: Buff expired in measured 1-2 beats earlier than sim (in-game decay counts activation beat)
T5,65,3,vocal_up,29,20,-9,BUFF_STAGE_MISMATCH: Measured 29 vs Sim 20 (diff=-9)
T5,65,3,vocal_up_extreme,0,5,5,DECAY_TIMING_LAG: Extreme buff expired in measured before sim decay
T5,65,4,combo_continue,0,1,1,"MISSING_MEASURED_LANE: T5 measured_data_v2 only captures Lane 3 effect box; Lanes 1,2,4,5 are unrecorded"
T5,65,4,stamina_cost_down,0,8,8,"MISSING_MEASURED_LANE: T5 measured_data_v2 only captures Lane 3 effect box; Lanes 1,2,4,5 are unrecorded"
T5,65,4,vocal_up,0,6,6,"MISSING_MEASURED_LANE: T5 measured_data_v2 only captures Lane 3 effect box; Lanes 1,2,4,5 are unrecorded"
T5,65,5,a_skill_score_up,0,7,7,"MISSING_MEASURED_LANE: T5 measured_data_v2 only captures Lane 3 effect box; Lanes 1,2,4,5 are unrecorded"
T5,65,5,combo_continue,0,1,1,"MISSING_MEASURED_LANE: T5 measured_data_v2 only captures Lane 3 effect box; Lanes 1,2,4,5 are unrecorded"
T5,65,5,stamina_cost_down,0,8,8,"MISSING_MEASURED_LANE: T5 measured_data_v2 only captures Lane 3 effect box; Lanes 1,2,4,5 are unrecorded"
T5,66,1,combo_continue,0,1,1,"MISSING_MEASURED_LANE: T5 measured_data_v2 only captures Lane 3 effect box; Lanes 1,2,4,5 are unrecorded"
T5,66,1,stamina_cost_down,0,8,8,"MISSING_MEASURED_LANE: T5 measured_data_v2 only captures Lane 3 effect box; Lanes 1,2,4,5 are unrecorded"
T5,66,2,a_skill_score_up,0,7,7,"MISSING_MEASURED_LANE: T5 measured_data_v2 only captures Lane 3 effect box; Lanes 1,2,4,5 are unrecorded"
T5,66,2,combo_continue,0,1,1,"MISSING_MEASURED_LANE: T5 measured_data_v2 only captures Lane 3 effect box; Lanes 1,2,4,5 are unrecorded"
T5,66,2,critical_rate_up,0,6,6,"MISSING_MEASURED_LANE: T5 measured_data_v2 only captures Lane 3 effect box; Lanes 1,2,4,5 are unrecorded"
T5,66,2,score_up,0,8,8,"MISSING_MEASURED_LANE: T5 measured_data_v2 only captures Lane 3 effect box; Lanes 1,2,4,5 are unrecorded"
T5,66,2,stamina_cost_down,0,8,8,"MISSING_MEASURED_LANE: T5 measured_data_v2 only captures Lane 3 effect box; Lanes 1,2,4,5 are unrecorded"
T5,66,3,a_skill_score_up,0,19,19,DECAY_TIMING_LAG: Buff expired in measured 1-2 beats earlier than sim (in-game decay counts activation beat)
T5,66,3,combo_continue,0,1,1,FLAG_NOT_STAGED: combo_continue is a boolean flag without stages (recorded as stage: null in measured)
T5,66,3,combo_score_up,11,17,6,BUFF_STAGE_MISMATCH: Measured 11 vs Sim 17 (diff=6)
T5,66,3,focus,21,10,-11,BUFF_STAGE_MISMATCH: Measured 21 vs Sim 10 (diff=-11)
T5,66,3,score_up,0,19,19,DECAY_TIMING_LAG: Buff expired in measured 1-2 beats earlier than sim (in-game decay counts activation beat)
T5,66,3,stamina_cost_down,0,11,11,DECAY_TIMING_LAG: Buff expired in measured 1-2 beats earlier than sim (in-game decay counts activation beat)
T5,66,3,tension_up,0,11,11,DECAY_TIMING_LAG: Buff expired in measured 1-2 beats earlier than sim (in-game decay counts activation beat)
T5,66,3,vocal_boost,0,19,19,DECAY_TIMING_LAG: Buff expired in measured 1-2 beats earlier than sim (in-game decay counts activation beat)
T5,66,3,vocal_up,29,20,-9,BUFF_STAGE_MISMATCH: Measured 29 vs Sim 20 (diff=-9)
T5,66,3,vocal_up_extreme,11,5,-6,BUFF_STAGE_MISMATCH: Measured 11 vs Sim 5 (diff=-6)
T5,66,4,combo_continue,0,1,1,"MISSING_MEASURED_LANE: T5 measured_data_v2 only captures Lane 3 effect box; Lanes 1,2,4,5 are unrecorded"
T5,66,4,stamina_cost_down,0,8,8,"MISSING_MEASURED_LANE: T5 measured_data_v2 only captures Lane 3 effect box; Lanes 1,2,4,5 are unrecorded"
T5,66,4,vocal_up,0,6,6,"MISSING_MEASURED_LANE: T5 measured_data_v2 only captures Lane 3 effect box; Lanes 1,2,4,5 are unrecorded"
T5,66,5,a_skill_score_up,0,7,7,"MISSING_MEASURED_LANE: T5 measured_data_v2 only captures Lane 3 effect box; Lanes 1,2,4,5 are unrecorded"
T5,66,5,combo_continue,0,1,1,"MISSING_MEASURED_LANE: T5 measured_data_v2 only captures Lane 3 effect box; Lanes 1,2,4,5 are unrecorded"
T5,66,5,stamina_cost_down,0,8,8,"MISSING_MEASURED_LANE: T5 measured_data_v2 only captures Lane 3 effect box; Lanes 1,2,4,5 are unrecorded"
T5,67,1,combo_continue,0,1,1,"MISSING_MEASURED_LANE: T5 measured_data_v2 only captures Lane 3 effect box; Lanes 1,2,4,5 are unrecorded"
T5,67,1,stamina_cost_down,0,8,8,"MISSING_MEASURED_LANE: T5 measured_data_v2 only captures Lane 3 effect box; Lanes 1,2,4,5 are unrecorded"
T5,67,2,a_skill_score_up,0,7,7,"MISSING_MEASURED_LANE: T5 measured_data_v2 only captures Lane 3 effect box; Lanes 1,2,4,5 are unrecorded"
T5,67,2,combo_continue,0,1,1,"MISSING_MEASURED_LANE: T5 measured_data_v2 only captures Lane 3 effect box; Lanes 1,2,4,5 are unrecorded"
T5,67,2,critical_rate_up,0,6,6,"MISSING_MEASURED_LANE: T5 measured_data_v2 only captures Lane 3 effect box; Lanes 1,2,4,5 are unrecorded"
T5,67,2,score_up,0,8,8,"MISSING_MEASURED_LANE: T5 measured_data_v2 only captures Lane 3 effect box; Lanes 1,2,4,5 are unrecorded"
T5,67,2,stamina_cost_down,0,8,8,"MISSING_MEASURED_LANE: T5 measured_data_v2 only captures Lane 3 effect box; Lanes 1,2,4,5 are unrecorded"
T5,67,3,combo_continue,0,1,1,FLAG_NOT_STAGED: combo_continue is a boolean flag without stages (recorded as stage: null in measured)
T5,67,3,focus,21,10,-11,BUFF_STAGE_MISMATCH: Measured 21 vs Sim 10 (diff=-11)
T5,67,3,vocal_up,29,20,-9,BUFF_STAGE_MISMATCH: Measured 29 vs Sim 20 (diff=-9)
T5,67,3,vocal_up_extreme,10,5,-5,"EXTREME_DISPLAY_VS_EFFECTIVE: In-game UI displays 10 stages, but simulator engine models effective +5 stages"
T5,67,4,combo_continue,0,1,1,"MISSING_MEASURED_LANE: T5 measured_data_v2 only captures Lane 3 effect box; Lanes 1,2,4,5 are unrecorded"
T5,67,4,stamina_cost_down,0,8,8,"MISSING_MEASURED_LANE: T5 measured_data_v2 only captures Lane 3 effect box; Lanes 1,2,4,5 are unrecorded"
T5,67,4,vocal_up,0,6,6,"MISSING_MEASURED_LANE: T5 measured_data_v2 only captures Lane 3 effect box; Lanes 1,2,4,5 are unrecorded"
T5,67,5,a_skill_score_up,0,7,7,"MISSING_MEASURED_LANE: T5 measured_data_v2 only captures Lane 3 effect box; Lanes 1,2,4,5 are unrecorded"
T5,67,5,combo_continue,0,1,1,"MISSING_MEASURED_LANE: T5 measured_data_v2 only captures Lane 3 effect box; Lanes 1,2,4,5 are unrecorded"
T5,67,5,stamina_cost_down,0,8,8,"MISSING_MEASURED_LANE: T5 measured_data_v2 only captures Lane 3 effect box; Lanes 1,2,4,5 are unrecorded"
T5,68,1,combo_continue,0,1,1,"MISSING_MEASURED_LANE: T5 measured_data_v2 only captures Lane 3 effect box; Lanes 1,2,4,5 are unrecorded"
T5,68,1,stamina_cost_down,0,8,8,"MISSING_MEASURED_LANE: T5 measured_data_v2 only captures Lane 3 effect box; Lanes 1,2,4,5 are unrecorded"
T5,68,2,a_skill_score_up,0,7,7,"MISSING_MEASURED_LANE: T5 measured_data_v2 only captures Lane 3 effect box; Lanes 1,2,4,5 are unrecorded"
T5,68,2,combo_continue,0,1,1,"MISSING_MEASURED_LANE: T5 measured_data_v2 only captures Lane 3 effect box; Lanes 1,2,4,5 are unrecorded"
T5,68,2,critical_rate_up,0,6,6,"MISSING_MEASURED_LANE: T5 measured_data_v2 only captures Lane 3 effect box; Lanes 1,2,4,5 are unrecorded"
T5,68,2,score_up,0,8,8,"MISSING_MEASURED_LANE: T5 measured_data_v2 only captures Lane 3 effect box; Lanes 1,2,4,5 are unrecorded"
T5,68,2,stamina_cost_down,0,8,8,"MISSING_MEASURED_LANE: T5 measured_data_v2 only captures Lane 3 effect box; Lanes 1,2,4,5 are unrecorded"
T5,68,3,a_skill_score_up,20,19,-1,"PHASE_LAG_ACTIVATION: Activated on b68 (acts=['photo-L5-3']); measured reflects immediately (POST), sim reflects next beat (PRE)"
T5,68,3,combo_continue,0,1,1,FLAG_NOT_STAGED: combo_continue is a boolean flag without stages (recorded as stage: null in measured)
T5,68,3,combo_score_up,19,17,-2,"PHASE_LAG_ACTIVATION: Activated on b68 (acts=['photo-L5-3']); measured reflects immediately (POST), sim reflects next beat (PRE)"
T5,68,3,critical_coeff_up,27,14,-13,"PHASE_LAG_ACTIVATION: Activated on b68 (acts=['photo-L5-3']); measured reflects immediately (POST), sim reflects next beat (PRE)"
T5,68,3,critical_rate_up,0,9,9,DECAY_TIMING_LAG: Buff expired in measured 1-2 beats earlier than sim (in-game decay counts activation beat)
T5,68,3,focus,23,10,-13,"PHASE_LAG_ACTIVATION: Activated on b68 (acts=['photo-L5-3']); measured reflects immediately (POST), sim reflects next beat (PRE)"
T5,68,3,score_up,33,19,-14,"PHASE_LAG_ACTIVATION: Activated on b68 (acts=['photo-L5-3']); measured reflects immediately (POST), sim reflects next beat (PRE)"
T5,68,3,skill_success_up,4,2,-2,"PHASE_LAG_ACTIVATION: Activated on b68 (acts=['photo-L5-3']); measured reflects immediately (POST), sim reflects next beat (PRE)"
T5,68,3,stamina_cost_down,13,11,-2,"PHASE_LAG_ACTIVATION: Activated on b68 (acts=['photo-L5-3']); measured reflects immediately (POST), sim reflects next beat (PRE)"
T5,68,3,tension_up,0,11,11,DECAY_TIMING_LAG: Buff expired in measured 1-2 beats earlier than sim (in-game decay counts activation beat)
T5,68,3,vocal_boost,20,19,-1,"PHASE_LAG_ACTIVATION: Activated on b68 (acts=['photo-L5-3']); measured reflects immediately (POST), sim reflects next beat (PRE)"
T5,68,3,vocal_up,31,20,-11,"PHASE_LAG_ACTIVATION: Activated on b68 (acts=['photo-L5-3']); measured reflects immediately (POST), sim reflects next beat (PRE)"
T5,68,3,vocal_up_extreme,10,5,-5,"EXTREME_DISPLAY_VS_EFFECTIVE: In-game UI displays 10 stages, but simulator engine models effective +5 stages"
T5,68,4,combo_continue,0,1,1,"MISSING_MEASURED_LANE: T5 measured_data_v2 only captures Lane 3 effect box; Lanes 1,2,4,5 are unrecorded"
T5,68,4,stamina_cost_down,0,8,8,"MISSING_MEASURED_LANE: T5 measured_data_v2 only captures Lane 3 effect box; Lanes 1,2,4,5 are unrecorded"
T5,68,4,vocal_up,0,6,6,"MISSING_MEASURED_LANE: T5 measured_data_v2 only captures Lane 3 effect box; Lanes 1,2,4,5 are unrecorded"
T5,68,5,a_skill_score_up,0,7,7,"MISSING_MEASURED_LANE: T5 measured_data_v2 only captures Lane 3 effect box; Lanes 1,2,4,5 are unrecorded"
T5,68,5,combo_continue,0,1,1,"MISSING_MEASURED_LANE: T5 measured_data_v2 only captures Lane 3 effect box; Lanes 1,2,4,5 are unrecorded"
T5,68,5,stamina_cost_down,0,8,8,"MISSING_MEASURED_LANE: T5 measured_data_v2 only captures Lane 3 effect box; Lanes 1,2,4,5 are unrecorded"
T5,69,1,combo_continue,0,1,1,"MISSING_MEASURED_LANE: T5 measured_data_v2 only captures Lane 3 effect box; Lanes 1,2,4,5 are unrecorded"
T5,69,1,stamina_cost_down,0,8,8,"MISSING_MEASURED_LANE: T5 measured_data_v2 only captures Lane 3 effect box; Lanes 1,2,4,5 are unrecorded"
T5,69,2,a_skill_score_up,0,7,7,"MISSING_MEASURED_LANE: T5 measured_data_v2 only captures Lane 3 effect box; Lanes 1,2,4,5 are unrecorded"
T5,69,2,combo_continue,0,1,1,"MISSING_MEASURED_LANE: T5 measured_data_v2 only captures Lane 3 effect box; Lanes 1,2,4,5 are unrecorded"
T5,69,2,critical_rate_up,0,6,6,"MISSING_MEASURED_LANE: T5 measured_data_v2 only captures Lane 3 effect box; Lanes 1,2,4,5 are unrecorded"
T5,69,2,score_up,0,8,8,"MISSING_MEASURED_LANE: T5 measured_data_v2 only captures Lane 3 effect box; Lanes 1,2,4,5 are unrecorded"
T5,69,2,stamina_cost_down,0,8,8,"MISSING_MEASURED_LANE: T5 measured_data_v2 only captures Lane 3 effect box; Lanes 1,2,4,5 are unrecorded"
T5,69,3,a_skill_score_up,0,20,20,AMPLIFY_OR_OVERLAP_ON_BEAT: Activation on b69 (['sk-chs-05-fest-03-2']); measured stage 0 vs sim stage 20
T5,69,3,combo_continue,0,1,1,FLAG_NOT_STAGED: combo_continue is a boolean flag without stages (recorded as stage: null in measured)
T5,69,3,combo_score_up,13,19,6,AMPLIFY_OR_OVERLAP_ON_BEAT: Activation on b69 (['sk-chs-05-fest-03-2']); measured stage 13 vs sim stage 19
T5,69,3,critical_coeff_up,27,16,-11,"PHASE_LAG_ACTIVATION: Activated on b69 (acts=['sk-chs-05-fest-03-2']); measured reflects immediately (POST), sim reflects next beat (PRE)"
T5,69,3,critical_rate_up,0,11,11,AMPLIFY_OR_OVERLAP_ON_BEAT: Activation on b69 (['sk-chs-05-fest-03-2']); measured stage 0 vs sim stage 11
T5,69,3,focus,23,10,-13,"PHASE_LAG_ACTIVATION: Activated on b69 (acts=['sk-chs-05-fest-03-2']); measured reflects immediately (POST), sim reflects next beat (PRE)"
T5,69,3,score_up,0,20,20,AMPLIFY_OR_OVERLAP_ON_BEAT: Activation on b69 (['sk-chs-05-fest-03-2']); measured stage 0 vs sim stage 20
T5,69,3,stamina_cost_down,0,13,13,AMPLIFY_OR_OVERLAP_ON_BEAT: Activation on b69 (['sk-chs-05-fest-03-2']); measured stage 0 vs sim stage 13
T5,69,3,tension_up,10,13,3,AMPLIFY_OR_OVERLAP_ON_BEAT: Activation on b69 (['sk-chs-05-fest-03-2']); measured stage 10 vs sim stage 13
T5,69,3,vocal_boost,0,20,20,AMPLIFY_OR_OVERLAP_ON_BEAT: Activation on b69 (['sk-chs-05-fest-03-2']); measured stage 0 vs sim stage 20
T5,69,3,vocal_up,31,20,-11,"PHASE_LAG_ACTIVATION: Activated on b69 (acts=['sk-chs-05-fest-03-2']); measured reflects immediately (POST), sim reflects next beat (PRE)"
T5,69,3,vocal_up_extreme,13,5,-8,"PHASE_LAG_ACTIVATION: Activated on b69 (acts=['sk-chs-05-fest-03-2']); measured reflects immediately (POST), sim reflects next beat (PRE)"
T5,69,4,combo_continue,0,1,1,"MISSING_MEASURED_LANE: T5 measured_data_v2 only captures Lane 3 effect box; Lanes 1,2,4,5 are unrecorded"
T5,69,4,stamina_cost_down,0,8,8,"MISSING_MEASURED_LANE: T5 measured_data_v2 only captures Lane 3 effect box; Lanes 1,2,4,5 are unrecorded"
T5,69,4,vocal_up,0,6,6,"MISSING_MEASURED_LANE: T5 measured_data_v2 only captures Lane 3 effect box; Lanes 1,2,4,5 are unrecorded"
T5,69,5,a_skill_score_up,0,7,7,"MISSING_MEASURED_LANE: T5 measured_data_v2 only captures Lane 3 effect box; Lanes 1,2,4,5 are unrecorded"
T5,69,5,combo_continue,0,1,1,"MISSING_MEASURED_LANE: T5 measured_data_v2 only captures Lane 3 effect box; Lanes 1,2,4,5 are unrecorded"
T5,69,5,stamina_cost_down,0,8,8,"MISSING_MEASURED_LANE: T5 measured_data_v2 only captures Lane 3 effect box; Lanes 1,2,4,5 are unrecorded"
T5,70,1,combo_continue,0,1,1,"MISSING_MEASURED_LANE: T5 measured_data_v2 only captures Lane 3 effect box; Lanes 1,2,4,5 are unrecorded"
T5,70,1,stamina_cost_down,0,8,8,"MISSING_MEASURED_LANE: T5 measured_data_v2 only captures Lane 3 effect box; Lanes 1,2,4,5 are unrecorded"
T5,70,2,a_skill_score_up,0,7,7,"MISSING_MEASURED_LANE: T5 measured_data_v2 only captures Lane 3 effect box; Lanes 1,2,4,5 are unrecorded"
T5,70,2,combo_continue,0,1,1,"MISSING_MEASURED_LANE: T5 measured_data_v2 only captures Lane 3 effect box; Lanes 1,2,4,5 are unrecorded"
T5,70,2,critical_rate_up,0,6,6,"MISSING_MEASURED_LANE: T5 measured_data_v2 only captures Lane 3 effect box; Lanes 1,2,4,5 are unrecorded"
T5,70,2,score_up,0,8,8,"MISSING_MEASURED_LANE: T5 measured_data_v2 only captures Lane 3 effect box; Lanes 1,2,4,5 are unrecorded"
T5,70,2,stamina_cost_down,0,8,8,"MISSING_MEASURED_LANE: T5 measured_data_v2 only captures Lane 3 effect box; Lanes 1,2,4,5 are unrecorded"
T5,70,3,a_skill_score_up,11,20,9,AMPLIFY_OR_OVERLAP_ON_BEAT: Activation on b70 (['photo-L5-1']); measured stage 11 vs sim stage 20
T5,70,3,combo_continue,0,1,1,FLAG_NOT_STAGED: combo_continue is a boolean flag without stages (recorded as stage: null in measured)
T5,70,3,combo_score_up,23,19,-4,"PHASE_LAG_ACTIVATION: Activated on b70 (acts=['photo-L5-1']); measured reflects immediately (POST), sim reflects next beat (PRE)"
T5,70,3,critical_rate_up,0,11,11,DECAY_TIMING_LAG: Buff expired in measured 1-2 beats earlier than sim (in-game decay counts activation beat)
T5,70,3,focus,13,10,-3,"PHASE_LAG_ACTIVATION: Activated on b70 (acts=['photo-L5-1']); measured reflects immediately (POST), sim reflects next beat (PRE)"
T5,70,3,score_up,13,20,7,AMPLIFY_OR_OVERLAP_ON_BEAT: Activation on b70 (['photo-L5-1']); measured stage 13 vs sim stage 20
T5,70,3,stamina_cost_down,0,13,13,DECAY_TIMING_LAG: Buff expired in measured 1-2 beats earlier than sim (in-game decay counts activation beat)
T5,70,3,tension_up,0,13,13,DECAY_TIMING_LAG: Buff expired in measured 1-2 beats earlier than sim (in-game decay counts activation beat)
T5,70,3,vocal_boost,0,20,20,DECAY_TIMING_LAG: Buff expired in measured 1-2 beats earlier than sim (in-game decay counts activation beat)
T5,70,3,vocal_up,11,20,9,AMPLIFY_OR_OVERLAP_ON_BEAT: Activation on b70 (['photo-L5-1']); measured stage 11 vs sim stage 20
T5,70,3,vocal_up_extreme,0,10,10,AMPLIFY_OR_OVERLAP_ON_BEAT: Activation on b70 (['photo-L5-1']); measured stage 0 vs sim stage 10
T5,70,4,combo_continue,0,1,1,"MISSING_MEASURED_LANE: T5 measured_data_v2 only captures Lane 3 effect box; Lanes 1,2,4,5 are unrecorded"
T5,70,4,stamina_cost_down,0,8,8,"MISSING_MEASURED_LANE: T5 measured_data_v2 only captures Lane 3 effect box; Lanes 1,2,4,5 are unrecorded"
T5,70,4,vocal_up,0,6,6,"MISSING_MEASURED_LANE: T5 measured_data_v2 only captures Lane 3 effect box; Lanes 1,2,4,5 are unrecorded"
T5,70,5,a_skill_score_up,0,7,7,"MISSING_MEASURED_LANE: T5 measured_data_v2 only captures Lane 3 effect box; Lanes 1,2,4,5 are unrecorded"
T5,70,5,combo_continue,0,1,1,"MISSING_MEASURED_LANE: T5 measured_data_v2 only captures Lane 3 effect box; Lanes 1,2,4,5 are unrecorded"
T5,70,5,stamina_cost_down,0,8,8,"MISSING_MEASURED_LANE: T5 measured_data_v2 only captures Lane 3 effect box; Lanes 1,2,4,5 are unrecorded"
T5,71,1,combo_continue,0,1,1,"MISSING_MEASURED_LANE: T5 measured_data_v2 only captures Lane 3 effect box; Lanes 1,2,4,5 are unrecorded"
T5,71,1,stamina_cost_down,0,8,8,"MISSING_MEASURED_LANE: T5 measured_data_v2 only captures Lane 3 effect box; Lanes 1,2,4,5 are unrecorded"
T5,71,2,a_skill_score_up,0,7,7,"MISSING_MEASURED_LANE: T5 measured_data_v2 only captures Lane 3 effect box; Lanes 1,2,4,5 are unrecorded"
T5,71,2,combo_continue,0,1,1,"MISSING_MEASURED_LANE: T5 measured_data_v2 only captures Lane 3 effect box; Lanes 1,2,4,5 are unrecorded"
T5,71,2,critical_rate_up,0,6,6,"MISSING_MEASURED_LANE: T5 measured_data_v2 only captures Lane 3 effect box; Lanes 1,2,4,5 are unrecorded"
T5,71,2,score_up,0,8,8,"MISSING_MEASURED_LANE: T5 measured_data_v2 only captures Lane 3 effect box; Lanes 1,2,4,5 are unrecorded"
T5,71,2,stamina_cost_down,0,8,8,"MISSING_MEASURED_LANE: T5 measured_data_v2 only captures Lane 3 effect box; Lanes 1,2,4,5 are unrecorded"
T5,71,3,a_skill_score_up,0,20,20,DECAY_TIMING_LAG: Buff expired in measured 1-2 beats earlier than sim (in-game decay counts activation beat)
T5,71,3,combo_continue,0,1,1,FLAG_NOT_STAGED: combo_continue is a boolean flag without stages (recorded as stage: null in measured)
T5,71,3,combo_score_up,13,19,6,AMPLIFY_OR_OVERLAP_ON_BEAT: Activation on b71 (['photo-L5-2']); measured stage 13 vs sim stage 19
T5,71,3,critical_rate_up,0,11,11,DECAY_TIMING_LAG: Buff expired in measured 1-2 beats earlier than sim (in-game decay counts activation beat)
T5,71,3,focus,23,10,-13,"PHASE_LAG_ACTIVATION: Activated on b71 (acts=['photo-L5-2']); measured reflects immediately (POST), sim reflects next beat (PRE)"
T5,71,3,score_up,0,20,20,DECAY_TIMING_LAG: Buff expired in measured 1-2 beats earlier than sim (in-game decay counts activation beat)
T5,71,3,skill_success_up,15,4,-11,"PHASE_LAG_ACTIVATION: Activated on b71 (acts=['photo-L5-2']); measured reflects immediately (POST), sim reflects next beat (PRE)"
T5,71,3,tension_up,0,13,13,DECAY_TIMING_LAG: Buff expired in measured 1-2 beats earlier than sim (in-game decay counts activation beat)
T5,71,3,vocal_boost,0,20,20,DECAY_TIMING_LAG: Buff expired in measured 1-2 beats earlier than sim (in-game decay counts activation beat)
T5,71,3,vocal_up,31,20,-11,"PHASE_LAG_ACTIVATION: Activated on b71 (acts=['photo-L5-2']); measured reflects immediately (POST), sim reflects next beat (PRE)"
T5,71,4,combo_continue,0,1,1,"MISSING_MEASURED_LANE: T5 measured_data_v2 only captures Lane 3 effect box; Lanes 1,2,4,5 are unrecorded"
T5,71,4,stamina_cost_down,0,8,8,"MISSING_MEASURED_LANE: T5 measured_data_v2 only captures Lane 3 effect box; Lanes 1,2,4,5 are unrecorded"
T5,71,4,vocal_up,0,6,6,"MISSING_MEASURED_LANE: T5 measured_data_v2 only captures Lane 3 effect box; Lanes 1,2,4,5 are unrecorded"
T5,71,5,a_skill_score_up,0,7,7,"MISSING_MEASURED_LANE: T5 measured_data_v2 only captures Lane 3 effect box; Lanes 1,2,4,5 are unrecorded"
T5,71,5,combo_continue,0,1,1,"MISSING_MEASURED_LANE: T5 measured_data_v2 only captures Lane 3 effect box; Lanes 1,2,4,5 are unrecorded"
T5,71,5,stamina_cost_down,0,8,8,"MISSING_MEASURED_LANE: T5 measured_data_v2 only captures Lane 3 effect box; Lanes 1,2,4,5 are unrecorded"
T5,72,1,combo_continue,0,1,1,"MISSING_MEASURED_LANE: T5 measured_data_v2 only captures Lane 3 effect box; Lanes 1,2,4,5 are unrecorded"
T5,72,1,stamina_cost_down,0,8,8,"MISSING_MEASURED_LANE: T5 measured_data_v2 only captures Lane 3 effect box; Lanes 1,2,4,5 are unrecorded"
T5,72,2,a_skill_score_up,0,7,7,"MISSING_MEASURED_LANE: T5 measured_data_v2 only captures Lane 3 effect box; Lanes 1,2,4,5 are unrecorded"
T5,72,2,combo_continue,0,1,1,"MISSING_MEASURED_LANE: T5 measured_data_v2 only captures Lane 3 effect box; Lanes 1,2,4,5 are unrecorded"
T5,72,2,critical_rate_up,0,6,6,"MISSING_MEASURED_LANE: T5 measured_data_v2 only captures Lane 3 effect box; Lanes 1,2,4,5 are unrecorded"
T5,72,2,score_up,0,8,8,"MISSING_MEASURED_LANE: T5 measured_data_v2 only captures Lane 3 effect box; Lanes 1,2,4,5 are unrecorded"
T5,72,2,stamina_cost_down,0,8,8,"MISSING_MEASURED_LANE: T5 measured_data_v2 only captures Lane 3 effect box; Lanes 1,2,4,5 are unrecorded"
T5,72,3,a_skill_score_up,0,20,20,DECAY_TIMING_LAG: Buff expired in measured 1-2 beats earlier than sim (in-game decay counts activation beat)
T5,72,3,combo_continue,0,1,1,FLAG_NOT_STAGED: combo_continue is a boolean flag without stages (recorded as stage: null in measured)
T5,72,3,combo_score_up,10,19,9,BUFF_STAGE_MISMATCH: Measured 10 vs Sim 19 (diff=9)
T5,72,3,critical_rate_up,0,11,11,DECAY_TIMING_LAG: Buff expired in measured 1-2 beats earlier than sim (in-game decay counts activation beat)
T5,72,3,focus,13,10,-3,BUFF_STAGE_MISMATCH: Measured 13 vs Sim 10 (diff=-3)
T5,72,3,score_up,10,20,10,BUFF_STAGE_MISMATCH: Measured 10 vs Sim 20 (diff=10)
T5,72,3,stamina_cost_down,20,13,-7,BUFF_STAGE_MISMATCH: Measured 20 vs Sim 13 (diff=-7)
T5,72,3,vocal_boost,11,20,9,BUFF_STAGE_MISMATCH: Measured 11 vs Sim 20 (diff=9)
T5,72,3,vocal_up,11,20,9,BUFF_STAGE_MISMATCH: Measured 11 vs Sim 20 (diff=9)
T5,72,3,vocal_up_extreme,19,10,-9,BUFF_STAGE_MISMATCH: Measured 19 vs Sim 10 (diff=-9)
T5,72,4,combo_continue,0,1,1,"MISSING_MEASURED_LANE: T5 measured_data_v2 only captures Lane 3 effect box; Lanes 1,2,4,5 are unrecorded"
T5,72,4,stamina_cost_down,0,8,8,"MISSING_MEASURED_LANE: T5 measured_data_v2 only captures Lane 3 effect box; Lanes 1,2,4,5 are unrecorded"
T5,72,4,vocal_up,0,6,6,"MISSING_MEASURED_LANE: T5 measured_data_v2 only captures Lane 3 effect box; Lanes 1,2,4,5 are unrecorded"
T5,72,5,a_skill_score_up,0,7,7,"MISSING_MEASURED_LANE: T5 measured_data_v2 only captures Lane 3 effect box; Lanes 1,2,4,5 are unrecorded"
T5,72,5,combo_continue,0,1,1,"MISSING_MEASURED_LANE: T5 measured_data_v2 only captures Lane 3 effect box; Lanes 1,2,4,5 are unrecorded"
T5,72,5,stamina_cost_down,0,8,8,"MISSING_MEASURED_LANE: T5 measured_data_v2 only captures Lane 3 effect box; Lanes 1,2,4,5 are unrecorded"
T5,73,1,combo_continue,0,1,1,"MISSING_MEASURED_LANE: T5 measured_data_v2 only captures Lane 3 effect box; Lanes 1,2,4,5 are unrecorded"
T5,73,1,stamina_cost_down,0,8,8,"MISSING_MEASURED_LANE: T5 measured_data_v2 only captures Lane 3 effect box; Lanes 1,2,4,5 are unrecorded"
T5,73,2,a_skill_score_up,0,7,7,"MISSING_MEASURED_LANE: T5 measured_data_v2 only captures Lane 3 effect box; Lanes 1,2,4,5 are unrecorded"
T5,73,2,combo_continue,0,1,1,"MISSING_MEASURED_LANE: T5 measured_data_v2 only captures Lane 3 effect box; Lanes 1,2,4,5 are unrecorded"
T5,73,2,critical_rate_up,0,6,6,"MISSING_MEASURED_LANE: T5 measured_data_v2 only captures Lane 3 effect box; Lanes 1,2,4,5 are unrecorded"
T5,73,2,score_up,0,8,8,"MISSING_MEASURED_LANE: T5 measured_data_v2 only captures Lane 3 effect box; Lanes 1,2,4,5 are unrecorded"
T5,73,2,stamina_cost_down,0,8,8,"MISSING_MEASURED_LANE: T5 measured_data_v2 only captures Lane 3 effect box; Lanes 1,2,4,5 are unrecorded"
T5,73,3,a_skill_score_up,0,20,20,DECAY_TIMING_LAG: Buff expired in measured 1-2 beats earlier than sim (in-game decay counts activation beat)
T5,73,3,combo_continue,0,1,1,FLAG_NOT_STAGED: combo_continue is a boolean flag without stages (recorded as stage: null in measured)
T5,73,3,combo_score_up,10,19,9,BUFF_STAGE_MISMATCH: Measured 10 vs Sim 19 (diff=9)
T5,73,3,critical_coeff_up,36,16,-20,BUFF_STAGE_MISMATCH: Measured 36 vs Sim 16 (diff=-20)
T5,73,3,critical_rate_up,0,11,11,DECAY_TIMING_LAG: Buff expired in measured 1-2 beats earlier than sim (in-game decay counts activation beat)
T5,73,3,focus,32,10,-22,BUFF_STAGE_MISMATCH: Measured 32 vs Sim 10 (diff=-22)
T5,73,3,score_up,10,20,10,BUFF_STAGE_MISMATCH: Measured 10 vs Sim 20 (diff=10)
T5,73,3,skill_success_up,24,4,-20,BUFF_STAGE_MISMATCH: Measured 24 vs Sim 4 (diff=-20)
T5,73,3,vocal_boost,11,20,9,BUFF_STAGE_MISMATCH: Measured 11 vs Sim 20 (diff=9)
T5,73,3,vocal_up,21,20,-1,BUFF_STAGE_MISMATCH: Measured 21 vs Sim 20 (diff=-1)
T5,73,3,vocal_up_extreme,20,10,-10,BUFF_STAGE_MISMATCH: Measured 20 vs Sim 10 (diff=-10)
T5,73,4,combo_continue,0,1,1,"MISSING_MEASURED_LANE: T5 measured_data_v2 only captures Lane 3 effect box; Lanes 1,2,4,5 are unrecorded"
T5,73,4,stamina_cost_down,0,8,8,"MISSING_MEASURED_LANE: T5 measured_data_v2 only captures Lane 3 effect box; Lanes 1,2,4,5 are unrecorded"
T5,73,4,vocal_up,0,6,6,"MISSING_MEASURED_LANE: T5 measured_data_v2 only captures Lane 3 effect box; Lanes 1,2,4,5 are unrecorded"
T5,73,5,a_skill_score_up,0,7,7,"MISSING_MEASURED_LANE: T5 measured_data_v2 only captures Lane 3 effect box; Lanes 1,2,4,5 are unrecorded"
T5,73,5,combo_continue,0,1,1,"MISSING_MEASURED_LANE: T5 measured_data_v2 only captures Lane 3 effect box; Lanes 1,2,4,5 are unrecorded"
T5,73,5,stamina_cost_down,0,8,8,"MISSING_MEASURED_LANE: T5 measured_data_v2 only captures Lane 3 effect box; Lanes 1,2,4,5 are unrecorded"
T5,74,1,combo_continue,0,1,1,"MISSING_MEASURED_LANE: T5 measured_data_v2 only captures Lane 3 effect box; Lanes 1,2,4,5 are unrecorded"
T5,74,1,stamina_cost_down,0,8,8,"MISSING_MEASURED_LANE: T5 measured_data_v2 only captures Lane 3 effect box; Lanes 1,2,4,5 are unrecorded"
T5,74,2,a_skill_score_up,0,7,7,"MISSING_MEASURED_LANE: T5 measured_data_v2 only captures Lane 3 effect box; Lanes 1,2,4,5 are unrecorded"
T5,74,2,combo_continue,0,1,1,"MISSING_MEASURED_LANE: T5 measured_data_v2 only captures Lane 3 effect box; Lanes 1,2,4,5 are unrecorded"
T5,74,2,critical_rate_up,0,6,6,"MISSING_MEASURED_LANE: T5 measured_data_v2 only captures Lane 3 effect box; Lanes 1,2,4,5 are unrecorded"
T5,74,2,score_up,0,8,8,"MISSING_MEASURED_LANE: T5 measured_data_v2 only captures Lane 3 effect box; Lanes 1,2,4,5 are unrecorded"
T5,74,2,stamina_cost_down,0,8,8,"MISSING_MEASURED_LANE: T5 measured_data_v2 only captures Lane 3 effect box; Lanes 1,2,4,5 are unrecorded"
T5,74,3,a_skill_score_up,0,20,20,DECAY_TIMING_LAG: Buff expired in measured 1-2 beats earlier than sim (in-game decay counts activation beat)
T5,74,3,combo_continue,0,1,1,FLAG_NOT_STAGED: combo_continue is a boolean flag without stages (recorded as stage: null in measured)
T5,74,3,combo_score_up,0,19,19,DECAY_TIMING_LAG: Buff expired in measured 1-2 beats earlier than sim (in-game decay counts activation beat)
T5,74,3,critical_coeff_up,37,16,-21,BUFF_STAGE_MISMATCH: Measured 37 vs Sim 16 (diff=-21)
T5,74,3,critical_rate_up,20,11,-9,BUFF_STAGE_MISMATCH: Measured 20 vs Sim 11 (diff=-9)
T5,74,3,focus,23,10,-13,BUFF_STAGE_MISMATCH: Measured 23 vs Sim 10 (diff=-13)
T5,74,3,score_up,10,20,10,BUFF_STAGE_MISMATCH: Measured 10 vs Sim 20 (diff=10)
T5,74,3,stamina_cost_down,33,13,-20,BUFF_STAGE_MISMATCH: Measured 33 vs Sim 13 (diff=-20)
T5,74,3,tension_up,0,13,13,DECAY_TIMING_LAG: Buff expired in measured 1-2 beats earlier than sim (in-game decay counts activation beat)
T5,74,3,vocal_boost,0,20,20,DECAY_TIMING_LAG: Buff expired in measured 1-2 beats earlier than sim (in-game decay counts activation beat)
T5,74,3,vocal_up,31,20,-11,BUFF_STAGE_MISMATCH: Measured 31 vs Sim 20 (diff=-11)
T5,74,3,vocal_up_extreme,32,10,-22,BUFF_STAGE_MISMATCH: Measured 32 vs Sim 10 (diff=-22)
T5,74,4,combo_continue,0,1,1,"MISSING_MEASURED_LANE: T5 measured_data_v2 only captures Lane 3 effect box; Lanes 1,2,4,5 are unrecorded"
T5,74,4,stamina_cost_down,0,8,8,"MISSING_MEASURED_LANE: T5 measured_data_v2 only captures Lane 3 effect box; Lanes 1,2,4,5 are unrecorded"
T5,74,4,vocal_up,0,6,6,"MISSING_MEASURED_LANE: T5 measured_data_v2 only captures Lane 3 effect box; Lanes 1,2,4,5 are unrecorded"
T5,74,5,a_skill_score_up,0,7,7,"MISSING_MEASURED_LANE: T5 measured_data_v2 only captures Lane 3 effect box; Lanes 1,2,4,5 are unrecorded"
T5,74,5,combo_continue,0,1,1,"MISSING_MEASURED_LANE: T5 measured_data_v2 only captures Lane 3 effect box; Lanes 1,2,4,5 are unrecorded"
T5,74,5,stamina_cost_down,0,8,8,"MISSING_MEASURED_LANE: T5 measured_data_v2 only captures Lane 3 effect box; Lanes 1,2,4,5 are unrecorded"
T5,75,1,combo_continue,0,1,1,"MISSING_MEASURED_LANE: T5 measured_data_v2 only captures Lane 3 effect box; Lanes 1,2,4,5 are unrecorded"
T5,75,1,stamina_cost_down,0,8,8,"MISSING_MEASURED_LANE: T5 measured_data_v2 only captures Lane 3 effect box; Lanes 1,2,4,5 are unrecorded"
T5,75,2,a_skill_score_up,0,7,7,"MISSING_MEASURED_LANE: T5 measured_data_v2 only captures Lane 3 effect box; Lanes 1,2,4,5 are unrecorded"
T5,75,2,combo_continue,0,1,1,"MISSING_MEASURED_LANE: T5 measured_data_v2 only captures Lane 3 effect box; Lanes 1,2,4,5 are unrecorded"
T5,75,2,critical_rate_up,0,6,6,"MISSING_MEASURED_LANE: T5 measured_data_v2 only captures Lane 3 effect box; Lanes 1,2,4,5 are unrecorded"
T5,75,2,score_up,0,8,8,"MISSING_MEASURED_LANE: T5 measured_data_v2 only captures Lane 3 effect box; Lanes 1,2,4,5 are unrecorded"
T5,75,2,stamina_cost_down,0,8,8,"MISSING_MEASURED_LANE: T5 measured_data_v2 only captures Lane 3 effect box; Lanes 1,2,4,5 are unrecorded"
T5,75,3,a_skill_score_up,31,20,-11,BUFF_STAGE_MISMATCH: Measured 31 vs Sim 20 (diff=-11)
T5,75,3,combo_continue,0,1,1,FLAG_NOT_STAGED: combo_continue is a boolean flag without stages (recorded as stage: null in measured)
T5,75,3,combo_score_up,29,19,-10,BUFF_STAGE_MISMATCH: Measured 29 vs Sim 19 (diff=-10)
T5,75,3,critical_rate_up,0,11,11,DECAY_TIMING_LAG: Buff expired in measured 1-2 beats earlier than sim (in-game decay counts activation beat)
T5,75,3,focus,13,10,-3,BUFF_STAGE_MISMATCH: Measured 13 vs Sim 10 (diff=-3)
T5,75,3,score_up,33,20,-13,BUFF_STAGE_MISMATCH: Measured 33 vs Sim 20 (diff=-13)
T5,75,3,stamina_cost_down,0,13,13,DECAY_TIMING_LAG: Buff expired in measured 1-2 beats earlier than sim (in-game decay counts activation beat)
T5,75,3,vocal_up,11,20,9,BUFF_STAGE_MISMATCH: Measured 11 vs Sim 20 (diff=9)
T5,75,3,vocal_up_extreme,0,10,10,DECAY_TIMING_LAG: Extreme buff expired in measured before sim decay
T5,75,4,combo_continue,0,1,1,"MISSING_MEASURED_LANE: T5 measured_data_v2 only captures Lane 3 effect box; Lanes 1,2,4,5 are unrecorded"
T5,75,4,stamina_cost_down,0,8,8,"MISSING_MEASURED_LANE: T5 measured_data_v2 only captures Lane 3 effect box; Lanes 1,2,4,5 are unrecorded"
T5,75,4,vocal_up,0,6,6,"MISSING_MEASURED_LANE: T5 measured_data_v2 only captures Lane 3 effect box; Lanes 1,2,4,5 are unrecorded"
T5,75,5,a_skill_score_up,0,7,7,"MISSING_MEASURED_LANE: T5 measured_data_v2 only captures Lane 3 effect box; Lanes 1,2,4,5 are unrecorded"
T5,75,5,combo_continue,0,1,1,"MISSING_MEASURED_LANE: T5 measured_data_v2 only captures Lane 3 effect box; Lanes 1,2,4,5 are unrecorded"
T5,75,5,stamina_cost_down,0,8,8,"MISSING_MEASURED_LANE: T5 measured_data_v2 only captures Lane 3 effect box; Lanes 1,2,4,5 are unrecorded"
T5,76,1,combo_continue,0,1,1,"MISSING_MEASURED_LANE: T5 measured_data_v2 only captures Lane 3 effect box; Lanes 1,2,4,5 are unrecorded"
T5,76,1,stamina_cost_down,0,8,8,"MISSING_MEASURED_LANE: T5 measured_data_v2 only captures Lane 3 effect box; Lanes 1,2,4,5 are unrecorded"
T5,76,2,a_skill_score_up,0,7,7,"MISSING_MEASURED_LANE: T5 measured_data_v2 only captures Lane 3 effect box; Lanes 1,2,4,5 are unrecorded"
T5,76,2,combo_continue,0,1,1,"MISSING_MEASURED_LANE: T5 measured_data_v2 only captures Lane 3 effect box; Lanes 1,2,4,5 are unrecorded"
T5,76,2,critical_rate_up,0,6,6,"MISSING_MEASURED_LANE: T5 measured_data_v2 only captures Lane 3 effect box; Lanes 1,2,4,5 are unrecorded"
T5,76,2,score_up,0,8,8,"MISSING_MEASURED_LANE: T5 measured_data_v2 only captures Lane 3 effect box; Lanes 1,2,4,5 are unrecorded"
T5,76,2,stamina_cost_down,0,8,8,"MISSING_MEASURED_LANE: T5 measured_data_v2 only captures Lane 3 effect box; Lanes 1,2,4,5 are unrecorded"
T5,76,3,a_skill_score_up,0,20,20,DECAY_TIMING_LAG: Buff expired in measured 1-2 beats earlier than sim (in-game decay counts activation beat)
T5,76,3,combo_continue,0,1,1,FLAG_NOT_STAGED: combo_continue is a boolean flag without stages (recorded as stage: null in measured)
T5,76,3,combo_score_up,23,19,-4,BUFF_STAGE_MISMATCH: Measured 23 vs Sim 19 (diff=-4)
T5,76,3,critical_rate_up,0,11,11,DECAY_TIMING_LAG: Buff expired in measured 1-2 beats earlier than sim (in-game decay counts activation beat)
T5,76,3,focus,13,10,-3,BUFF_STAGE_MISMATCH: Measured 13 vs Sim 10 (diff=-3)
T5,76,3,score_up,10,20,10,BUFF_STAGE_MISMATCH: Measured 10 vs Sim 20 (diff=10)
T5,76,3,stamina_cost_down,0,13,13,DECAY_TIMING_LAG: Buff expired in measured 1-2 beats earlier than sim (in-game decay counts activation beat)
T5,76,3,vocal_boost,11,20,9,BUFF_STAGE_MISMATCH: Measured 11 vs Sim 20 (diff=9)
T5,76,3,vocal_up,11,20,9,BUFF_STAGE_MISMATCH: Measured 11 vs Sim 20 (diff=9)
T5,76,3,vocal_up_extreme,0,10,10,DECAY_TIMING_LAG: Extreme buff expired in measured before sim decay
T5,76,4,combo_continue,0,1,1,"MISSING_MEASURED_LANE: T5 measured_data_v2 only captures Lane 3 effect box; Lanes 1,2,4,5 are unrecorded"
T5,76,4,stamina_cost_down,0,8,8,"MISSING_MEASURED_LANE: T5 measured_data_v2 only captures Lane 3 effect box; Lanes 1,2,4,5 are unrecorded"
T5,76,4,vocal_up,0,6,6,"MISSING_MEASURED_LANE: T5 measured_data_v2 only captures Lane 3 effect box; Lanes 1,2,4,5 are unrecorded"
T5,76,5,a_skill_score_up,0,7,7,"MISSING_MEASURED_LANE: T5 measured_data_v2 only captures Lane 3 effect box; Lanes 1,2,4,5 are unrecorded"
T5,76,5,combo_continue,0,1,1,"MISSING_MEASURED_LANE: T5 measured_data_v2 only captures Lane 3 effect box; Lanes 1,2,4,5 are unrecorded"
T5,76,5,stamina_cost_down,0,8,8,"MISSING_MEASURED_LANE: T5 measured_data_v2 only captures Lane 3 effect box; Lanes 1,2,4,5 are unrecorded"
T5,77,1,combo_continue,0,1,1,"MISSING_MEASURED_LANE: T5 measured_data_v2 only captures Lane 3 effect box; Lanes 1,2,4,5 are unrecorded"
T5,77,1,stamina_cost_down,0,8,8,"MISSING_MEASURED_LANE: T5 measured_data_v2 only captures Lane 3 effect box; Lanes 1,2,4,5 are unrecorded"
T5,77,2,a_skill_score_up,0,7,7,"MISSING_MEASURED_LANE: T5 measured_data_v2 only captures Lane 3 effect box; Lanes 1,2,4,5 are unrecorded"
T5,77,2,combo_continue,0,1,1,"MISSING_MEASURED_LANE: T5 measured_data_v2 only captures Lane 3 effect box; Lanes 1,2,4,5 are unrecorded"
T5,77,2,critical_rate_up,0,6,6,"MISSING_MEASURED_LANE: T5 measured_data_v2 only captures Lane 3 effect box; Lanes 1,2,4,5 are unrecorded"
T5,77,2,score_up,0,8,8,"MISSING_MEASURED_LANE: T5 measured_data_v2 only captures Lane 3 effect box; Lanes 1,2,4,5 are unrecorded"
T5,77,2,stamina_cost_down,0,8,8,"MISSING_MEASURED_LANE: T5 measured_data_v2 only captures Lane 3 effect box; Lanes 1,2,4,5 are unrecorded"
T5,77,3,a_skill_score_up,0,20,20,DECAY_TIMING_LAG: Buff expired in measured 1-2 beats earlier than sim (in-game decay counts activation beat)
T5,77,3,combo_continue,0,1,1,FLAG_NOT_STAGED: combo_continue is a boolean flag without stages (recorded as stage: null in measured)
T5,77,3,combo_score_up,0,19,19,DECAY_TIMING_LAG: Buff expired in measured 1-2 beats earlier than sim (in-game decay counts activation beat)
T5,77,3,critical_coeff_up,27,16,-11,BUFF_STAGE_MISMATCH: Measured 27 vs Sim 16 (diff=-11)
T5,77,3,critical_rate_up,0,11,11,DECAY_TIMING_LAG: Buff expired in measured 1-2 beats earlier than sim (in-game decay counts activation beat)
T5,77,3,focus,23,10,-13,BUFF_STAGE_MISMATCH: Measured 23 vs Sim 10 (diff=-13)
T5,77,3,score_up,0,20,20,DECAY_TIMING_LAG: Buff expired in measured 1-2 beats earlier than sim (in-game decay counts activation beat)
T5,77,3,tension_up,0,13,13,DECAY_TIMING_LAG: Buff expired in measured 1-2 beats earlier than sim (in-game decay counts activation beat)
T5,77,3,vocal_boost,0,20,20,DECAY_TIMING_LAG: Buff expired in measured 1-2 beats earlier than sim (in-game decay counts activation beat)
T5,77,3,vocal_up,31,20,-11,BUFF_STAGE_MISMATCH: Measured 31 vs Sim 20 (diff=-11)
T5,77,4,combo_continue,0,1,1,"MISSING_MEASURED_LANE: T5 measured_data_v2 only captures Lane 3 effect box; Lanes 1,2,4,5 are unrecorded"
T5,77,4,stamina_cost_down,0,8,8,"MISSING_MEASURED_LANE: T5 measured_data_v2 only captures Lane 3 effect box; Lanes 1,2,4,5 are unrecorded"
T5,77,4,vocal_up,0,6,6,"MISSING_MEASURED_LANE: T5 measured_data_v2 only captures Lane 3 effect box; Lanes 1,2,4,5 are unrecorded"
T5,77,5,a_skill_score_up,0,7,7,"MISSING_MEASURED_LANE: T5 measured_data_v2 only captures Lane 3 effect box; Lanes 1,2,4,5 are unrecorded"
T5,77,5,combo_continue,0,1,1,"MISSING_MEASURED_LANE: T5 measured_data_v2 only captures Lane 3 effect box; Lanes 1,2,4,5 are unrecorded"
T5,77,5,stamina_cost_down,0,8,8,"MISSING_MEASURED_LANE: T5 measured_data_v2 only captures Lane 3 effect box; Lanes 1,2,4,5 are unrecorded"
T5,78,1,combo_continue,0,1,1,"MISSING_MEASURED_LANE: T5 measured_data_v2 only captures Lane 3 effect box; Lanes 1,2,4,5 are unrecorded"
T5,78,1,stamina_cost_down,0,8,8,"MISSING_MEASURED_LANE: T5 measured_data_v2 only captures Lane 3 effect box; Lanes 1,2,4,5 are unrecorded"
T5,78,2,a_skill_score_up,0,7,7,"MISSING_MEASURED_LANE: T5 measured_data_v2 only captures Lane 3 effect box; Lanes 1,2,4,5 are unrecorded"
T5,78,2,combo_continue,0,1,1,"MISSING_MEASURED_LANE: T5 measured_data_v2 only captures Lane 3 effect box; Lanes 1,2,4,5 are unrecorded"
T5,78,2,critical_rate_up,0,6,6,"MISSING_MEASURED_LANE: T5 measured_data_v2 only captures Lane 3 effect box; Lanes 1,2,4,5 are unrecorded"
T5,78,2,score_up,0,8,8,"MISSING_MEASURED_LANE: T5 measured_data_v2 only captures Lane 3 effect box; Lanes 1,2,4,5 are unrecorded"
T5,78,2,stamina_cost_down,0,8,8,"MISSING_MEASURED_LANE: T5 measured_data_v2 only captures Lane 3 effect box; Lanes 1,2,4,5 are unrecorded"
T5,78,3,combo_continue,0,1,1,FLAG_NOT_STAGED: combo_continue is a boolean flag without stages (recorded as stage: null in measured)
T5,78,3,critical_coeff_up,27,16,-11,BUFF_STAGE_MISMATCH: Measured 27 vs Sim 16 (diff=-11)
T5,78,3,critical_rate_up,0,11,11,DECAY_TIMING_LAG: Buff expired in measured 1-2 beats earlier than sim (in-game decay counts activation beat)
T5,78,3,focus,23,10,-13,BUFF_STAGE_MISMATCH: Measured 23 vs Sim 10 (diff=-13)
T5,78,3,stamina_cost_down,0,13,13,DECAY_TIMING_LAG: Buff expired in measured 1-2 beats earlier than sim (in-game decay counts activation beat)
T5,78,3,vocal_up,31,20,-11,BUFF_STAGE_MISMATCH: Measured 31 vs Sim 20 (diff=-11)
T5,78,3,vocal_up_extreme,13,10,-3,BUFF_STAGE_MISMATCH: Measured 13 vs Sim 10 (diff=-3)
T5,78,4,combo_continue,0,1,1,"MISSING_MEASURED_LANE: T5 measured_data_v2 only captures Lane 3 effect box; Lanes 1,2,4,5 are unrecorded"
T5,78,4,stamina_cost_down,0,8,8,"MISSING_MEASURED_LANE: T5 measured_data_v2 only captures Lane 3 effect box; Lanes 1,2,4,5 are unrecorded"
T5,78,4,vocal_up,0,6,6,"MISSING_MEASURED_LANE: T5 measured_data_v2 only captures Lane 3 effect box; Lanes 1,2,4,5 are unrecorded"
T5,78,5,a_skill_score_up,0,7,7,"MISSING_MEASURED_LANE: T5 measured_data_v2 only captures Lane 3 effect box; Lanes 1,2,4,5 are unrecorded"
T5,78,5,combo_continue,0,1,1,"MISSING_MEASURED_LANE: T5 measured_data_v2 only captures Lane 3 effect box; Lanes 1,2,4,5 are unrecorded"
T5,78,5,stamina_cost_down,0,8,8,"MISSING_MEASURED_LANE: T5 measured_data_v2 only captures Lane 3 effect box; Lanes 1,2,4,5 are unrecorded"
T5,79,1,combo_continue,0,1,1,"MISSING_MEASURED_LANE: T5 measured_data_v2 only captures Lane 3 effect box; Lanes 1,2,4,5 are unrecorded"
T5,79,1,stamina_cost_down,0,8,8,"MISSING_MEASURED_LANE: T5 measured_data_v2 only captures Lane 3 effect box; Lanes 1,2,4,5 are unrecorded"
T5,79,2,a_skill_score_up,0,7,7,"MISSING_MEASURED_LANE: T5 measured_data_v2 only captures Lane 3 effect box; Lanes 1,2,4,5 are unrecorded"
T5,79,2,combo_continue,0,1,1,"MISSING_MEASURED_LANE: T5 measured_data_v2 only captures Lane 3 effect box; Lanes 1,2,4,5 are unrecorded"
T5,79,2,critical_rate_up,0,6,6,"MISSING_MEASURED_LANE: T5 measured_data_v2 only captures Lane 3 effect box; Lanes 1,2,4,5 are unrecorded"
T5,79,2,score_up,0,8,8,"MISSING_MEASURED_LANE: T5 measured_data_v2 only captures Lane 3 effect box; Lanes 1,2,4,5 are unrecorded"
T5,79,2,stamina_cost_down,0,8,8,"MISSING_MEASURED_LANE: T5 measured_data_v2 only captures Lane 3 effect box; Lanes 1,2,4,5 are unrecorded"
T5,79,3,combo_continue,0,1,1,FLAG_NOT_STAGED: combo_continue is a boolean flag without stages (recorded as stage: null in measured)
T5,79,3,combo_score_up,39,19,-20,BUFF_STAGE_MISMATCH: Measured 39 vs Sim 19 (diff=-20)
T5,79,3,critical_rate_up,0,11,11,DECAY_TIMING_LAG: Buff expired in measured 1-2 beats earlier than sim (in-game decay counts activation beat)
T5,79,3,focus,13,10,-3,BUFF_STAGE_MISMATCH: Measured 13 vs Sim 10 (diff=-3)
T5,79,3,score_up,13,20,7,BUFF_STAGE_MISMATCH: Measured 13 vs Sim 20 (diff=7)
T5,79,3,stamina_cost_down,10,13,3,BUFF_STAGE_MISMATCH: Measured 10 vs Sim 13 (diff=3)
T5,79,3,tension_up,0,13,13,DECAY_TIMING_LAG: Buff expired in measured 1-2 beats earlier than sim (in-game decay counts activation beat)
T5,79,3,vocal_up,31,20,-11,BUFF_STAGE_MISMATCH: Measured 31 vs Sim 20 (diff=-11)
T5,79,3,vocal_up_extreme,0,10,10,DECAY_TIMING_LAG: Extreme buff expired in measured before sim decay
T5,79,4,combo_continue,0,1,1,"MISSING_MEASURED_LANE: T5 measured_data_v2 only captures Lane 3 effect box; Lanes 1,2,4,5 are unrecorded"
T5,79,4,stamina_cost_down,0,8,8,"MISSING_MEASURED_LANE: T5 measured_data_v2 only captures Lane 3 effect box; Lanes 1,2,4,5 are unrecorded"
T5,79,4,vocal_up,0,6,6,"MISSING_MEASURED_LANE: T5 measured_data_v2 only captures Lane 3 effect box; Lanes 1,2,4,5 are unrecorded"
T5,79,5,a_skill_score_up,0,7,7,"MISSING_MEASURED_LANE: T5 measured_data_v2 only captures Lane 3 effect box; Lanes 1,2,4,5 are unrecorded"
T5,79,5,combo_continue,0,1,1,"MISSING_MEASURED_LANE: T5 measured_data_v2 only captures Lane 3 effect box; Lanes 1,2,4,5 are unrecorded"
T5,79,5,stamina_cost_down,0,8,8,"MISSING_MEASURED_LANE: T5 measured_data_v2 only captures Lane 3 effect box; Lanes 1,2,4,5 are unrecorded"
T5,80,1,combo_continue,0,1,1,"MISSING_MEASURED_LANE: T5 measured_data_v2 only captures Lane 3 effect box; Lanes 1,2,4,5 are unrecorded"
T5,80,1,stamina_cost_down,0,8,8,"MISSING_MEASURED_LANE: T5 measured_data_v2 only captures Lane 3 effect box; Lanes 1,2,4,5 are unrecorded"
T5,80,2,a_skill_score_up,0,7,7,"MISSING_MEASURED_LANE: T5 measured_data_v2 only captures Lane 3 effect box; Lanes 1,2,4,5 are unrecorded"
T5,80,2,combo_continue,0,1,1,"MISSING_MEASURED_LANE: T5 measured_data_v2 only captures Lane 3 effect box; Lanes 1,2,4,5 are unrecorded"
T5,80,2,critical_rate_up,0,6,6,"MISSING_MEASURED_LANE: T5 measured_data_v2 only captures Lane 3 effect box; Lanes 1,2,4,5 are unrecorded"
T5,80,2,score_up,0,8,8,"MISSING_MEASURED_LANE: T5 measured_data_v2 only captures Lane 3 effect box; Lanes 1,2,4,5 are unrecorded"
T5,80,2,stamina_cost_down,0,8,8,"MISSING_MEASURED_LANE: T5 measured_data_v2 only captures Lane 3 effect box; Lanes 1,2,4,5 are unrecorded"
T5,80,3,combo_continue,0,1,1,FLAG_NOT_STAGED: combo_continue is a boolean flag without stages (recorded as stage: null in measured)
T5,80,3,critical_coeff_up,27,16,-11,"PHASE_LAG_ACTIVATION: Activated on b80 (acts=['sk-ktn-05-wedd-00-1', 'sk-ktn-05-wedd-00-3']); measured reflects immediately (POST), sim reflects next beat (PRE)"
T5,80,3,critical_rate_up,0,11,11,DECAY_TIMING_LAG: Buff expired in measured 1-2 beats earlier than sim (in-game decay counts activation beat)
T5,80,3,focus,30,10,-20,"PHASE_LAG_ACTIVATION: Activated on b80 (acts=['sk-ktn-05-wedd-00-1', 'sk-ktn-05-wedd-00-3']); measured reflects immediately (POST), sim reflects next beat (PRE)"
T5,80,3,stamina_cost_down,0,13,13,DECAY_TIMING_LAG: Buff expired in measured 1-2 beats earlier than sim (in-game decay counts activation beat)
T5,80,3,vocal_up,31,20,-11,"PHASE_LAG_ACTIVATION: Activated on b80 (acts=['sk-ktn-05-wedd-00-1', 'sk-ktn-05-wedd-00-3']); measured reflects immediately (POST), sim reflects next beat (PRE)"
T5,80,3,vocal_up_extreme,20,10,-10,"PHASE_LAG_ACTIVATION: Activated on b80 (acts=['sk-ktn-05-wedd-00-1', 'sk-ktn-05-wedd-00-3']); measured reflects immediately (POST), sim reflects next beat (PRE)"
T5,80,4,combo_continue,0,1,1,"MISSING_MEASURED_LANE: T5 measured_data_v2 only captures Lane 3 effect box; Lanes 1,2,4,5 are unrecorded"
T5,80,4,stamina_cost_down,0,8,8,"MISSING_MEASURED_LANE: T5 measured_data_v2 only captures Lane 3 effect box; Lanes 1,2,4,5 are unrecorded"
T5,80,4,vocal_up,0,6,6,"MISSING_MEASURED_LANE: T5 measured_data_v2 only captures Lane 3 effect box; Lanes 1,2,4,5 are unrecorded"
T5,80,5,a_skill_score_up,0,7,7,"MISSING_MEASURED_LANE: T5 measured_data_v2 only captures Lane 3 effect box; Lanes 1,2,4,5 are unrecorded"
T5,80,5,combo_continue,0,1,1,"MISSING_MEASURED_LANE: T5 measured_data_v2 only captures Lane 3 effect box; Lanes 1,2,4,5 are unrecorded"
T5,80,5,stamina_cost_down,0,8,8,"MISSING_MEASURED_LANE: T5 measured_data_v2 only captures Lane 3 effect box; Lanes 1,2,4,5 are unrecorded"
T5,81,1,combo_continue,0,2,2,"MISSING_MEASURED_LANE: T5 measured_data_v2 only captures Lane 3 effect box; Lanes 1,2,4,5 are unrecorded"
T5,81,1,stamina_cost_down,0,16,16,"MISSING_MEASURED_LANE: T5 measured_data_v2 only captures Lane 3 effect box; Lanes 1,2,4,5 are unrecorded"
T5,81,2,a_skill_score_up,0,7,7,"MISSING_MEASURED_LANE: T5 measured_data_v2 only captures Lane 3 effect box; Lanes 1,2,4,5 are unrecorded"
T5,81,2,combo_continue,0,2,2,"MISSING_MEASURED_LANE: T5 measured_data_v2 only captures Lane 3 effect box; Lanes 1,2,4,5 are unrecorded"
T5,81,2,critical_rate_up,0,6,6,"MISSING_MEASURED_LANE: T5 measured_data_v2 only captures Lane 3 effect box; Lanes 1,2,4,5 are unrecorded"
T5,81,2,score_up,0,8,8,"MISSING_MEASURED_LANE: T5 measured_data_v2 only captures Lane 3 effect box; Lanes 1,2,4,5 are unrecorded"
T5,81,2,stamina_cost_down,0,16,16,"MISSING_MEASURED_LANE: T5 measured_data_v2 only captures Lane 3 effect box; Lanes 1,2,4,5 are unrecorded"
T5,81,3,a_skill_score_up,0,20,20,DECAY_TIMING_LAG: Buff expired in measured 1-2 beats earlier than sim (in-game decay counts activation beat)
T5,81,3,combo_continue,0,2,2,FLAG_NOT_STAGED: combo_continue is a boolean flag without stages (recorded as stage: null in measured)
T5,81,3,combo_score_up,23,19,-4,"PHASE_LAG_ACTIVATION: Activated on b81 (acts=['photo-L1-3', 'photo-L4-4']); measured reflects immediately (POST), sim reflects next beat (PRE)"
T5,81,3,critical_coeff_up,25,16,-9,"PHASE_LAG_ACTIVATION: Activated on b81 (acts=['photo-L1-3', 'photo-L4-4']); measured reflects immediately (POST), sim reflects next beat (PRE)"
T5,81,3,critical_rate_up,0,11,11,DECAY_TIMING_LAG: Buff expired in measured 1-2 beats earlier than sim (in-game decay counts activation beat)
T5,81,3,focus,20,10,-10,"PHASE_LAG_ACTIVATION: Activated on b81 (acts=['photo-L1-3', 'photo-L4-4']); measured reflects immediately (POST), sim reflects next beat (PRE)"
T5,81,3,stamina_cost_down,0,20,20,"AMPLIFY_OR_OVERLAP_ON_BEAT: Activation on b81 (['photo-L1-3', 'photo-L4-4']); measured stage 0 vs sim stage 20"
T5,81,3,tension_up,0,13,13,DECAY_TIMING_LAG: Buff expired in measured 1-2 beats earlier than sim (in-game decay counts activation beat)
T5,81,3,vocal_boost,0,20,20,DECAY_TIMING_LAG: Buff expired in measured 1-2 beats earlier than sim (in-game decay counts activation beat)
T5,81,3,vocal_up,11,20,9,"AMPLIFY_OR_OVERLAP_ON_BEAT: Activation on b81 (['photo-L1-3', 'photo-L4-4']); measured stage 11 vs sim stage 20"
T5,81,3,vocal_up_extreme,0,10,10,DECAY_TIMING_LAG: Extreme buff expired in measured before sim decay
T5,81,4,combo_continue,0,2,2,"MISSING_MEASURED_LANE: T5 measured_data_v2 only captures Lane 3 effect box; Lanes 1,2,4,5 are unrecorded"
T5,81,4,stamina_cost_down,0,16,16,"MISSING_MEASURED_LANE: T5 measured_data_v2 only captures Lane 3 effect box; Lanes 1,2,4,5 are unrecorded"
T5,81,4,vocal_up,0,6,6,"MISSING_MEASURED_LANE: T5 measured_data_v2 only captures Lane 3 effect box; Lanes 1,2,4,5 are unrecorded"
T5,81,5,a_skill_score_up,0,7,7,"MISSING_MEASURED_LANE: T5 measured_data_v2 only captures Lane 3 effect box; Lanes 1,2,4,5 are unrecorded"
T5,81,5,combo_continue,0,2,2,"MISSING_MEASURED_LANE: T5 measured_data_v2 only captures Lane 3 effect box; Lanes 1,2,4,5 are unrecorded"
T5,81,5,stamina_cost_down,0,16,16,"MISSING_MEASURED_LANE: T5 measured_data_v2 only captures Lane 3 effect box; Lanes 1,2,4,5 are unrecorded"
T5,82,1,combo_continue,0,2,2,"MISSING_MEASURED_LANE: T5 measured_data_v2 only captures Lane 3 effect box; Lanes 1,2,4,5 are unrecorded"
T5,82,1,stamina_cost_down,0,16,16,"MISSING_MEASURED_LANE: T5 measured_data_v2 only captures Lane 3 effect box; Lanes 1,2,4,5 are unrecorded"
T5,82,2,a_skill_score_up,0,7,7,"MISSING_MEASURED_LANE: T5 measured_data_v2 only captures Lane 3 effect box; Lanes 1,2,4,5 are unrecorded"
T5,82,2,combo_continue,0,2,2,"MISSING_MEASURED_LANE: T5 measured_data_v2 only captures Lane 3 effect box; Lanes 1,2,4,5 are unrecorded"
T5,82,2,critical_rate_up,0,6,6,"MISSING_MEASURED_LANE: T5 measured_data_v2 only captures Lane 3 effect box; Lanes 1,2,4,5 are unrecorded"
T5,82,2,score_up,0,8,8,"MISSING_MEASURED_LANE: T5 measured_data_v2 only captures Lane 3 effect box; Lanes 1,2,4,5 are unrecorded"
T5,82,2,stamina_cost_down,0,16,16,"MISSING_MEASURED_LANE: T5 measured_data_v2 only captures Lane 3 effect box; Lanes 1,2,4,5 are unrecorded"
T5,82,3,a_skill_score_up,0,20,20,DECAY_TIMING_LAG: Buff expired in measured 1-2 beats earlier than sim (in-game decay counts activation beat)
T5,82,3,combo_continue,0,2,2,FLAG_NOT_STAGED: combo_continue is a boolean flag without stages (recorded as stage: null in measured)
T5,82,3,combo_score_up,0,19,19,DECAY_TIMING_LAG: Buff expired in measured 1-2 beats earlier than sim (in-game decay counts activation beat)
T5,82,3,critical_coeff_up,56,25,-31,BUFF_STAGE_MISMATCH: Measured 56 vs Sim 25 (diff=-31)
T5,82,3,critical_rate_up,0,11,11,DECAY_TIMING_LAG: Buff expired in measured 1-2 beats earlier than sim (in-game decay counts activation beat)
T5,82,3,focus,49,10,-39,BUFF_STAGE_MISMATCH: Measured 49 vs Sim 10 (diff=-39)
T5,82,3,score_up,0,20,20,DECAY_TIMING_LAG: Buff expired in measured 1-2 beats earlier than sim (in-game decay counts activation beat)
T5,82,3,skill_success_up,24,4,-20,BUFF_STAGE_MISMATCH: Measured 24 vs Sim 4 (diff=-20)
T5,82,3,stamina_cost_down,13,20,7,BUFF_STAGE_MISMATCH: Measured 13 vs Sim 20 (diff=7)
T5,82,3,tension_up,0,13,13,DECAY_TIMING_LAG: Buff expired in measured 1-2 beats earlier than sim (in-game decay counts activation beat)
T5,82,3,vocal_boost,0,20,20,DECAY_TIMING_LAG: Buff expired in measured 1-2 beats earlier than sim (in-game decay counts activation beat)
T5,82,3,vocal_up,41,20,-21,BUFF_STAGE_MISMATCH: Measured 41 vs Sim 20 (diff=-21)
T5,82,3,vocal_up_extreme,20,10,-10,BUFF_STAGE_MISMATCH: Measured 20 vs Sim 10 (diff=-10)
T5,82,4,combo_continue,0,2,2,"MISSING_MEASURED_LANE: T5 measured_data_v2 only captures Lane 3 effect box; Lanes 1,2,4,5 are unrecorded"
T5,82,4,stamina_cost_down,0,16,16,"MISSING_MEASURED_LANE: T5 measured_data_v2 only captures Lane 3 effect box; Lanes 1,2,4,5 are unrecorded"
T5,82,4,vocal_up,0,6,6,"MISSING_MEASURED_LANE: T5 measured_data_v2 only captures Lane 3 effect box; Lanes 1,2,4,5 are unrecorded"
T5,82,5,a_skill_score_up,0,7,7,"MISSING_MEASURED_LANE: T5 measured_data_v2 only captures Lane 3 effect box; Lanes 1,2,4,5 are unrecorded"
T5,82,5,combo_continue,0,2,2,"MISSING_MEASURED_LANE: T5 measured_data_v2 only captures Lane 3 effect box; Lanes 1,2,4,5 are unrecorded"
T5,82,5,critical_coeff_up,0,3,3,"MISSING_MEASURED_LANE: T5 measured_data_v2 only captures Lane 3 effect box; Lanes 1,2,4,5 are unrecorded"
T5,82,5,stamina_cost_down,0,16,16,"MISSING_MEASURED_LANE: T5 measured_data_v2 only captures Lane 3 effect box; Lanes 1,2,4,5 are unrecorded"
T5,83,1,combo_continue,0,2,2,"MISSING_MEASURED_LANE: T5 measured_data_v2 only captures Lane 3 effect box; Lanes 1,2,4,5 are unrecorded"
T5,83,1,stamina_cost_down,0,16,16,"MISSING_MEASURED_LANE: T5 measured_data_v2 only captures Lane 3 effect box; Lanes 1,2,4,5 are unrecorded"
T5,83,2,a_skill_score_up,0,7,7,"MISSING_MEASURED_LANE: T5 measured_data_v2 only captures Lane 3 effect box; Lanes 1,2,4,5 are unrecorded"
T5,83,2,combo_continue,0,2,2,"MISSING_MEASURED_LANE: T5 measured_data_v2 only captures Lane 3 effect box; Lanes 1,2,4,5 are unrecorded"
T5,83,2,critical_rate_up,0,6,6,"MISSING_MEASURED_LANE: T5 measured_data_v2 only captures Lane 3 effect box; Lanes 1,2,4,5 are unrecorded"
T5,83,2,stamina_cost_down,0,16,16,"MISSING_MEASURED_LANE: T5 measured_data_v2 only captures Lane 3 effect box; Lanes 1,2,4,5 are unrecorded"
T5,83,3,a_skill_score_up,0,20,20,DECAY_TIMING_LAG: Buff expired in measured 1-2 beats earlier than sim (in-game decay counts activation beat)
T5,83,3,combo_continue,0,2,2,FLAG_NOT_STAGED: combo_continue is a boolean flag without stages (recorded as stage: null in measured)
T5,83,3,combo_score_up,33,19,-14,BUFF_STAGE_MISMATCH: Measured 33 vs Sim 19 (diff=-14)
T5,83,3,critical_rate_up,0,11,11,DECAY_TIMING_LAG: Buff expired in measured 1-2 beats earlier than sim (in-game decay counts activation beat)
T5,83,3,focus,20,10,-10,BUFF_STAGE_MISMATCH: Measured 20 vs Sim 10 (diff=-10)
T5,83,3,score_up,0,20,20,DECAY_TIMING_LAG: Buff expired in measured 1-2 beats earlier than sim (in-game decay counts activation beat)
T5,83,3,stamina_cost_down,0,20,20,DECAY_TIMING_LAG: Buff expired in measured 1-2 beats earlier than sim (in-game decay counts activation beat)
T5,83,3,tension_up,0,13,13,DECAY_TIMING_LAG: Buff expired in measured 1-2 beats earlier than sim (in-game decay counts activation beat)
T5,83,3,vocal_boost,0,20,20,DECAY_TIMING_LAG: Buff expired in measured 1-2 beats earlier than sim (in-game decay counts activation beat)
T5,83,3,vocal_up,11,20,9,BUFF_STAGE_MISMATCH: Measured 11 vs Sim 20 (diff=9)
T5,83,3,vocal_up_extreme,0,10,10,DECAY_TIMING_LAG: Extreme buff expired in measured before sim decay
T5,83,4,combo_continue,0,2,2,"MISSING_MEASURED_LANE: T5 measured_data_v2 only captures Lane 3 effect box; Lanes 1,2,4,5 are unrecorded"
T5,83,4,stamina_cost_down,0,16,16,"MISSING_MEASURED_LANE: T5 measured_data_v2 only captures Lane 3 effect box; Lanes 1,2,4,5 are unrecorded"
T5,83,4,vocal_up,0,6,6,"MISSING_MEASURED_LANE: T5 measured_data_v2 only captures Lane 3 effect box; Lanes 1,2,4,5 are unrecorded"
T5,83,5,a_skill_score_up,0,7,7,"MISSING_MEASURED_LANE: T5 measured_data_v2 only captures Lane 3 effect box; Lanes 1,2,4,5 are unrecorded"
T5,83,5,combo_continue,0,2,2,"MISSING_MEASURED_LANE: T5 measured_data_v2 only captures Lane 3 effect box; Lanes 1,2,4,5 are unrecorded"
T5,83,5,critical_coeff_up,0,3,3,"MISSING_MEASURED_LANE: T5 measured_data_v2 only captures Lane 3 effect box; Lanes 1,2,4,5 are unrecorded"
T5,83,5,stamina_cost_down,0,16,16,"MISSING_MEASURED_LANE: T5 measured_data_v2 only captures Lane 3 effect box; Lanes 1,2,4,5 are unrecorded"
T5,84,1,combo_continue,0,2,2,"MISSING_MEASURED_LANE: T5 measured_data_v2 only captures Lane 3 effect box; Lanes 1,2,4,5 are unrecorded"
T5,84,1,stamina_cost_down,0,16,16,"MISSING_MEASURED_LANE: T5 measured_data_v2 only captures Lane 3 effect box; Lanes 1,2,4,5 are unrecorded"
T5,84,2,a_skill_score_up,0,7,7,"MISSING_MEASURED_LANE: T5 measured_data_v2 only captures Lane 3 effect box; Lanes 1,2,4,5 are unrecorded"
T5,84,2,combo_continue,0,2,2,"MISSING_MEASURED_LANE: T5 measured_data_v2 only captures Lane 3 effect box; Lanes 1,2,4,5 are unrecorded"
T5,84,2,critical_rate_up,0,6,6,"MISSING_MEASURED_LANE: T5 measured_data_v2 only captures Lane 3 effect box; Lanes 1,2,4,5 are unrecorded"
T5,84,2,stamina_cost_down,0,16,16,"MISSING_MEASURED_LANE: T5 measured_data_v2 only captures Lane 3 effect box; Lanes 1,2,4,5 are unrecorded"
T5,84,3,combo_continue,0,2,2,FLAG_NOT_STAGED: combo_continue is a boolean flag without stages (recorded as stage: null in measured)
T5,84,3,combo_score_up,10,19,9,BUFF_STAGE_MISMATCH: Measured 10 vs Sim 19 (diff=9)
T5,84,3,critical_coeff_up,30,25,-5,BUFF_STAGE_MISMATCH: Measured 30 vs Sim 25 (diff=-5)
T5,84,3,critical_rate_up,0,11,11,DECAY_TIMING_LAG: Buff expired in measured 1-2 beats earlier than sim (in-game decay counts activation beat)
T5,84,3,focus,30,10,-20,BUFF_STAGE_MISMATCH: Measured 30 vs Sim 10 (diff=-20)
T5,84,3,score_up,0,20,20,DECAY_TIMING_LAG: Buff expired in measured 1-2 beats earlier than sim (in-game decay counts activation beat)
T5,84,3,skill_success_up,30,4,-26,BUFF_STAGE_MISMATCH: Measured 30 vs Sim 4 (diff=-26)
T5,84,3,stamina_cost_down,17,20,3,BUFF_STAGE_MISMATCH: Measured 17 vs Sim 20 (diff=3)
T5,84,3,tension_up,11,13,2,BUFF_STAGE_MISMATCH: Measured 11 vs Sim 13 (diff=2)
T5,84,3,vocal_boost,5,20,15,BUFF_STAGE_MISMATCH: Measured 5 vs Sim 20 (diff=15)
T5,84,3,vocal_up,15,20,5,BUFF_STAGE_MISMATCH: Measured 15 vs Sim 20 (diff=5)
T5,84,3,vocal_up_extreme,45,10,-35,BUFF_STAGE_MISMATCH: Measured 45 vs Sim 10 (diff=-35)
T5,84,4,combo_continue,0,2,2,"MISSING_MEASURED_LANE: T5 measured_data_v2 only captures Lane 3 effect box; Lanes 1,2,4,5 are unrecorded"
T5,84,4,stamina_cost_down,0,16,16,"MISSING_MEASURED_LANE: T5 measured_data_v2 only captures Lane 3 effect box; Lanes 1,2,4,5 are unrecorded"
T5,84,4,vocal_up,0,6,6,"MISSING_MEASURED_LANE: T5 measured_data_v2 only captures Lane 3 effect box; Lanes 1,2,4,5 are unrecorded"
T5,84,5,a_skill_score_up,0,7,7,"MISSING_MEASURED_LANE: T5 measured_data_v2 only captures Lane 3 effect box; Lanes 1,2,4,5 are unrecorded"
T5,84,5,combo_continue,0,2,2,"MISSING_MEASURED_LANE: T5 measured_data_v2 only captures Lane 3 effect box; Lanes 1,2,4,5 are unrecorded"
T5,84,5,critical_coeff_up,0,3,3,"MISSING_MEASURED_LANE: T5 measured_data_v2 only captures Lane 3 effect box; Lanes 1,2,4,5 are unrecorded"
T5,84,5,stamina_cost_down,0,16,16,"MISSING_MEASURED_LANE: T5 measured_data_v2 only captures Lane 3 effect box; Lanes 1,2,4,5 are unrecorded"
T5,85,1,combo_continue,0,2,2,"MISSING_MEASURED_LANE: T5 measured_data_v2 only captures Lane 3 effect box; Lanes 1,2,4,5 are unrecorded"
T5,85,1,stamina_cost_down,0,16,16,"MISSING_MEASURED_LANE: T5 measured_data_v2 only captures Lane 3 effect box; Lanes 1,2,4,5 are unrecorded"
T5,85,2,a_skill_score_up,0,7,7,"MISSING_MEASURED_LANE: T5 measured_data_v2 only captures Lane 3 effect box; Lanes 1,2,4,5 are unrecorded"
T5,85,2,combo_continue,0,2,2,"MISSING_MEASURED_LANE: T5 measured_data_v2 only captures Lane 3 effect box; Lanes 1,2,4,5 are unrecorded"
T5,85,2,critical_rate_up,0,6,6,"MISSING_MEASURED_LANE: T5 measured_data_v2 only captures Lane 3 effect box; Lanes 1,2,4,5 are unrecorded"
T5,85,2,stamina_cost_down,0,16,16,"MISSING_MEASURED_LANE: T5 measured_data_v2 only captures Lane 3 effect box; Lanes 1,2,4,5 are unrecorded"
T5,85,3,a_skill_score_up,0,20,20,DECAY_TIMING_LAG: Buff expired in measured 1-2 beats earlier than sim (in-game decay counts activation beat)
T5,85,3,combo_continue,0,2,2,FLAG_NOT_STAGED: combo_continue is a boolean flag without stages (recorded as stage: null in measured)
T5,85,3,combo_score_up,0,19,19,DECAY_TIMING_LAG: Buff expired in measured 1-2 beats earlier than sim (in-game decay counts activation beat)
T5,85,3,critical_coeff_up,35,25,-10,BUFF_STAGE_MISMATCH: Measured 35 vs Sim 25 (diff=-10)
T5,85,3,critical_rate_up,0,11,11,DECAY_TIMING_LAG: Buff expired in measured 1-2 beats earlier than sim (in-game decay counts activation beat)
T5,85,3,focus,40,10,-30,BUFF_STAGE_MISMATCH: Measured 40 vs Sim 10 (diff=-30)
T5,85,3,score_up,0,20,20,DECAY_TIMING_LAG: Buff expired in measured 1-2 beats earlier than sim (in-game decay counts activation beat)
T5,85,3,skill_success_up,30,4,-26,BUFF_STAGE_MISMATCH: Measured 30 vs Sim 4 (diff=-26)
T5,85,3,stamina_cost_down,17,20,3,BUFF_STAGE_MISMATCH: Measured 17 vs Sim 20 (diff=3)
T5,85,3,tension_up,0,13,13,DECAY_TIMING_LAG: Buff expired in measured 1-2 beats earlier than sim (in-game decay counts activation beat)
T5,85,3,vocal_boost,0,20,20,DECAY_TIMING_LAG: Buff expired in measured 1-2 beats earlier than sim (in-game decay counts activation beat)
T5,85,3,vocal_up,35,20,-15,BUFF_STAGE_MISMATCH: Measured 35 vs Sim 20 (diff=-15)
T5,85,3,vocal_up_extreme,56,10,-46,BUFF_STAGE_MISMATCH: Measured 56 vs Sim 10 (diff=-46)
T5,85,4,combo_continue,0,2,2,"MISSING_MEASURED_LANE: T5 measured_data_v2 only captures Lane 3 effect box; Lanes 1,2,4,5 are unrecorded"
T5,85,4,stamina_cost_down,0,16,16,"MISSING_MEASURED_LANE: T5 measured_data_v2 only captures Lane 3 effect box; Lanes 1,2,4,5 are unrecorded"
T5,85,4,vocal_up,0,6,6,"MISSING_MEASURED_LANE: T5 measured_data_v2 only captures Lane 3 effect box; Lanes 1,2,4,5 are unrecorded"
T5,85,5,a_skill_score_up,0,7,7,"MISSING_MEASURED_LANE: T5 measured_data_v2 only captures Lane 3 effect box; Lanes 1,2,4,5 are unrecorded"
T5,85,5,combo_continue,0,2,2,"MISSING_MEASURED_LANE: T5 measured_data_v2 only captures Lane 3 effect box; Lanes 1,2,4,5 are unrecorded"
T5,85,5,critical_coeff_up,0,3,3,"MISSING_MEASURED_LANE: T5 measured_data_v2 only captures Lane 3 effect box; Lanes 1,2,4,5 are unrecorded"
T5,85,5,stamina_cost_down,0,16,16,"MISSING_MEASURED_LANE: T5 measured_data_v2 only captures Lane 3 effect box; Lanes 1,2,4,5 are unrecorded"
T5,86,1,combo_continue,0,2,2,"MISSING_MEASURED_LANE: T5 measured_data_v2 only captures Lane 3 effect box; Lanes 1,2,4,5 are unrecorded"
T5,86,1,stamina_cost_down,0,16,16,"MISSING_MEASURED_LANE: T5 measured_data_v2 only captures Lane 3 effect box; Lanes 1,2,4,5 are unrecorded"
T5,86,2,a_skill_score_up,0,7,7,"MISSING_MEASURED_LANE: T5 measured_data_v2 only captures Lane 3 effect box; Lanes 1,2,4,5 are unrecorded"
T5,86,2,combo_continue,0,2,2,"MISSING_MEASURED_LANE: T5 measured_data_v2 only captures Lane 3 effect box; Lanes 1,2,4,5 are unrecorded"
T5,86,2,critical_rate_up,0,6,6,"MISSING_MEASURED_LANE: T5 measured_data_v2 only captures Lane 3 effect box; Lanes 1,2,4,5 are unrecorded"
T5,86,2,stamina_cost_down,0,16,16,"MISSING_MEASURED_LANE: T5 measured_data_v2 only captures Lane 3 effect box; Lanes 1,2,4,5 are unrecorded"
T5,86,3,a_skill_score_up,0,20,20,DECAY_TIMING_LAG: Buff expired in measured 1-2 beats earlier than sim (in-game decay counts activation beat)
T5,86,3,combo_continue,0,2,2,FLAG_NOT_STAGED: combo_continue is a boolean flag without stages (recorded as stage: null in measured)
T5,86,3,combo_score_up,13,19,6,AMPLIFY_OR_OVERLAP_ON_BEAT: Activation on b86 (['sk-ski-05-onep-00-2']); measured stage 13 vs sim stage 19
T5,86,3,critical_coeff_up,15,25,10,AMPLIFY_OR_OVERLAP_ON_BEAT: Activation on b86 (['sk-ski-05-onep-00-2']); measured stage 15 vs sim stage 25
T5,86,3,critical_rate_up,0,11,11,DECAY_TIMING_LAG: Buff expired in measured 1-2 beats earlier than sim (in-game decay counts activation beat)
T5,86,3,focus,30,10,-20,"PHASE_LAG_ACTIVATION: Activated on b86 (acts=['sk-ski-05-onep-00-2']); measured reflects immediately (POST), sim reflects next beat (PRE)"
T5,86,3,score_up,0,20,20,DECAY_TIMING_LAG: Buff expired in measured 1-2 beats earlier than sim (in-game decay counts activation beat)
T5,86,3,skill_success_up,10,4,-6,"PHASE_LAG_ACTIVATION: Activated on b86 (acts=['sk-ski-05-onep-00-2']); measured reflects immediately (POST), sim reflects next beat (PRE)"
T5,86,3,stamina_cost_down,4,20,16,AMPLIFY_OR_OVERLAP_ON_BEAT: Activation on b86 (['sk-ski-05-onep-00-2']); measured stage 4 vs sim stage 20
T5,86,3,tension_up,0,13,13,DECAY_TIMING_LAG: Buff expired in measured 1-2 beats earlier than sim (in-game decay counts activation beat)
T5,86,3,vocal_boost,0,20,20,DECAY_TIMING_LAG: Buff expired in measured 1-2 beats earlier than sim (in-game decay counts activation beat)
T5,86,3,vocal_up,25,20,-5,"PHASE_LAG_ACTIVATION: Activated on b86 (acts=['sk-ski-05-onep-00-2']); measured reflects immediately (POST), sim reflects next beat (PRE)"
T5,86,3,vocal_up_extreme,45,5,-40,"PHASE_LAG_ACTIVATION: Activated on b86 (acts=['sk-ski-05-onep-00-2']); measured reflects immediately (POST), sim reflects next beat (PRE)"
T5,86,4,combo_continue,0,2,2,"MISSING_MEASURED_LANE: T5 measured_data_v2 only captures Lane 3 effect box; Lanes 1,2,4,5 are unrecorded"
T5,86,4,stamina_cost_down,0,16,16,"MISSING_MEASURED_LANE: T5 measured_data_v2 only captures Lane 3 effect box; Lanes 1,2,4,5 are unrecorded"
T5,86,4,vocal_up,0,6,6,"MISSING_MEASURED_LANE: T5 measured_data_v2 only captures Lane 3 effect box; Lanes 1,2,4,5 are unrecorded"
T5,86,5,a_skill_score_up,0,7,7,"MISSING_MEASURED_LANE: T5 measured_data_v2 only captures Lane 3 effect box; Lanes 1,2,4,5 are unrecorded"
T5,86,5,combo_continue,0,2,2,"MISSING_MEASURED_LANE: T5 measured_data_v2 only captures Lane 3 effect box; Lanes 1,2,4,5 are unrecorded"
T5,86,5,critical_coeff_up,0,3,3,"MISSING_MEASURED_LANE: T5 measured_data_v2 only captures Lane 3 effect box; Lanes 1,2,4,5 are unrecorded"
T5,86,5,stamina_cost_down,0,16,16,"MISSING_MEASURED_LANE: T5 measured_data_v2 only captures Lane 3 effect box; Lanes 1,2,4,5 are unrecorded"
T5,87,1,combo_continue,0,2,2,"MISSING_MEASURED_LANE: T5 measured_data_v2 only captures Lane 3 effect box; Lanes 1,2,4,5 are unrecorded"
T5,87,1,stamina_cost_down,0,16,16,"MISSING_MEASURED_LANE: T5 measured_data_v2 only captures Lane 3 effect box; Lanes 1,2,4,5 are unrecorded"
T5,87,2,a_skill_score_up,0,7,7,"MISSING_MEASURED_LANE: T5 measured_data_v2 only captures Lane 3 effect box; Lanes 1,2,4,5 are unrecorded"
T5,87,2,combo_continue,0,2,2,"MISSING_MEASURED_LANE: T5 measured_data_v2 only captures Lane 3 effect box; Lanes 1,2,4,5 are unrecorded"
T5,87,2,critical_rate_up,0,6,6,"MISSING_MEASURED_LANE: T5 measured_data_v2 only captures Lane 3 effect box; Lanes 1,2,4,5 are unrecorded"
T5,87,2,stamina_cost_down,0,16,16,"MISSING_MEASURED_LANE: T5 measured_data_v2 only captures Lane 3 effect box; Lanes 1,2,4,5 are unrecorded"
T5,87,3,a_skill_score_up,0,20,20,DECAY_TIMING_LAG: Buff expired in measured 1-2 beats earlier than sim (in-game decay counts activation beat)
T5,87,3,combo_continue,0,2,2,FLAG_NOT_STAGED: combo_continue is a boolean flag without stages (recorded as stage: null in measured)
T5,87,3,combo_score_up,0,19,19,DECAY_TIMING_LAG: Buff expired in measured 1-2 beats earlier than sim (in-game decay counts activation beat)
T5,87,3,critical_coeff_up,30,25,-5,BUFF_STAGE_MISMATCH: Measured 30 vs Sim 25 (diff=-5)
T5,87,3,critical_rate_up,5,20,15,BUFF_STAGE_MISMATCH: Measured 5 vs Sim 20 (diff=15)
T5,87,3,focus,49,10,-39,BUFF_STAGE_MISMATCH: Measured 49 vs Sim 10 (diff=-39)
T5,87,3,score_up,0,20,20,DECAY_TIMING_LAG: Buff expired in measured 1-2 beats earlier than sim (in-game decay counts activation beat)
T5,87,3,skill_success_up,30,4,-26,BUFF_STAGE_MISMATCH: Measured 30 vs Sim 4 (diff=-26)
T5,87,3,stamina_cost_down,17,20,3,BUFF_STAGE_MISMATCH: Measured 17 vs Sim 20 (diff=3)
T5,87,3,tension_up,0,13,13,DECAY_TIMING_LAG: Buff expired in measured 1-2 beats earlier than sim (in-game decay counts activation beat)
T5,87,3,vocal_up,35,20,-15,BUFF_STAGE_MISMATCH: Measured 35 vs Sim 20 (diff=-15)
T5,87,3,vocal_up_extreme,45,5,-40,BUFF_STAGE_MISMATCH: Measured 45 vs Sim 5 (diff=-40)
T5,87,4,combo_continue,0,2,2,"MISSING_MEASURED_LANE: T5 measured_data_v2 only captures Lane 3 effect box; Lanes 1,2,4,5 are unrecorded"
T5,87,4,stamina_cost_down,0,16,16,"MISSING_MEASURED_LANE: T5 measured_data_v2 only captures Lane 3 effect box; Lanes 1,2,4,5 are unrecorded"
T5,87,4,vocal_up,0,6,6,"MISSING_MEASURED_LANE: T5 measured_data_v2 only captures Lane 3 effect box; Lanes 1,2,4,5 are unrecorded"
T5,87,5,a_skill_score_up,0,7,7,"MISSING_MEASURED_LANE: T5 measured_data_v2 only captures Lane 3 effect box; Lanes 1,2,4,5 are unrecorded"
T5,87,5,combo_continue,0,2,2,"MISSING_MEASURED_LANE: T5 measured_data_v2 only captures Lane 3 effect box; Lanes 1,2,4,5 are unrecorded"
T5,87,5,critical_coeff_up,0,3,3,"MISSING_MEASURED_LANE: T5 measured_data_v2 only captures Lane 3 effect box; Lanes 1,2,4,5 are unrecorded"
T5,87,5,stamina_cost_down,0,16,16,"MISSING_MEASURED_LANE: T5 measured_data_v2 only captures Lane 3 effect box; Lanes 1,2,4,5 are unrecorded"
T5,88,1,combo_continue,0,2,2,"MISSING_MEASURED_LANE: T5 measured_data_v2 only captures Lane 3 effect box; Lanes 1,2,4,5 are unrecorded"
T5,88,1,stamina_cost_down,0,16,16,"MISSING_MEASURED_LANE: T5 measured_data_v2 only captures Lane 3 effect box; Lanes 1,2,4,5 are unrecorded"
T5,88,2,a_skill_score_up,0,7,7,"MISSING_MEASURED_LANE: T5 measured_data_v2 only captures Lane 3 effect box; Lanes 1,2,4,5 are unrecorded"
T5,88,2,combo_continue,0,2,2,"MISSING_MEASURED_LANE: T5 measured_data_v2 only captures Lane 3 effect box; Lanes 1,2,4,5 are unrecorded"
T5,88,2,critical_rate_up,0,6,6,"MISSING_MEASURED_LANE: T5 measured_data_v2 only captures Lane 3 effect box; Lanes 1,2,4,5 are unrecorded"
T5,88,2,stamina_cost_down,0,16,16,"MISSING_MEASURED_LANE: T5 measured_data_v2 only captures Lane 3 effect box; Lanes 1,2,4,5 are unrecorded"
T5,88,3,a_skill_score_up,0,20,20,DECAY_TIMING_LAG: Buff expired in measured 1-2 beats earlier than sim (in-game decay counts activation beat)
T5,88,3,combo_continue,0,2,2,FLAG_NOT_STAGED: combo_continue is a boolean flag without stages (recorded as stage: null in measured)
T5,88,3,combo_score_up,0,19,19,DECAY_TIMING_LAG: Buff expired in measured 1-2 beats earlier than sim (in-game decay counts activation beat)
T5,88,3,critical_coeff_up,30,25,-5,BUFF_STAGE_MISMATCH: Measured 30 vs Sim 25 (diff=-5)
T5,88,3,critical_rate_up,0,20,20,DECAY_TIMING_LAG: Buff expired in measured 1-2 beats earlier than sim (in-game decay counts activation beat)
T5,88,3,focus,20,10,-10,BUFF_STAGE_MISMATCH: Measured 20 vs Sim 10 (diff=-10)
T5,88,3,score_up,0,20,20,DECAY_TIMING_LAG: Buff expired in measured 1-2 beats earlier than sim (in-game decay counts activation beat)
T5,88,3,skill_success_up,30,4,-26,BUFF_STAGE_MISMATCH: Measured 30 vs Sim 4 (diff=-26)
T5,88,3,stamina_cost_down,47,20,-27,BUFF_STAGE_MISMATCH: Measured 47 vs Sim 20 (diff=-27)
T5,88,3,tension_up,0,13,13,DECAY_TIMING_LAG: Buff expired in measured 1-2 beats earlier than sim (in-game decay counts activation beat)
T5,88,3,vocal_boost,0,20,20,DECAY_TIMING_LAG: Buff expired in measured 1-2 beats earlier than sim (in-game decay counts activation beat)
T5,88,3,vocal_up,15,20,5,BUFF_STAGE_MISMATCH: Measured 15 vs Sim 20 (diff=5)
T5,88,3,vocal_up_extreme,44,5,-39,BUFF_STAGE_MISMATCH: Measured 44 vs Sim 5 (diff=-39)
T5,88,4,combo_continue,0,2,2,"MISSING_MEASURED_LANE: T5 measured_data_v2 only captures Lane 3 effect box; Lanes 1,2,4,5 are unrecorded"
T5,88,4,stamina_cost_down,0,16,16,"MISSING_MEASURED_LANE: T5 measured_data_v2 only captures Lane 3 effect box; Lanes 1,2,4,5 are unrecorded"
T5,88,4,vocal_up,0,6,6,"MISSING_MEASURED_LANE: T5 measured_data_v2 only captures Lane 3 effect box; Lanes 1,2,4,5 are unrecorded"
T5,88,5,a_skill_score_up,0,7,7,"MISSING_MEASURED_LANE: T5 measured_data_v2 only captures Lane 3 effect box; Lanes 1,2,4,5 are unrecorded"
T5,88,5,combo_continue,0,2,2,"MISSING_MEASURED_LANE: T5 measured_data_v2 only captures Lane 3 effect box; Lanes 1,2,4,5 are unrecorded"
T5,88,5,critical_coeff_up,0,3,3,"MISSING_MEASURED_LANE: T5 measured_data_v2 only captures Lane 3 effect box; Lanes 1,2,4,5 are unrecorded"
T5,88,5,stamina_cost_down,0,16,16,"MISSING_MEASURED_LANE: T5 measured_data_v2 only captures Lane 3 effect box; Lanes 1,2,4,5 are unrecorded"
T5,89,1,combo_continue,0,2,2,"MISSING_MEASURED_LANE: T5 measured_data_v2 only captures Lane 3 effect box; Lanes 1,2,4,5 are unrecorded"
T5,89,1,stamina_cost_down,0,16,16,"MISSING_MEASURED_LANE: T5 measured_data_v2 only captures Lane 3 effect box; Lanes 1,2,4,5 are unrecorded"
T5,89,2,a_skill_score_up,0,7,7,"MISSING_MEASURED_LANE: T5 measured_data_v2 only captures Lane 3 effect box; Lanes 1,2,4,5 are unrecorded"
T5,89,2,combo_continue,0,2,2,"MISSING_MEASURED_LANE: T5 measured_data_v2 only captures Lane 3 effect box; Lanes 1,2,4,5 are unrecorded"
T5,89,2,critical_rate_up,0,6,6,"MISSING_MEASURED_LANE: T5 measured_data_v2 only captures Lane 3 effect box; Lanes 1,2,4,5 are unrecorded"
T5,89,2,stamina_cost_down,0,16,16,"MISSING_MEASURED_LANE: T5 measured_data_v2 only captures Lane 3 effect box; Lanes 1,2,4,5 are unrecorded"
T5,89,3,a_skill_score_up,0,20,20,DECAY_TIMING_LAG: Buff expired in measured 1-2 beats earlier than sim (in-game decay counts activation beat)
T5,89,3,combo_continue,0,2,2,FLAG_NOT_STAGED: combo_continue is a boolean flag without stages (recorded as stage: null in measured)
T5,89,3,combo_score_up,13,19,6,BUFF_STAGE_MISMATCH: Measured 13 vs Sim 19 (diff=6)
T5,89,3,critical_coeff_up,10,25,15,BUFF_STAGE_MISMATCH: Measured 10 vs Sim 25 (diff=15)
T5,89,3,critical_rate_up,0,20,20,DECAY_TIMING_LAG: Buff expired in measured 1-2 beats earlier than sim (in-game decay counts activation beat)
T5,89,3,focus,20,10,-10,BUFF_STAGE_MISMATCH: Measured 20 vs Sim 10 (diff=-10)
T5,89,3,score_up,0,20,20,DECAY_TIMING_LAG: Buff expired in measured 1-2 beats earlier than sim (in-game decay counts activation beat)
T5,89,3,skill_success_up,30,4,-26,BUFF_STAGE_MISMATCH: Measured 30 vs Sim 4 (diff=-26)
T5,89,3,stamina_cost_down,14,20,6,BUFF_STAGE_MISMATCH: Measured 14 vs Sim 20 (diff=6)
T5,89,3,tension_up,0,13,13,DECAY_TIMING_LAG: Buff expired in measured 1-2 beats earlier than sim (in-game decay counts activation beat)
T5,89,3,vocal_boost,0,20,20,DECAY_TIMING_LAG: Buff expired in measured 1-2 beats earlier than sim (in-game decay counts activation beat)
T5,89,3,vocal_up,5,20,15,BUFF_STAGE_MISMATCH: Measured 5 vs Sim 20 (diff=15)
T5,89,3,vocal_up_extreme,25,5,-20,BUFF_STAGE_MISMATCH: Measured 25 vs Sim 5 (diff=-20)
T5,89,4,combo_continue,0,2,2,"MISSING_MEASURED_LANE: T5 measured_data_v2 only captures Lane 3 effect box; Lanes 1,2,4,5 are unrecorded"
T5,89,4,stamina_cost_down,0,16,16,"MISSING_MEASURED_LANE: T5 measured_data_v2 only captures Lane 3 effect box; Lanes 1,2,4,5 are unrecorded"
T5,89,4,vocal_up,0,6,6,"MISSING_MEASURED_LANE: T5 measured_data_v2 only captures Lane 3 effect box; Lanes 1,2,4,5 are unrecorded"
T5,89,5,a_skill_score_up,0,7,7,"MISSING_MEASURED_LANE: T5 measured_data_v2 only captures Lane 3 effect box; Lanes 1,2,4,5 are unrecorded"
T5,89,5,combo_continue,0,2,2,"MISSING_MEASURED_LANE: T5 measured_data_v2 only captures Lane 3 effect box; Lanes 1,2,4,5 are unrecorded"
T5,89,5,critical_coeff_up,0,3,3,"MISSING_MEASURED_LANE: T5 measured_data_v2 only captures Lane 3 effect box; Lanes 1,2,4,5 are unrecorded"
T5,89,5,stamina_cost_down,0,16,16,"MISSING_MEASURED_LANE: T5 measured_data_v2 only captures Lane 3 effect box; Lanes 1,2,4,5 are unrecorded"
T5,90,1,combo_continue,0,2,2,"MISSING_MEASURED_LANE: T5 measured_data_v2 only captures Lane 3 effect box; Lanes 1,2,4,5 are unrecorded"
T5,90,1,stamina_cost_down,0,16,16,"MISSING_MEASURED_LANE: T5 measured_data_v2 only captures Lane 3 effect box; Lanes 1,2,4,5 are unrecorded"
T5,90,2,combo_continue,0,2,2,"MISSING_MEASURED_LANE: T5 measured_data_v2 only captures Lane 3 effect box; Lanes 1,2,4,5 are unrecorded"
T5,90,2,critical_rate_up,0,6,6,"MISSING_MEASURED_LANE: T5 measured_data_v2 only captures Lane 3 effect box; Lanes 1,2,4,5 are unrecorded"
T5,90,2,stamina_cost_down,0,16,16,"MISSING_MEASURED_LANE: T5 measured_data_v2 only captures Lane 3 effect box; Lanes 1,2,4,5 are unrecorded"
T5,90,3,a_skill_score_up,0,20,20,DECAY_TIMING_LAG: Buff expired in measured 1-2 beats earlier than sim (in-game decay counts activation beat)
T5,90,3,combo_continue,0,2,2,FLAG_NOT_STAGED: combo_continue is a boolean flag without stages (recorded as stage: null in measured)
T5,90,3,combo_score_up,0,19,19,DECAY_TIMING_LAG: Buff expired in measured 1-2 beats earlier than sim (in-game decay counts activation beat)
T5,90,3,critical_coeff_up,30,25,-5,BUFF_STAGE_MISMATCH: Measured 30 vs Sim 25 (diff=-5)
T5,90,3,critical_rate_up,5,20,15,BUFF_STAGE_MISMATCH: Measured 5 vs Sim 20 (diff=15)
T5,90,3,focus,49,10,-39,BUFF_STAGE_MISMATCH: Measured 49 vs Sim 10 (diff=-39)
T5,90,3,score_up,0,20,20,DECAY_TIMING_LAG: Buff expired in measured 1-2 beats earlier than sim (in-game decay counts activation beat)
T5,90,3,skill_success_up,30,4,-26,BUFF_STAGE_MISMATCH: Measured 30 vs Sim 4 (diff=-26)
T5,90,3,stamina_cost_down,37,20,-17,BUFF_STAGE_MISMATCH: Measured 37 vs Sim 20 (diff=-17)
T5,90,3,tension_up,0,13,13,DECAY_TIMING_LAG: Buff expired in measured 1-2 beats earlier than sim (in-game decay counts activation beat)
T5,90,3,vocal_boost,0,20,20,DECAY_TIMING_LAG: Buff expired in measured 1-2 beats earlier than sim (in-game decay counts activation beat)
T5,90,3,vocal_up,35,20,-15,BUFF_STAGE_MISMATCH: Measured 35 vs Sim 20 (diff=-15)
T5,90,3,vocal_up_extreme,45,5,-40,BUFF_STAGE_MISMATCH: Measured 45 vs Sim 5 (diff=-40)
T5,90,4,combo_continue,0,2,2,"MISSING_MEASURED_LANE: T5 measured_data_v2 only captures Lane 3 effect box; Lanes 1,2,4,5 are unrecorded"
T5,90,4,stamina_cost_down,0,16,16,"MISSING_MEASURED_LANE: T5 measured_data_v2 only captures Lane 3 effect box; Lanes 1,2,4,5 are unrecorded"
T5,90,4,vocal_up,0,6,6,"MISSING_MEASURED_LANE: T5 measured_data_v2 only captures Lane 3 effect box; Lanes 1,2,4,5 are unrecorded"
T5,90,5,combo_continue,0,2,2,"MISSING_MEASURED_LANE: T5 measured_data_v2 only captures Lane 3 effect box; Lanes 1,2,4,5 are unrecorded"
T5,90,5,critical_coeff_up,0,3,3,"MISSING_MEASURED_LANE: T5 measured_data_v2 only captures Lane 3 effect box; Lanes 1,2,4,5 are unrecorded"
T5,90,5,stamina_cost_down,0,16,16,"MISSING_MEASURED_LANE: T5 measured_data_v2 only captures Lane 3 effect box; Lanes 1,2,4,5 are unrecorded"
T5,91,1,combo_continue,0,2,2,"MISSING_MEASURED_LANE: T5 measured_data_v2 only captures Lane 3 effect box; Lanes 1,2,4,5 are unrecorded"
T5,91,1,stamina_cost_down,0,16,16,"MISSING_MEASURED_LANE: T5 measured_data_v2 only captures Lane 3 effect box; Lanes 1,2,4,5 are unrecorded"
T5,91,2,combo_continue,0,2,2,"MISSING_MEASURED_LANE: T5 measured_data_v2 only captures Lane 3 effect box; Lanes 1,2,4,5 are unrecorded"
T5,91,2,stamina_cost_down,0,16,16,"MISSING_MEASURED_LANE: T5 measured_data_v2 only captures Lane 3 effect box; Lanes 1,2,4,5 are unrecorded"
T5,91,3,combo_continue,0,2,2,FLAG_NOT_STAGED: combo_continue is a boolean flag without stages (recorded as stage: null in measured)
T5,91,3,critical_coeff_up,30,25,-5,BUFF_STAGE_MISMATCH: Measured 30 vs Sim 25 (diff=-5)
T5,91,3,critical_rate_up,5,20,15,BUFF_STAGE_MISMATCH: Measured 5 vs Sim 20 (diff=15)
T5,91,3,focus,30,10,-20,BUFF_STAGE_MISMATCH: Measured 30 vs Sim 10 (diff=-20)
T5,91,3,skill_success_up,10,4,-6,BUFF_STAGE_MISMATCH: Measured 10 vs Sim 4 (diff=-6)
T5,91,3,stamina_cost_down,24,20,-4,BUFF_STAGE_MISMATCH: Measured 24 vs Sim 20 (diff=-4)
T5,91,3,vocal_up,25,20,-5,BUFF_STAGE_MISMATCH: Measured 25 vs Sim 20 (diff=-5)
T5,91,3,vocal_up_extreme,25,5,-20,BUFF_STAGE_MISMATCH: Measured 25 vs Sim 5 (diff=-20)
T5,91,4,combo_continue,0,2,2,"MISSING_MEASURED_LANE: T5 measured_data_v2 only captures Lane 3 effect box; Lanes 1,2,4,5 are unrecorded"
T5,91,4,stamina_cost_down,0,16,16,"MISSING_MEASURED_LANE: T5 measured_data_v2 only captures Lane 3 effect box; Lanes 1,2,4,5 are unrecorded"
T5,91,4,vocal_up,0,6,6,"MISSING_MEASURED_LANE: T5 measured_data_v2 only captures Lane 3 effect box; Lanes 1,2,4,5 are unrecorded"
T5,91,5,combo_continue,0,2,2,"MISSING_MEASURED_LANE: T5 measured_data_v2 only captures Lane 3 effect box; Lanes 1,2,4,5 are unrecorded"
T5,91,5,critical_coeff_up,0,3,3,"MISSING_MEASURED_LANE: T5 measured_data_v2 only captures Lane 3 effect box; Lanes 1,2,4,5 are unrecorded"
T5,91,5,stamina_cost_down,0,16,16,"MISSING_MEASURED_LANE: T5 measured_data_v2 only captures Lane 3 effect box; Lanes 1,2,4,5 are unrecorded"
T5,92,1,combo_continue,0,2,2,"MISSING_MEASURED_LANE: T5 measured_data_v2 only captures Lane 3 effect box; Lanes 1,2,4,5 are unrecorded"
T5,92,1,stamina_cost_down,0,16,16,"MISSING_MEASURED_LANE: T5 measured_data_v2 only captures Lane 3 effect box; Lanes 1,2,4,5 are unrecorded"
T5,92,2,combo_continue,0,2,2,"MISSING_MEASURED_LANE: T5 measured_data_v2 only captures Lane 3 effect box; Lanes 1,2,4,5 are unrecorded"
T5,92,2,stamina_cost_down,0,16,16,"MISSING_MEASURED_LANE: T5 measured_data_v2 only captures Lane 3 effect box; Lanes 1,2,4,5 are unrecorded"
T5,92,3,combo_continue,0,2,2,FLAG_NOT_STAGED: combo_continue is a boolean flag without stages (recorded as stage: null in measured)
T5,92,3,combo_score_up,10,19,9,BUFF_STAGE_MISMATCH: Measured 10 vs Sim 19 (diff=9)
T5,92,3,critical_coeff_up,30,25,-5,BUFF_STAGE_MISMATCH: Measured 30 vs Sim 25 (diff=-5)
T5,92,3,critical_rate_up,0,20,20,DECAY_TIMING_LAG: Buff expired in measured 1-2 beats earlier than sim (in-game decay counts activation beat)
T5,92,3,focus,39,10,-29,BUFF_STAGE_MISMATCH: Measured 39 vs Sim 10 (diff=-29)
T5,92,3,score_up,0,20,20,DECAY_TIMING_LAG: Buff expired in measured 1-2 beats earlier than sim (in-game decay counts activation beat)
T5,92,3,skill_success_up,30,4,-26,BUFF_STAGE_MISMATCH: Measured 30 vs Sim 4 (diff=-26)
T5,92,3,stamina_cost_down,17,20,3,BUFF_STAGE_MISMATCH: Measured 17 vs Sim 20 (diff=3)
T5,92,3,tension_up,20,13,-7,BUFF_STAGE_MISMATCH: Measured 20 vs Sim 13 (diff=-7)
T5,92,3,vocal_boost,0,20,20,DECAY_TIMING_LAG: Buff expired in measured 1-2 beats earlier than sim (in-game decay counts activation beat)
T5,92,3,vocal_up,15,20,5,BUFF_STAGE_MISMATCH: Measured 15 vs Sim 20 (diff=5)
T5,92,3,vocal_up_extreme,25,5,-20,BUFF_STAGE_MISMATCH: Measured 25 vs Sim 5 (diff=-20)
T5,92,4,combo_continue,0,2,2,"MISSING_MEASURED_LANE: T5 measured_data_v2 only captures Lane 3 effect box; Lanes 1,2,4,5 are unrecorded"
T5,92,4,stamina_cost_down,0,16,16,"MISSING_MEASURED_LANE: T5 measured_data_v2 only captures Lane 3 effect box; Lanes 1,2,4,5 are unrecorded"
T5,92,4,vocal_up,0,6,6,"MISSING_MEASURED_LANE: T5 measured_data_v2 only captures Lane 3 effect box; Lanes 1,2,4,5 are unrecorded"
T5,92,5,combo_continue,0,2,2,"MISSING_MEASURED_LANE: T5 measured_data_v2 only captures Lane 3 effect box; Lanes 1,2,4,5 are unrecorded"
T5,92,5,critical_coeff_up,0,3,3,"MISSING_MEASURED_LANE: T5 measured_data_v2 only captures Lane 3 effect box; Lanes 1,2,4,5 are unrecorded"
T5,92,5,stamina_cost_down,0,16,16,"MISSING_MEASURED_LANE: T5 measured_data_v2 only captures Lane 3 effect box; Lanes 1,2,4,5 are unrecorded"
T5,93,1,combo_continue,0,2,2,"MISSING_MEASURED_LANE: T5 measured_data_v2 only captures Lane 3 effect box; Lanes 1,2,4,5 are unrecorded"
T5,93,1,stamina_cost_down,0,16,16,"MISSING_MEASURED_LANE: T5 measured_data_v2 only captures Lane 3 effect box; Lanes 1,2,4,5 are unrecorded"
T5,93,2,combo_continue,0,2,2,"MISSING_MEASURED_LANE: T5 measured_data_v2 only captures Lane 3 effect box; Lanes 1,2,4,5 are unrecorded"
T5,93,2,stamina_cost_down,0,16,16,"MISSING_MEASURED_LANE: T5 measured_data_v2 only captures Lane 3 effect box; Lanes 1,2,4,5 are unrecorded"
T5,93,3,a_skill_score_up,0,20,20,DECAY_TIMING_LAG: Buff expired in measured 1-2 beats earlier than sim (in-game decay counts activation beat)
T5,93,3,combo_continue,0,2,2,FLAG_NOT_STAGED: combo_continue is a boolean flag without stages (recorded as stage: null in measured)
T5,93,3,combo_score_up,13,19,6,AMPLIFY_OR_OVERLAP_ON_BEAT: Activation on b93 (['photo-L2-4']); measured stage 13 vs sim stage 19
T5,93,3,critical_coeff_up,10,25,15,AMPLIFY_OR_OVERLAP_ON_BEAT: Activation on b93 (['photo-L2-4']); measured stage 10 vs sim stage 25
T5,93,3,critical_rate_up,0,20,20,DECAY_TIMING_LAG: Buff expired in measured 1-2 beats earlier than sim (in-game decay counts activation beat)
T5,93,3,focus,20,10,-10,"PHASE_LAG_ACTIVATION: Activated on b93 (acts=['photo-L2-4']); measured reflects immediately (POST), sim reflects next beat (PRE)"
T5,93,3,score_up,0,20,20,DECAY_TIMING_LAG: Buff expired in measured 1-2 beats earlier than sim (in-game decay counts activation beat)
T5,93,3,skill_success_up,10,4,-6,"PHASE_LAG_ACTIVATION: Activated on b93 (acts=['photo-L2-4']); measured reflects immediately (POST), sim reflects next beat (PRE)"
T5,93,3,stamina_cost_down,14,20,6,AMPLIFY_OR_OVERLAP_ON_BEAT: Activation on b93 (['photo-L2-4']); measured stage 14 vs sim stage 20
T5,93,3,tension_up,0,13,13,DECAY_TIMING_LAG: Buff expired in measured 1-2 beats earlier than sim (in-game decay counts activation beat)
T5,93,3,vocal_boost,0,20,20,DECAY_TIMING_LAG: Buff expired in measured 1-2 beats earlier than sim (in-game decay counts activation beat)
T5,93,3,vocal_up,5,20,15,AMPLIFY_OR_OVERLAP_ON_BEAT: Activation on b93 (['photo-L2-4']); measured stage 5 vs sim stage 20
T5,93,3,vocal_up_extreme,25,5,-20,"PHASE_LAG_ACTIVATION: Activated on b93 (acts=['photo-L2-4']); measured reflects immediately (POST), sim reflects next beat (PRE)"
T5,93,4,combo_continue,0,2,2,"MISSING_MEASURED_LANE: T5 measured_data_v2 only captures Lane 3 effect box; Lanes 1,2,4,5 are unrecorded"
T5,93,4,stamina_cost_down,0,16,16,"MISSING_MEASURED_LANE: T5 measured_data_v2 only captures Lane 3 effect box; Lanes 1,2,4,5 are unrecorded"
T5,93,4,vocal_up,0,6,6,"MISSING_MEASURED_LANE: T5 measured_data_v2 only captures Lane 3 effect box; Lanes 1,2,4,5 are unrecorded"
T5,93,5,combo_continue,0,2,2,"MISSING_MEASURED_LANE: T5 measured_data_v2 only captures Lane 3 effect box; Lanes 1,2,4,5 are unrecorded"
T5,93,5,critical_coeff_up,0,3,3,"MISSING_MEASURED_LANE: T5 measured_data_v2 only captures Lane 3 effect box; Lanes 1,2,4,5 are unrecorded"
T5,93,5,stamina_cost_down,0,16,16,"MISSING_MEASURED_LANE: T5 measured_data_v2 only captures Lane 3 effect box; Lanes 1,2,4,5 are unrecorded"
T5,94,1,combo_continue,0,2,2,"MISSING_MEASURED_LANE: T5 measured_data_v2 only captures Lane 3 effect box; Lanes 1,2,4,5 are unrecorded"
T5,94,1,stamina_cost_down,0,16,16,"MISSING_MEASURED_LANE: T5 measured_data_v2 only captures Lane 3 effect box; Lanes 1,2,4,5 are unrecorded"
T5,94,2,combo_continue,0,2,2,"MISSING_MEASURED_LANE: T5 measured_data_v2 only captures Lane 3 effect box; Lanes 1,2,4,5 are unrecorded"
T5,94,2,stamina_cost_down,0,16,16,"MISSING_MEASURED_LANE: T5 measured_data_v2 only captures Lane 3 effect box; Lanes 1,2,4,5 are unrecorded"
T5,94,3,a_skill_score_up,0,20,20,DECAY_TIMING_LAG: Buff expired in measured 1-2 beats earlier than sim (in-game decay counts activation beat)
T5,94,3,combo_continue,0,2,2,FLAG_NOT_STAGED: combo_continue is a boolean flag without stages (recorded as stage: null in measured)
T5,94,3,combo_score_up,0,19,19,DECAY_TIMING_LAG: Buff expired in measured 1-2 beats earlier than sim (in-game decay counts activation beat)
T5,94,3,critical_coeff_up,30,25,-5,"PHASE_LAG_ACTIVATION: Activated on b94 (acts=['sk-yu-05-birt-02-1']); measured reflects immediately (POST), sim reflects next beat (PRE)"
T5,94,3,critical_rate_up,5,20,15,AMPLIFY_OR_OVERLAP_ON_BEAT: Activation on b94 (['sk-yu-05-birt-02-1']); measured stage 5 vs sim stage 20
T5,94,3,focus,49,10,-39,"PHASE_LAG_ACTIVATION: Activated on b94 (acts=['sk-yu-05-birt-02-1']); measured reflects immediately (POST), sim reflects next beat (PRE)"
T5,94,3,score_up,0,20,20,DECAY_TIMING_LAG: Buff expired in measured 1-2 beats earlier than sim (in-game decay counts activation beat)
T5,94,3,skill_success_up,30,4,-26,"PHASE_LAG_ACTIVATION: Activated on b94 (acts=['sk-yu-05-birt-02-1']); measured reflects immediately (POST), sim reflects next beat (PRE)"
T5,94,3,stamina_cost_down,37,20,-17,"PHASE_LAG_ACTIVATION: Activated on b94 (acts=['sk-yu-05-birt-02-1']); measured reflects immediately (POST), sim reflects next beat (PRE)"
T5,94,3,tension_up,0,13,13,DECAY_TIMING_LAG: Buff expired in measured 1-2 beats earlier than sim (in-game decay counts activation beat)
T5,94,3,vocal_boost,0,20,20,DECAY_TIMING_LAG: Buff expired in measured 1-2 beats earlier than sim (in-game decay counts activation beat)
T5,94,3,vocal_up,35,20,-15,"PHASE_LAG_ACTIVATION: Activated on b94 (acts=['sk-yu-05-birt-02-1']); measured reflects immediately (POST), sim reflects next beat (PRE)"
T5,94,3,vocal_up_extreme,50,5,-45,"PHASE_LAG_ACTIVATION: Activated on b94 (acts=['sk-yu-05-birt-02-1']); measured reflects immediately (POST), sim reflects next beat (PRE)"
T5,94,4,combo_continue,0,2,2,"MISSING_MEASURED_LANE: T5 measured_data_v2 only captures Lane 3 effect box; Lanes 1,2,4,5 are unrecorded"
T5,94,4,stamina_cost_down,0,16,16,"MISSING_MEASURED_LANE: T5 measured_data_v2 only captures Lane 3 effect box; Lanes 1,2,4,5 are unrecorded"
T5,94,4,vocal_up,0,6,6,"MISSING_MEASURED_LANE: T5 measured_data_v2 only captures Lane 3 effect box; Lanes 1,2,4,5 are unrecorded"
T5,94,5,combo_continue,0,2,2,"MISSING_MEASURED_LANE: T5 measured_data_v2 only captures Lane 3 effect box; Lanes 1,2,4,5 are unrecorded"
T5,94,5,critical_coeff_up,0,3,3,"MISSING_MEASURED_LANE: T5 measured_data_v2 only captures Lane 3 effect box; Lanes 1,2,4,5 are unrecorded"
T5,94,5,stamina_cost_down,0,16,16,"MISSING_MEASURED_LANE: T5 measured_data_v2 only captures Lane 3 effect box; Lanes 1,2,4,5 are unrecorded"
T5,95,1,combo_continue,0,2,2,"MISSING_MEASURED_LANE: T5 measured_data_v2 only captures Lane 3 effect box; Lanes 1,2,4,5 are unrecorded"
T5,95,1,stamina_cost_down,0,16,16,"MISSING_MEASURED_LANE: T5 measured_data_v2 only captures Lane 3 effect box; Lanes 1,2,4,5 are unrecorded"
T5,95,2,combo_continue,0,2,2,"MISSING_MEASURED_LANE: T5 measured_data_v2 only captures Lane 3 effect box; Lanes 1,2,4,5 are unrecorded"
T5,95,2,stamina_cost_down,0,16,16,"MISSING_MEASURED_LANE: T5 measured_data_v2 only captures Lane 3 effect box; Lanes 1,2,4,5 are unrecorded"
T5,95,3,a_skill_score_up,0,20,20,DECAY_TIMING_LAG: Buff expired in measured 1-2 beats earlier than sim (in-game decay counts activation beat)
T5,95,3,combo_continue,0,2,2,FLAG_NOT_STAGED: combo_continue is a boolean flag without stages (recorded as stage: null in measured)
T5,95,3,combo_score_up,0,19,19,DECAY_TIMING_LAG: Buff expired in measured 1-2 beats earlier than sim (in-game decay counts activation beat)
T5,95,3,critical_coeff_up,10,30,20,BUFF_STAGE_MISMATCH: Measured 10 vs Sim 30 (diff=20)
T5,95,3,critical_rate_up,25,20,-5,BUFF_STAGE_MISMATCH: Measured 25 vs Sim 20 (diff=-5)
T5,95,3,focus,30,10,-20,BUFF_STAGE_MISMATCH: Measured 30 vs Sim 10 (diff=-20)
T5,95,3,score_up,0,20,20,DECAY_TIMING_LAG: Buff expired in measured 1-2 beats earlier than sim (in-game decay counts activation beat)
T5,95,3,skill_success_up,10,4,-6,BUFF_STAGE_MISMATCH: Measured 10 vs Sim 4 (diff=-6)
T5,95,3,stamina_cost_down,43,20,-23,BUFF_STAGE_MISMATCH: Measured 43 vs Sim 20 (diff=-23)
T5,95,3,tension_up,0,13,13,DECAY_TIMING_LAG: Buff expired in measured 1-2 beats earlier than sim (in-game decay counts activation beat)
T5,95,3,vocal_boost,0,20,20,DECAY_TIMING_LAG: Buff expired in measured 1-2 beats earlier than sim (in-game decay counts activation beat)
T5,95,3,vocal_up,25,20,-5,BUFF_STAGE_MISMATCH: Measured 25 vs Sim 20 (diff=-5)
T5,95,3,vocal_up_extreme,30,5,-25,BUFF_STAGE_MISMATCH: Measured 30 vs Sim 5 (diff=-25)
T5,95,4,combo_continue,0,2,2,"MISSING_MEASURED_LANE: T5 measured_data_v2 only captures Lane 3 effect box; Lanes 1,2,4,5 are unrecorded"
T5,95,4,stamina_cost_down,0,16,16,"MISSING_MEASURED_LANE: T5 measured_data_v2 only captures Lane 3 effect box; Lanes 1,2,4,5 are unrecorded"
T5,95,4,vocal_up,0,6,6,"MISSING_MEASURED_LANE: T5 measured_data_v2 only captures Lane 3 effect box; Lanes 1,2,4,5 are unrecorded"
T5,95,5,combo_continue,0,2,2,"MISSING_MEASURED_LANE: T5 measured_data_v2 only captures Lane 3 effect box; Lanes 1,2,4,5 are unrecorded"
T5,95,5,critical_coeff_up,0,3,3,"MISSING_MEASURED_LANE: T5 measured_data_v2 only captures Lane 3 effect box; Lanes 1,2,4,5 are unrecorded"
T5,95,5,stamina_cost_down,0,16,16,"MISSING_MEASURED_LANE: T5 measured_data_v2 only captures Lane 3 effect box; Lanes 1,2,4,5 are unrecorded"
T5,96,1,combo_continue,0,2,2,"MISSING_MEASURED_LANE: T5 measured_data_v2 only captures Lane 3 effect box; Lanes 1,2,4,5 are unrecorded"
T5,96,1,stamina_cost_down,0,16,16,"MISSING_MEASURED_LANE: T5 measured_data_v2 only captures Lane 3 effect box; Lanes 1,2,4,5 are unrecorded"
T5,96,2,combo_continue,0,2,2,"MISSING_MEASURED_LANE: T5 measured_data_v2 only captures Lane 3 effect box; Lanes 1,2,4,5 are unrecorded"
T5,96,2,stamina_cost_down,0,16,16,"MISSING_MEASURED_LANE: T5 measured_data_v2 only captures Lane 3 effect box; Lanes 1,2,4,5 are unrecorded"
T5,96,3,a_skill_score_up,0,20,20,DECAY_TIMING_LAG: Buff expired in measured 1-2 beats earlier than sim (in-game decay counts activation beat)
T5,96,3,combo_continue,0,2,2,FLAG_NOT_STAGED: combo_continue is a boolean flag without stages (recorded as stage: null in measured)
T5,96,3,combo_score_up,0,19,19,DECAY_TIMING_LAG: Buff expired in measured 1-2 beats earlier than sim (in-game decay counts activation beat)
T5,96,3,critical_rate_up,0,20,20,DECAY_TIMING_LAG: Buff expired in measured 1-2 beats earlier than sim (in-game decay counts activation beat)
T5,96,3,focus,39,10,-29,BUFF_STAGE_MISMATCH: Measured 39 vs Sim 10 (diff=-29)
T5,96,3,score_up,0,20,20,DECAY_TIMING_LAG: Buff expired in measured 1-2 beats earlier than sim (in-game decay counts activation beat)
T5,96,3,skill_success_up,30,4,-26,BUFF_STAGE_MISMATCH: Measured 30 vs Sim 4 (diff=-26)
T5,96,3,stamina_cost_down,27,20,-7,BUFF_STAGE_MISMATCH: Measured 27 vs Sim 20 (diff=-7)
T5,96,3,tension_up,0,13,13,DECAY_TIMING_LAG: Buff expired in measured 1-2 beats earlier than sim (in-game decay counts activation beat)
T5,96,3,vocal_boost,0,20,20,DECAY_TIMING_LAG: Buff expired in measured 1-2 beats earlier than sim (in-game decay counts activation beat)
T5,96,3,vocal_up,15,20,5,BUFF_STAGE_MISMATCH: Measured 15 vs Sim 20 (diff=5)
T5,96,3,vocal_up_extreme,50,5,-45,BUFF_STAGE_MISMATCH: Measured 50 vs Sim 5 (diff=-45)
T5,96,4,combo_continue,0,2,2,"MISSING_MEASURED_LANE: T5 measured_data_v2 only captures Lane 3 effect box; Lanes 1,2,4,5 are unrecorded"
T5,96,4,stamina_cost_down,0,16,16,"MISSING_MEASURED_LANE: T5 measured_data_v2 only captures Lane 3 effect box; Lanes 1,2,4,5 are unrecorded"
T5,96,4,vocal_up,0,6,6,"MISSING_MEASURED_LANE: T5 measured_data_v2 only captures Lane 3 effect box; Lanes 1,2,4,5 are unrecorded"
T5,96,5,combo_continue,0,2,2,"MISSING_MEASURED_LANE: T5 measured_data_v2 only captures Lane 3 effect box; Lanes 1,2,4,5 are unrecorded"
T5,96,5,critical_coeff_up,0,3,3,"MISSING_MEASURED_LANE: T5 measured_data_v2 only captures Lane 3 effect box; Lanes 1,2,4,5 are unrecorded"
T5,96,5,stamina_cost_down,0,16,16,"MISSING_MEASURED_LANE: T5 measured_data_v2 only captures Lane 3 effect box; Lanes 1,2,4,5 are unrecorded"
T5,97,1,combo_continue,0,2,2,"MISSING_MEASURED_LANE: T5 measured_data_v2 only captures Lane 3 effect box; Lanes 1,2,4,5 are unrecorded"
T5,97,1,stamina_cost_down,0,16,16,"MISSING_MEASURED_LANE: T5 measured_data_v2 only captures Lane 3 effect box; Lanes 1,2,4,5 are unrecorded"
T5,97,2,combo_continue,0,2,2,"MISSING_MEASURED_LANE: T5 measured_data_v2 only captures Lane 3 effect box; Lanes 1,2,4,5 are unrecorded"
T5,97,2,stamina_cost_down,0,16,16,"MISSING_MEASURED_LANE: T5 measured_data_v2 only captures Lane 3 effect box; Lanes 1,2,4,5 are unrecorded"
T5,97,3,combo_continue,0,2,2,FLAG_NOT_STAGED: combo_continue is a boolean flag without stages (recorded as stage: null in measured)
T5,97,3,combo_score_up,23,19,-4,"PHASE_LAG_ACTIVATION: Activated on b97 (acts=['photo-L3-2', 'photo-L4-1', 'photo-L2-3']); measured reflects immediately (POST), sim reflects next beat (PRE)"
T5,97,3,critical_coeff_up,10,30,20,"AMPLIFY_OR_OVERLAP_ON_BEAT: Activation on b97 (['photo-L3-2', 'photo-L4-1', 'photo-L2-3']); measured stage 10 vs sim stage 30"
T5,97,3,critical_rate_up,0,20,20,DECAY_TIMING_LAG: Buff expired in measured 1-2 beats earlier than sim (in-game decay counts activation beat)
T5,97,3,focus,20,10,-10,"PHASE_LAG_ACTIVATION: Activated on b97 (acts=['photo-L3-2', 'photo-L4-1', 'photo-L2-3']); measured reflects immediately (POST), sim reflects next beat (PRE)"
T5,97,3,score_up,0,20,20,DECAY_TIMING_LAG: Buff expired in measured 1-2 beats earlier than sim (in-game decay counts activation beat)
T5,97,3,skill_success_up,10,4,-6,"PHASE_LAG_ACTIVATION: Activated on b97 (acts=['photo-L3-2', 'photo-L4-1', 'photo-L2-3']); measured reflects immediately (POST), sim reflects next beat (PRE)"
T5,97,3,stamina_cost_down,4,20,16,"AMPLIFY_OR_OVERLAP_ON_BEAT: Activation on b97 (['photo-L3-2', 'photo-L4-1', 'photo-L2-3']); measured stage 4 vs sim stage 20"
T5,97,3,tension_up,20,13,-7,"PHASE_LAG_ACTIVATION: Activated on b97 (acts=['photo-L3-2', 'photo-L4-1', 'photo-L2-3']); measured reflects immediately (POST), sim reflects next beat (PRE)"
T5,97,3,vocal_boost,5,20,15,"AMPLIFY_OR_OVERLAP_ON_BEAT: Activation on b97 (['photo-L3-2', 'photo-L4-1', 'photo-L2-3']); measured stage 5 vs sim stage 20"
T5,97,3,vocal_up,5,20,15,"AMPLIFY_OR_OVERLAP_ON_BEAT: Activation on b97 (['photo-L3-2', 'photo-L4-1', 'photo-L2-3']); measured stage 5 vs sim stage 20"
T5,97,3,vocal_up_extreme,30,5,-25,"PHASE_LAG_ACTIVATION: Activated on b97 (acts=['photo-L3-2', 'photo-L4-1', 'photo-L2-3']); measured reflects immediately (POST), sim reflects next beat (PRE)"
T5,97,4,combo_continue,0,2,2,"MISSING_MEASURED_LANE: T5 measured_data_v2 only captures Lane 3 effect box; Lanes 1,2,4,5 are unrecorded"
T5,97,4,stamina_cost_down,0,16,16,"MISSING_MEASURED_LANE: T5 measured_data_v2 only captures Lane 3 effect box; Lanes 1,2,4,5 are unrecorded"
T5,97,4,vocal_up,0,6,6,"MISSING_MEASURED_LANE: T5 measured_data_v2 only captures Lane 3 effect box; Lanes 1,2,4,5 are unrecorded"
T5,97,5,combo_continue,0,2,2,"MISSING_MEASURED_LANE: T5 measured_data_v2 only captures Lane 3 effect box; Lanes 1,2,4,5 are unrecorded"
T5,97,5,critical_coeff_up,0,3,3,"MISSING_MEASURED_LANE: T5 measured_data_v2 only captures Lane 3 effect box; Lanes 1,2,4,5 are unrecorded"
T5,97,5,stamina_cost_down,0,16,16,"MISSING_MEASURED_LANE: T5 measured_data_v2 only captures Lane 3 effect box; Lanes 1,2,4,5 are unrecorded"
T5,98,1,combo_continue,0,2,2,"MISSING_MEASURED_LANE: T5 measured_data_v2 only captures Lane 3 effect box; Lanes 1,2,4,5 are unrecorded"
T5,98,1,stamina_cost_down,0,16,16,"MISSING_MEASURED_LANE: T5 measured_data_v2 only captures Lane 3 effect box; Lanes 1,2,4,5 are unrecorded"
T5,98,2,combo_continue,0,2,2,"MISSING_MEASURED_LANE: T5 measured_data_v2 only captures Lane 3 effect box; Lanes 1,2,4,5 are unrecorded"
T5,98,2,stamina_cost_down,0,16,16,"MISSING_MEASURED_LANE: T5 measured_data_v2 only captures Lane 3 effect box; Lanes 1,2,4,5 are unrecorded"
T5,98,3,combo_continue,0,2,2,FLAG_NOT_STAGED: combo_continue is a boolean flag without stages (recorded as stage: null in measured)
T5,98,3,combo_score_up,10,19,9,BUFF_STAGE_MISMATCH: Measured 10 vs Sim 19 (diff=9)
T5,98,3,critical_coeff_up,10,30,20,BUFF_STAGE_MISMATCH: Measured 10 vs Sim 30 (diff=20)
T5,98,3,focus,20,10,-10,BUFF_STAGE_MISMATCH: Measured 20 vs Sim 10 (diff=-10)
T5,98,3,skill_success_up,10,6,-4,BUFF_STAGE_MISMATCH: Measured 10 vs Sim 6 (diff=-4)
T5,98,3,stamina_cost_down,39,20,-19,BUFF_STAGE_MISMATCH: Measured 39 vs Sim 20 (diff=-19)
T5,98,3,tension_up,0,13,13,DECAY_TIMING_LAG: Buff expired in measured 1-2 beats earlier than sim (in-game decay counts activation beat)
T5,98,3,vocal_boost,0,20,20,DECAY_TIMING_LAG: Buff expired in measured 1-2 beats earlier than sim (in-game decay counts activation beat)
T5,98,3,vocal_up,5,20,15,BUFF_STAGE_MISMATCH: Measured 5 vs Sim 20 (diff=15)
T5,98,3,vocal_up_extreme,49,5,-44,BUFF_STAGE_MISMATCH: Measured 49 vs Sim 5 (diff=-44)
T5,98,4,combo_continue,0,2,2,"MISSING_MEASURED_LANE: T5 measured_data_v2 only captures Lane 3 effect box; Lanes 1,2,4,5 are unrecorded"
T5,98,4,stamina_cost_down,0,16,16,"MISSING_MEASURED_LANE: T5 measured_data_v2 only captures Lane 3 effect box; Lanes 1,2,4,5 are unrecorded"
T5,98,4,vocal_up,0,6,6,"MISSING_MEASURED_LANE: T5 measured_data_v2 only captures Lane 3 effect box; Lanes 1,2,4,5 are unrecorded"
T5,98,5,combo_continue,0,2,2,"MISSING_MEASURED_LANE: T5 measured_data_v2 only captures Lane 3 effect box; Lanes 1,2,4,5 are unrecorded"
T5,98,5,critical_coeff_up,0,3,3,"MISSING_MEASURED_LANE: T5 measured_data_v2 only captures Lane 3 effect box; Lanes 1,2,4,5 are unrecorded"
T5,98,5,stamina_cost_down,0,16,16,"MISSING_MEASURED_LANE: T5 measured_data_v2 only captures Lane 3 effect box; Lanes 1,2,4,5 are unrecorded"
T5,99,1,combo_continue,0,1,1,"MISSING_MEASURED_LANE: T5 measured_data_v2 only captures Lane 3 effect box; Lanes 1,2,4,5 are unrecorded"
T5,99,1,stamina_cost_down,0,8,8,"MISSING_MEASURED_LANE: T5 measured_data_v2 only captures Lane 3 effect box; Lanes 1,2,4,5 are unrecorded"
T5,99,2,combo_continue,0,1,1,"MISSING_MEASURED_LANE: T5 measured_data_v2 only captures Lane 3 effect box; Lanes 1,2,4,5 are unrecorded"
T5,99,2,stamina_cost_down,0,8,8,"MISSING_MEASURED_LANE: T5 measured_data_v2 only captures Lane 3 effect box; Lanes 1,2,4,5 are unrecorded"
T5,99,3,combo_continue,0,2,2,FLAG_NOT_STAGED: combo_continue is a boolean flag without stages (recorded as stage: null in measured)
T5,99,3,critical_rate_up,5,20,15,BUFF_STAGE_MISMATCH: Measured 5 vs Sim 20 (diff=15)
T5,99,3,focus,30,10,-20,BUFF_STAGE_MISMATCH: Measured 30 vs Sim 10 (diff=-20)
T5,99,3,skill_success_up,10,6,-4,BUFF_STAGE_MISMATCH: Measured 10 vs Sim 6 (diff=-4)
T5,99,3,stamina_cost_down,26,20,-6,BUFF_STAGE_MISMATCH: Measured 26 vs Sim 20 (diff=-6)
T5,99,3,vocal_up,25,20,-5,BUFF_STAGE_MISMATCH: Measured 25 vs Sim 20 (diff=-5)
T5,99,3,vocal_up_extreme,30,5,-25,BUFF_STAGE_MISMATCH: Measured 30 vs Sim 5 (diff=-25)
T5,99,4,combo_continue,0,1,1,"MISSING_MEASURED_LANE: T5 measured_data_v2 only captures Lane 3 effect box; Lanes 1,2,4,5 are unrecorded"
T5,99,4,stamina_cost_down,0,8,8,"MISSING_MEASURED_LANE: T5 measured_data_v2 only captures Lane 3 effect box; Lanes 1,2,4,5 are unrecorded"
T5,99,5,combo_continue,0,1,1,"MISSING_MEASURED_LANE: T5 measured_data_v2 only captures Lane 3 effect box; Lanes 1,2,4,5 are unrecorded"
T5,99,5,critical_coeff_up,0,3,3,"MISSING_MEASURED_LANE: T5 measured_data_v2 only captures Lane 3 effect box; Lanes 1,2,4,5 are unrecorded"
T5,99,5,stamina_cost_down,0,8,8,"MISSING_MEASURED_LANE: T5 measured_data_v2 only captures Lane 3 effect box; Lanes 1,2,4,5 are unrecorded"
T5,100,1,combo_continue,0,1,1,"MISSING_MEASURED_LANE: T5 measured_data_v2 only captures Lane 3 effect box; Lanes 1,2,4,5 are unrecorded"
T5,100,1,stamina_cost_down,0,8,8,"MISSING_MEASURED_LANE: T5 measured_data_v2 only captures Lane 3 effect box; Lanes 1,2,4,5 are unrecorded"
T5,100,2,combo_continue,0,1,1,"MISSING_MEASURED_LANE: T5 measured_data_v2 only captures Lane 3 effect box; Lanes 1,2,4,5 are unrecorded"
T5,100,2,stamina_cost_down,0,8,8,"MISSING_MEASURED_LANE: T5 measured_data_v2 only captures Lane 3 effect box; Lanes 1,2,4,5 are unrecorded"
T5,100,3,a_skill_score_up,0,20,20,DECAY_TIMING_LAG: Buff expired in measured 1-2 beats earlier than sim (in-game decay counts activation beat)
T5,100,3,combo_continue,0,2,2,FLAG_NOT_STAGED: combo_continue is a boolean flag without stages (recorded as stage: null in measured)
T5,100,3,combo_score_up,15,19,4,"AMPLIFY_OR_OVERLAP_ON_BEAT: Activation on b100 (['sk-yu-05-birt-02-2', 'photo-L1-1', 'photo-L4-2', 'sk-ski-05-onep-00-3']); measured stage 15 vs sim stage 19"
T5,100,3,critical_coeff_up,10,30,20,"AMPLIFY_OR_OVERLAP_ON_BEAT: Activation on b100 (['sk-yu-05-birt-02-2', 'photo-L1-1', 'photo-L4-2', 'sk-ski-05-onep-00-3']); measured stage 10 vs sim stage 30"
T5,100,3,critical_rate_up,0,20,20,DECAY_TIMING_LAG: Buff expired in measured 1-2 beats earlier than sim (in-game decay counts activation beat)
T5,100,3,focus,20,10,-10,"PHASE_LAG_ACTIVATION: Activated on b100 (acts=['sk-yu-05-birt-02-2', 'photo-L1-1', 'photo-L4-2', 'sk-ski-05-onep-00-3']); measured reflects immediately (POST), sim reflects next beat (PRE)"
T5,100,3,skill_success_up,10,6,-4,"PHASE_LAG_ACTIVATION: Activated on b100 (acts=['sk-yu-05-birt-02-2', 'photo-L1-1', 'photo-L4-2', 'sk-ski-05-onep-00-3']); measured reflects immediately (POST), sim reflects next beat (PRE)"
T5,100,3,stamina_cost_down,6,20,14,"AMPLIFY_OR_OVERLAP_ON_BEAT: Activation on b100 (['sk-yu-05-birt-02-2', 'photo-L1-1', 'photo-L4-2', 'sk-ski-05-onep-00-3']); measured stage 6 vs sim stage 20"
T5,100,3,tension_up,0,13,13,DECAY_TIMING_LAG: Buff expired in measured 1-2 beats earlier than sim (in-game decay counts activation beat)
T5,100,3,vocal_boost,0,20,20,DECAY_TIMING_LAG: Buff expired in measured 1-2 beats earlier than sim (in-game decay counts activation beat)
T5,100,3,vocal_up,5,20,15,"AMPLIFY_OR_OVERLAP_ON_BEAT: Activation on b100 (['sk-yu-05-birt-02-2', 'photo-L1-1', 'photo-L4-2', 'sk-ski-05-onep-00-3']); measured stage 5 vs sim stage 20"
T5,100,3,vocal_up_extreme,30,5,-25,"PHASE_LAG_ACTIVATION: Activated on b100 (acts=['sk-yu-05-birt-02-2', 'photo-L1-1', 'photo-L4-2', 'sk-ski-05-onep-00-3']); measured reflects immediately (POST), sim reflects next beat (PRE)"
T5,100,4,combo_continue,0,1,1,"MISSING_MEASURED_LANE: T5 measured_data_v2 only captures Lane 3 effect box; Lanes 1,2,4,5 are unrecorded"
T5,100,4,stamina_cost_down,0,8,8,"MISSING_MEASURED_LANE: T5 measured_data_v2 only captures Lane 3 effect box; Lanes 1,2,4,5 are unrecorded"
T5,100,5,combo_continue,0,1,1,"MISSING_MEASURED_LANE: T5 measured_data_v2 only captures Lane 3 effect box; Lanes 1,2,4,5 are unrecorded"
T5,100,5,critical_coeff_up,0,3,3,"MISSING_MEASURED_LANE: T5 measured_data_v2 only captures Lane 3 effect box; Lanes 1,2,4,5 are unrecorded"
T5,100,5,stamina_cost_down,0,8,8,"MISSING_MEASURED_LANE: T5 measured_data_v2 only captures Lane 3 effect box; Lanes 1,2,4,5 are unrecorded"
T5,101,1,combo_continue,0,1,1,"MISSING_MEASURED_LANE: T5 measured_data_v2 only captures Lane 3 effect box; Lanes 1,2,4,5 are unrecorded"
T5,101,1,stamina_cost_down,0,8,8,"MISSING_MEASURED_LANE: T5 measured_data_v2 only captures Lane 3 effect box; Lanes 1,2,4,5 are unrecorded"
T5,101,2,a_skill_score_up,0,7,7,"MISSING_MEASURED_LANE: T5 measured_data_v2 only captures Lane 3 effect box; Lanes 1,2,4,5 are unrecorded"
T5,101,2,combo_continue,0,1,1,"MISSING_MEASURED_LANE: T5 measured_data_v2 only captures Lane 3 effect box; Lanes 1,2,4,5 are unrecorded"
T5,101,2,stamina_cost_down,0,8,8,"MISSING_MEASURED_LANE: T5 measured_data_v2 only captures Lane 3 effect box; Lanes 1,2,4,5 are unrecorded"
T5,101,3,a_skill_score_up,0,20,20,DECAY_TIMING_LAG: Buff expired in measured 1-2 beats earlier than sim (in-game decay counts activation beat)
T5,101,3,combo_continue,0,2,2,FLAG_NOT_STAGED: combo_continue is a boolean flag without stages (recorded as stage: null in measured)
T5,101,3,combo_score_up,15,25,10,"AMPLIFY_OR_OVERLAP_ON_BEAT: Activation on b101 (['photo-L1-2', 'sk-chs-05-fest-03-3', 'photo-L5-4']); measured stage 15 vs sim stage 25"
T5,101,3,critical_rate_up,5,20,15,"AMPLIFY_OR_OVERLAP_ON_BEAT: Activation on b101 (['photo-L1-2', 'sk-chs-05-fest-03-3', 'photo-L5-4']); measured stage 5 vs sim stage 20"
T5,101,3,focus,30,10,-20,"PHASE_LAG_ACTIVATION: Activated on b101 (acts=['photo-L1-2', 'sk-chs-05-fest-03-3', 'photo-L5-4']); measured reflects immediately (POST), sim reflects next beat (PRE)"
T5,101,3,score_up,0,20,20,DECAY_TIMING_LAG: Buff expired in measured 1-2 beats earlier than sim (in-game decay counts activation beat)
T5,101,3,skill_success_up,10,6,-4,"PHASE_LAG_ACTIVATION: Activated on b101 (acts=['photo-L1-2', 'sk-chs-05-fest-03-3', 'photo-L5-4']); measured reflects immediately (POST), sim reflects next beat (PRE)"
T5,101,3,stamina_cost_down,26,20,-6,"PHASE_LAG_ACTIVATION: Activated on b101 (acts=['photo-L1-2', 'sk-chs-05-fest-03-3', 'photo-L5-4']); measured reflects immediately (POST), sim reflects next beat (PRE)"
T5,101,3,tension_up,0,15,15,"AMPLIFY_OR_OVERLAP_ON_BEAT: Activation on b101 (['photo-L1-2', 'sk-chs-05-fest-03-3', 'photo-L5-4']); measured stage 0 vs sim stage 15"
T5,101,3,vocal_boost,0,20,20,DECAY_TIMING_LAG: Buff expired in measured 1-2 beats earlier than sim (in-game decay counts activation beat)
T5,101,3,vocal_up,25,20,-5,"PHASE_LAG_ACTIVATION: Activated on b101 (acts=['photo-L1-2', 'sk-chs-05-fest-03-3', 'photo-L5-4']); measured reflects immediately (POST), sim reflects next beat (PRE)"
T5,101,3,vocal_up_extreme,30,5,-25,"PHASE_LAG_ACTIVATION: Activated on b101 (acts=['photo-L1-2', 'sk-chs-05-fest-03-3', 'photo-L5-4']); measured reflects immediately (POST), sim reflects next beat (PRE)"
T5,101,4,combo_continue,0,1,1,"MISSING_MEASURED_LANE: T5 measured_data_v2 only captures Lane 3 effect box; Lanes 1,2,4,5 are unrecorded"
T5,101,4,stamina_cost_down,0,8,8,"MISSING_MEASURED_LANE: T5 measured_data_v2 only captures Lane 3 effect box; Lanes 1,2,4,5 are unrecorded"
T5,101,5,a_skill_score_up,0,7,7,"MISSING_MEASURED_LANE: T5 measured_data_v2 only captures Lane 3 effect box; Lanes 1,2,4,5 are unrecorded"
T5,101,5,combo_continue,0,1,1,"MISSING_MEASURED_LANE: T5 measured_data_v2 only captures Lane 3 effect box; Lanes 1,2,4,5 are unrecorded"
T5,101,5,critical_coeff_up,0,3,3,"MISSING_MEASURED_LANE: T5 measured_data_v2 only captures Lane 3 effect box; Lanes 1,2,4,5 are unrecorded"
T5,101,5,stamina_cost_down,0,8,8,"MISSING_MEASURED_LANE: T5 measured_data_v2 only captures Lane 3 effect box; Lanes 1,2,4,5 are unrecorded"
T5,102,1,combo_continue,0,1,1,"MISSING_MEASURED_LANE: T5 measured_data_v2 only captures Lane 3 effect box; Lanes 1,2,4,5 are unrecorded"
T5,102,1,stamina_cost_down,0,8,8,"MISSING_MEASURED_LANE: T5 measured_data_v2 only captures Lane 3 effect box; Lanes 1,2,4,5 are unrecorded"
T5,102,2,a_skill_score_up,0,7,7,"MISSING_MEASURED_LANE: T5 measured_data_v2 only captures Lane 3 effect box; Lanes 1,2,4,5 are unrecorded"
T5,102,2,combo_continue,0,1,1,"MISSING_MEASURED_LANE: T5 measured_data_v2 only captures Lane 3 effect box; Lanes 1,2,4,5 are unrecorded"
T5,102,2,score_up,0,8,8,"MISSING_MEASURED_LANE: T5 measured_data_v2 only captures Lane 3 effect box; Lanes 1,2,4,5 are unrecorded"
T5,102,2,stamina_cost_down,0,8,8,"MISSING_MEASURED_LANE: T5 measured_data_v2 only captures Lane 3 effect box; Lanes 1,2,4,5 are unrecorded"
T5,102,3,combo_continue,0,2,2,FLAG_NOT_STAGED: combo_continue is a boolean flag without stages (recorded as stage: null in measured)
T5,102,3,combo_score_up,36,26,-10,"PHASE_LAG_ACTIVATION: Activated on b102 (acts=['photo-L2-2']); measured reflects immediately (POST), sim reflects next beat (PRE)"
T5,102,3,critical_coeff_up,10,30,20,AMPLIFY_OR_OVERLAP_ON_BEAT: Activation on b102 (['photo-L2-2']); measured stage 10 vs sim stage 30
T5,102,3,critical_rate_up,0,20,20,DECAY_TIMING_LAG: Buff expired in measured 1-2 beats earlier than sim (in-game decay counts activation beat)
T5,102,3,focus,20,10,-10,"PHASE_LAG_ACTIVATION: Activated on b102 (acts=['photo-L2-2']); measured reflects immediately (POST), sim reflects next beat (PRE)"
T5,102,3,skill_success_up,10,7,-3,"PHASE_LAG_ACTIVATION: Activated on b102 (acts=['photo-L2-2']); measured reflects immediately (POST), sim reflects next beat (PRE)"
T5,102,3,stamina_cost_down,7,20,13,AMPLIFY_OR_OVERLAP_ON_BEAT: Activation on b102 (['photo-L2-2']); measured stage 7 vs sim stage 20
T5,102,3,tension_up,35,15,-20,"PHASE_LAG_ACTIVATION: Activated on b102 (acts=['photo-L2-2']); measured reflects immediately (POST), sim reflects next beat (PRE)"
T5,102,3,vocal_boost,25,20,-5,"PHASE_LAG_ACTIVATION: Activated on b102 (acts=['photo-L2-2']); measured reflects immediately (POST), sim reflects next beat (PRE)"
T5,102,3,vocal_up,5,20,15,AMPLIFY_OR_OVERLAP_ON_BEAT: Activation on b102 (['photo-L2-2']); measured stage 5 vs sim stage 20
T5,102,3,vocal_up_extreme,30,5,-25,"PHASE_LAG_ACTIVATION: Activated on b102 (acts=['photo-L2-2']); measured reflects immediately (POST), sim reflects next beat (PRE)"
T5,102,4,combo_continue,0,1,1,"MISSING_MEASURED_LANE: T5 measured_data_v2 only captures Lane 3 effect box; Lanes 1,2,4,5 are unrecorded"
T5,102,4,stamina_cost_down,0,8,8,"MISSING_MEASURED_LANE: T5 measured_data_v2 only captures Lane 3 effect box; Lanes 1,2,4,5 are unrecorded"
T5,102,5,a_skill_score_up,0,7,7,"MISSING_MEASURED_LANE: T5 measured_data_v2 only captures Lane 3 effect box; Lanes 1,2,4,5 are unrecorded"
T5,102,5,combo_continue,0,1,1,"MISSING_MEASURED_LANE: T5 measured_data_v2 only captures Lane 3 effect box; Lanes 1,2,4,5 are unrecorded"
T5,102,5,critical_coeff_up,0,3,3,"MISSING_MEASURED_LANE: T5 measured_data_v2 only captures Lane 3 effect box; Lanes 1,2,4,5 are unrecorded"
T5,102,5,stamina_cost_down,0,8,8,"MISSING_MEASURED_LANE: T5 measured_data_v2 only captures Lane 3 effect box; Lanes 1,2,4,5 are unrecorded"
T5,103,1,combo_continue,0,1,1,"MISSING_MEASURED_LANE: T5 measured_data_v2 only captures Lane 3 effect box; Lanes 1,2,4,5 are unrecorded"
T5,103,1,stamina_cost_down,0,8,8,"MISSING_MEASURED_LANE: T5 measured_data_v2 only captures Lane 3 effect box; Lanes 1,2,4,5 are unrecorded"
T5,103,2,a_skill_score_up,0,7,7,"MISSING_MEASURED_LANE: T5 measured_data_v2 only captures Lane 3 effect box; Lanes 1,2,4,5 are unrecorded"
T5,103,2,combo_continue,0,1,1,"MISSING_MEASURED_LANE: T5 measured_data_v2 only captures Lane 3 effect box; Lanes 1,2,4,5 are unrecorded"
T5,103,2,score_up,0,8,8,"MISSING_MEASURED_LANE: T5 measured_data_v2 only captures Lane 3 effect box; Lanes 1,2,4,5 are unrecorded"
T5,103,2,stamina_cost_down,0,8,8,"MISSING_MEASURED_LANE: T5 measured_data_v2 only captures Lane 3 effect box; Lanes 1,2,4,5 are unrecorded"
T5,103,3,combo_continue,0,2,2,FLAG_NOT_STAGED: combo_continue is a boolean flag without stages (recorded as stage: null in measured)
T5,103,3,critical_coeff_up,10,30,20,AMPLIFY_OR_OVERLAP_ON_BEAT: Activation on b103 (['sk-chs-05-fest-03-1']); measured stage 10 vs sim stage 30
T5,103,3,critical_rate_up,5,20,15,AMPLIFY_OR_OVERLAP_ON_BEAT: Activation on b103 (['sk-chs-05-fest-03-1']); measured stage 5 vs sim stage 20
T5,103,3,focus,30,10,-20,"PHASE_LAG_ACTIVATION: Activated on b103 (acts=['sk-chs-05-fest-03-1']); measured reflects immediately (POST), sim reflects next beat (PRE)"
T5,103,3,score_up,35,20,-15,"PHASE_LAG_ACTIVATION: Activated on b103 (acts=['sk-chs-05-fest-03-1']); measured reflects immediately (POST), sim reflects next beat (PRE)"
T5,103,3,skill_success_up,10,7,-3,"PHASE_LAG_ACTIVATION: Activated on b103 (acts=['sk-chs-05-fest-03-1']); measured reflects immediately (POST), sim reflects next beat (PRE)"
T5,103,3,stamina_cost_down,7,20,13,AMPLIFY_OR_OVERLAP_ON_BEAT: Activation on b103 (['sk-chs-05-fest-03-1']); measured stage 7 vs sim stage 20
T5,103,3,tension_up,0,15,15,DECAY_TIMING_LAG: Buff expired in measured 1-2 beats earlier than sim (in-game decay counts activation beat)
T5,103,3,vocal_up,25,20,-5,"PHASE_LAG_ACTIVATION: Activated on b103 (acts=['sk-chs-05-fest-03-1']); measured reflects immediately (POST), sim reflects next beat (PRE)"
T5,103,3,vocal_up_extreme,50,5,-45,"PHASE_LAG_ACTIVATION: Activated on b103 (acts=['sk-chs-05-fest-03-1']); measured reflects immediately (POST), sim reflects next beat (PRE)"
T5,103,4,combo_continue,0,1,1,"MISSING_MEASURED_LANE: T5 measured_data_v2 only captures Lane 3 effect box; Lanes 1,2,4,5 are unrecorded"
T5,103,4,stamina_cost_down,0,8,8,"MISSING_MEASURED_LANE: T5 measured_data_v2 only captures Lane 3 effect box; Lanes 1,2,4,5 are unrecorded"
T5,103,5,a_skill_score_up,0,7,7,"MISSING_MEASURED_LANE: T5 measured_data_v2 only captures Lane 3 effect box; Lanes 1,2,4,5 are unrecorded"
T5,103,5,combo_continue,0,1,1,"MISSING_MEASURED_LANE: T5 measured_data_v2 only captures Lane 3 effect box; Lanes 1,2,4,5 are unrecorded"
T5,103,5,critical_coeff_up,0,3,3,"MISSING_MEASURED_LANE: T5 measured_data_v2 only captures Lane 3 effect box; Lanes 1,2,4,5 are unrecorded"
T5,103,5,stamina_cost_down,0,8,8,"MISSING_MEASURED_LANE: T5 measured_data_v2 only captures Lane 3 effect box; Lanes 1,2,4,5 are unrecorded"
T5,104,1,combo_continue,0,1,1,"MISSING_MEASURED_LANE: T5 measured_data_v2 only captures Lane 3 effect box; Lanes 1,2,4,5 are unrecorded"
T5,104,1,stamina_cost_down,0,8,8,"MISSING_MEASURED_LANE: T5 measured_data_v2 only captures Lane 3 effect box; Lanes 1,2,4,5 are unrecorded"
T5,104,2,a_skill_score_up,0,7,7,"MISSING_MEASURED_LANE: T5 measured_data_v2 only captures Lane 3 effect box; Lanes 1,2,4,5 are unrecorded"
T5,104,2,combo_continue,0,1,1,"MISSING_MEASURED_LANE: T5 measured_data_v2 only captures Lane 3 effect box; Lanes 1,2,4,5 are unrecorded"
T5,104,2,score_up,0,8,8,"MISSING_MEASURED_LANE: T5 measured_data_v2 only captures Lane 3 effect box; Lanes 1,2,4,5 are unrecorded"
T5,104,2,stamina_cost_down,0,8,8,"MISSING_MEASURED_LANE: T5 measured_data_v2 only captures Lane 3 effect box; Lanes 1,2,4,5 are unrecorded"
T5,104,3,a_skill_score_up,0,20,20,DECAY_TIMING_LAG: Buff expired in measured 1-2 beats earlier than sim (in-game decay counts activation beat)
T5,104,3,combo_continue,0,2,2,FLAG_NOT_STAGED: combo_continue is a boolean flag without stages (recorded as stage: null in measured)
T5,104,3,combo_score_up,0,26,26,DECAY_TIMING_LAG: Buff expired in measured 1-2 beats earlier than sim (in-game decay counts activation beat)
T5,104,3,critical_rate_up,5,20,15,BUFF_STAGE_MISMATCH: Measured 5 vs Sim 20 (diff=15)
T5,104,3,focus,30,10,-20,BUFF_STAGE_MISMATCH: Measured 30 vs Sim 10 (diff=-20)
T5,104,3,score_up,0,20,20,DECAY_TIMING_LAG: Buff expired in measured 1-2 beats earlier than sim (in-game decay counts activation beat)
T5,104,3,skill_success_up,10,7,-3,BUFF_STAGE_MISMATCH: Measured 10 vs Sim 7 (diff=-3)
T5,104,3,stamina_cost_down,53,20,-33,BUFF_STAGE_MISMATCH: Measured 53 vs Sim 20 (diff=-33)
T5,104,3,tension_up,0,15,15,DECAY_TIMING_LAG: Buff expired in measured 1-2 beats earlier than sim (in-game decay counts activation beat)
T5,104,3,vocal_boost,0,20,20,DECAY_TIMING_LAG: Buff expired in measured 1-2 beats earlier than sim (in-game decay counts activation beat)
T5,104,3,vocal_up,25,20,-5,BUFF_STAGE_MISMATCH: Measured 25 vs Sim 20 (diff=-5)
T5,104,3,vocal_up_extreme,30,5,-25,BUFF_STAGE_MISMATCH: Measured 30 vs Sim 5 (diff=-25)
T5,104,4,combo_continue,0,1,1,"MISSING_MEASURED_LANE: T5 measured_data_v2 only captures Lane 3 effect box; Lanes 1,2,4,5 are unrecorded"
T5,104,4,stamina_cost_down,0,8,8,"MISSING_MEASURED_LANE: T5 measured_data_v2 only captures Lane 3 effect box; Lanes 1,2,4,5 are unrecorded"
T5,104,5,a_skill_score_up,0,7,7,"MISSING_MEASURED_LANE: T5 measured_data_v2 only captures Lane 3 effect box; Lanes 1,2,4,5 are unrecorded"
T5,104,5,combo_continue,0,1,1,"MISSING_MEASURED_LANE: T5 measured_data_v2 only captures Lane 3 effect box; Lanes 1,2,4,5 are unrecorded"
T5,104,5,critical_coeff_up,0,3,3,"MISSING_MEASURED_LANE: T5 measured_data_v2 only captures Lane 3 effect box; Lanes 1,2,4,5 are unrecorded"
T5,104,5,stamina_cost_down,0,8,8,"MISSING_MEASURED_LANE: T5 measured_data_v2 only captures Lane 3 effect box; Lanes 1,2,4,5 are unrecorded"
T5,105,1,combo_continue,0,1,1,"MISSING_MEASURED_LANE: T5 measured_data_v2 only captures Lane 3 effect box; Lanes 1,2,4,5 are unrecorded"
T5,105,1,stamina_cost_down,0,8,8,"MISSING_MEASURED_LANE: T5 measured_data_v2 only captures Lane 3 effect box; Lanes 1,2,4,5 are unrecorded"
T5,105,2,a_skill_score_up,0,7,7,"MISSING_MEASURED_LANE: T5 measured_data_v2 only captures Lane 3 effect box; Lanes 1,2,4,5 are unrecorded"
T5,105,2,combo_continue,0,1,1,"MISSING_MEASURED_LANE: T5 measured_data_v2 only captures Lane 3 effect box; Lanes 1,2,4,5 are unrecorded"
T5,105,2,score_up,0,8,8,"MISSING_MEASURED_LANE: T5 measured_data_v2 only captures Lane 3 effect box; Lanes 1,2,4,5 are unrecorded"
T5,105,2,stamina_cost_down,0,8,8,"MISSING_MEASURED_LANE: T5 measured_data_v2 only captures Lane 3 effect box; Lanes 1,2,4,5 are unrecorded"
T5,105,3,combo_continue,0,2,2,FLAG_NOT_STAGED: combo_continue is a boolean flag without stages (recorded as stage: null in measured)
T5,105,3,combo_score_up,46,26,-20,BUFF_STAGE_MISMATCH: Measured 46 vs Sim 26 (diff=-20)
T5,105,3,critical_coeff_up,10,30,20,BUFF_STAGE_MISMATCH: Measured 10 vs Sim 30 (diff=20)
T5,105,3,critical_rate_up,0,20,20,DECAY_TIMING_LAG: Buff expired in measured 1-2 beats earlier than sim (in-game decay counts activation beat)
T5,105,3,focus,20,10,-10,BUFF_STAGE_MISMATCH: Measured 20 vs Sim 10 (diff=-10)
T5,105,3,score_up,15,20,5,BUFF_STAGE_MISMATCH: Measured 15 vs Sim 20 (diff=5)
T5,105,3,skill_success_up,10,7,-3,BUFF_STAGE_MISMATCH: Measured 10 vs Sim 7 (diff=-3)
T5,105,3,stamina_cost_down,7,20,13,BUFF_STAGE_MISMATCH: Measured 7 vs Sim 20 (diff=13)
T5,105,3,tension_up,0,15,15,DECAY_TIMING_LAG: Buff expired in measured 1-2 beats earlier than sim (in-game decay counts activation beat)
T5,105,3,vocal_up,5,20,15,BUFF_STAGE_MISMATCH: Measured 5 vs Sim 20 (diff=15)
T5,105,3,vocal_up_extreme,30,5,-25,BUFF_STAGE_MISMATCH: Measured 30 vs Sim 5 (diff=-25)
T5,105,4,combo_continue,0,1,1,"MISSING_MEASURED_LANE: T5 measured_data_v2 only captures Lane 3 effect box; Lanes 1,2,4,5 are unrecorded"
T5,105,4,stamina_cost_down,0,8,8,"MISSING_MEASURED_LANE: T5 measured_data_v2 only captures Lane 3 effect box; Lanes 1,2,4,5 are unrecorded"
T5,105,5,a_skill_score_up,0,7,7,"MISSING_MEASURED_LANE: T5 measured_data_v2 only captures Lane 3 effect box; Lanes 1,2,4,5 are unrecorded"
T5,105,5,combo_continue,0,1,1,"MISSING_MEASURED_LANE: T5 measured_data_v2 only captures Lane 3 effect box; Lanes 1,2,4,5 are unrecorded"
T5,105,5,critical_coeff_up,0,3,3,"MISSING_MEASURED_LANE: T5 measured_data_v2 only captures Lane 3 effect box; Lanes 1,2,4,5 are unrecorded"
T5,105,5,stamina_cost_down,0,8,8,"MISSING_MEASURED_LANE: T5 measured_data_v2 only captures Lane 3 effect box; Lanes 1,2,4,5 are unrecorded"
T5,106,1,combo_continue,0,1,1,"MISSING_MEASURED_LANE: T5 measured_data_v2 only captures Lane 3 effect box; Lanes 1,2,4,5 are unrecorded"
T5,106,1,stamina_cost_down,0,8,8,"MISSING_MEASURED_LANE: T5 measured_data_v2 only captures Lane 3 effect box; Lanes 1,2,4,5 are unrecorded"
T5,106,2,a_skill_score_up,0,7,7,"MISSING_MEASURED_LANE: T5 measured_data_v2 only captures Lane 3 effect box; Lanes 1,2,4,5 are unrecorded"
T5,106,2,combo_continue,0,1,1,"MISSING_MEASURED_LANE: T5 measured_data_v2 only captures Lane 3 effect box; Lanes 1,2,4,5 are unrecorded"
T5,106,2,score_up,0,8,8,"MISSING_MEASURED_LANE: T5 measured_data_v2 only captures Lane 3 effect box; Lanes 1,2,4,5 are unrecorded"
T5,106,2,stamina_cost_down,0,8,8,"MISSING_MEASURED_LANE: T5 measured_data_v2 only captures Lane 3 effect box; Lanes 1,2,4,5 are unrecorded"
T5,106,3,combo_continue,0,2,2,FLAG_NOT_STAGED: combo_continue is a boolean flag without stages (recorded as stage: null in measured)
T5,106,3,critical_rate_up,5,20,15,"AMPLIFY_OR_OVERLAP_ON_BEAT: Activation on b106 (['sk-ktn-05-wedd-00-2', 'sk-ski-05-waso-00-3']); measured stage 5 vs sim stage 20"
T5,106,3,focus,30,10,-20,"PHASE_LAG_ACTIVATION: Activated on b106 (acts=['sk-ktn-05-wedd-00-2', 'sk-ski-05-waso-00-3']); measured reflects immediately (POST), sim reflects next beat (PRE)"
T5,106,3,skill_success_up,10,7,-3,"PHASE_LAG_ACTIVATION: Activated on b106 (acts=['sk-ktn-05-wedd-00-2', 'sk-ski-05-waso-00-3']); measured reflects immediately (POST), sim reflects next beat (PRE)"
T5,106,3,stamina_cost_down,27,20,-7,"PHASE_LAG_ACTIVATION: Activated on b106 (acts=['sk-ktn-05-wedd-00-2', 'sk-ski-05-waso-00-3']); measured reflects immediately (POST), sim reflects next beat (PRE)"
T5,106,3,vocal_up,25,20,-5,"PHASE_LAG_ACTIVATION: Activated on b106 (acts=['sk-ktn-05-wedd-00-2', 'sk-ski-05-waso-00-3']); measured reflects immediately (POST), sim reflects next beat (PRE)"
T5,106,3,vocal_up_extreme,30,5,-25,"PHASE_LAG_ACTIVATION: Activated on b106 (acts=['sk-ktn-05-wedd-00-2', 'sk-ski-05-waso-00-3']); measured reflects immediately (POST), sim reflects next beat (PRE)"
T5,106,4,combo_continue,0,1,1,"MISSING_MEASURED_LANE: T5 measured_data_v2 only captures Lane 3 effect box; Lanes 1,2,4,5 are unrecorded"
T5,106,4,stamina_cost_down,0,8,8,"MISSING_MEASURED_LANE: T5 measured_data_v2 only captures Lane 3 effect box; Lanes 1,2,4,5 are unrecorded"
T5,106,5,a_skill_score_up,0,7,7,"MISSING_MEASURED_LANE: T5 measured_data_v2 only captures Lane 3 effect box; Lanes 1,2,4,5 are unrecorded"
T5,106,5,combo_continue,0,1,1,"MISSING_MEASURED_LANE: T5 measured_data_v2 only captures Lane 3 effect box; Lanes 1,2,4,5 are unrecorded"
T5,106,5,critical_coeff_up,0,3,3,"MISSING_MEASURED_LANE: T5 measured_data_v2 only captures Lane 3 effect box; Lanes 1,2,4,5 are unrecorded"
T5,106,5,stamina_cost_down,0,8,8,"MISSING_MEASURED_LANE: T5 measured_data_v2 only captures Lane 3 effect box; Lanes 1,2,4,5 are unrecorded"
T5,107,1,combo_continue,0,1,1,"MISSING_MEASURED_LANE: T5 measured_data_v2 only captures Lane 3 effect box; Lanes 1,2,4,5 are unrecorded"
T5,107,1,stamina_cost_down,0,8,8,"MISSING_MEASURED_LANE: T5 measured_data_v2 only captures Lane 3 effect box; Lanes 1,2,4,5 are unrecorded"
T5,107,2,a_skill_score_up,0,7,7,"MISSING_MEASURED_LANE: T5 measured_data_v2 only captures Lane 3 effect box; Lanes 1,2,4,5 are unrecorded"
T5,107,2,combo_continue,0,1,1,"MISSING_MEASURED_LANE: T5 measured_data_v2 only captures Lane 3 effect box; Lanes 1,2,4,5 are unrecorded"
T5,107,2,score_up,0,8,8,"MISSING_MEASURED_LANE: T5 measured_data_v2 only captures Lane 3 effect box; Lanes 1,2,4,5 are unrecorded"
T5,107,2,stamina_cost_down,0,8,8,"MISSING_MEASURED_LANE: T5 measured_data_v2 only captures Lane 3 effect box; Lanes 1,2,4,5 are unrecorded"
T5,107,3,a_skill_score_up,0,20,20,DECAY_TIMING_LAG: Buff expired in measured 1-2 beats earlier than sim (in-game decay counts activation beat)
T5,107,3,combo_continue,0,2,2,FLAG_NOT_STAGED: combo_continue is a boolean flag without stages (recorded as stage: null in measured)
T5,107,3,combo_score_up,0,30,30,BUFF_STAGE_MISMATCH: Measured 0 vs Sim 30 (diff=30)
T5,107,3,critical_rate_up,5,20,15,BUFF_STAGE_MISMATCH: Measured 5 vs Sim 20 (diff=15)
T5,107,3,focus,56,10,-46,BUFF_STAGE_MISMATCH: Measured 56 vs Sim 10 (diff=-46)
T5,107,3,score_up,0,20,20,DECAY_TIMING_LAG: Buff expired in measured 1-2 beats earlier than sim (in-game decay counts activation beat)
T5,107,3,skill_success_up,30,7,-23,BUFF_STAGE_MISMATCH: Measured 30 vs Sim 7 (diff=-23)
T5,107,3,stamina_cost_down,42,20,-22,BUFF_STAGE_MISMATCH: Measured 42 vs Sim 20 (diff=-22)
T5,107,3,tension_up,20,15,-5,BUFF_STAGE_MISMATCH: Measured 20 vs Sim 15 (diff=-5)
T5,107,3,vocal_boost,0,20,20,DECAY_TIMING_LAG: Buff expired in measured 1-2 beats earlier than sim (in-game decay counts activation beat)
T5,107,3,vocal_up,35,20,-15,BUFF_STAGE_MISMATCH: Measured 35 vs Sim 20 (diff=-15)
T5,107,3,vocal_up_extreme,30,5,-25,BUFF_STAGE_MISMATCH: Measured 30 vs Sim 5 (diff=-25)
T5,107,4,combo_continue,0,1,1,"MISSING_MEASURED_LANE: T5 measured_data_v2 only captures Lane 3 effect box; Lanes 1,2,4,5 are unrecorded"
T5,107,4,stamina_cost_down,0,8,8,"MISSING_MEASURED_LANE: T5 measured_data_v2 only captures Lane 3 effect box; Lanes 1,2,4,5 are unrecorded"
T5,107,5,a_skill_score_up,0,7,7,"MISSING_MEASURED_LANE: T5 measured_data_v2 only captures Lane 3 effect box; Lanes 1,2,4,5 are unrecorded"
T5,107,5,combo_continue,0,1,1,"MISSING_MEASURED_LANE: T5 measured_data_v2 only captures Lane 3 effect box; Lanes 1,2,4,5 are unrecorded"
T5,107,5,critical_coeff_up,0,3,3,"MISSING_MEASURED_LANE: T5 measured_data_v2 only captures Lane 3 effect box; Lanes 1,2,4,5 are unrecorded"
T5,107,5,stamina_cost_down,0,8,8,"MISSING_MEASURED_LANE: T5 measured_data_v2 only captures Lane 3 effect box; Lanes 1,2,4,5 are unrecorded"
T5,108,1,combo_continue,0,1,1,"MISSING_MEASURED_LANE: T5 measured_data_v2 only captures Lane 3 effect box; Lanes 1,2,4,5 are unrecorded"
T5,108,1,stamina_cost_down,0,8,8,"MISSING_MEASURED_LANE: T5 measured_data_v2 only captures Lane 3 effect box; Lanes 1,2,4,5 are unrecorded"
T5,108,2,a_skill_score_up,0,7,7,"MISSING_MEASURED_LANE: T5 measured_data_v2 only captures Lane 3 effect box; Lanes 1,2,4,5 are unrecorded"
T5,108,2,combo_continue,0,1,1,"MISSING_MEASURED_LANE: T5 measured_data_v2 only captures Lane 3 effect box; Lanes 1,2,4,5 are unrecorded"
T5,108,2,score_up,0,8,8,"MISSING_MEASURED_LANE: T5 measured_data_v2 only captures Lane 3 effect box; Lanes 1,2,4,5 are unrecorded"
T5,108,2,stamina_cost_down,0,8,8,"MISSING_MEASURED_LANE: T5 measured_data_v2 only captures Lane 3 effect box; Lanes 1,2,4,5 are unrecorded"
T5,108,3,combo_continue,0,2,2,FLAG_NOT_STAGED: combo_continue is a boolean flag without stages (recorded as stage: null in measured)
T5,108,3,combo_score_up,26,30,4,BUFF_STAGE_MISMATCH: Measured 26 vs Sim 30 (diff=4)
T5,108,3,critical_rate_up,5,20,15,BUFF_STAGE_MISMATCH: Measured 5 vs Sim 20 (diff=15)
T5,108,3,focus,30,10,-20,BUFF_STAGE_MISMATCH: Measured 30 vs Sim 10 (diff=-20)
T5,108,3,skill_success_up,10,7,-3,BUFF_STAGE_MISMATCH: Measured 10 vs Sim 7 (diff=-3)
T5,108,3,stamina_cost_down,27,20,-7,BUFF_STAGE_MISMATCH: Measured 27 vs Sim 20 (diff=-7)
T5,108,3,vocal_up,25,20,-5,BUFF_STAGE_MISMATCH: Measured 25 vs Sim 20 (diff=-5)
T5,108,3,vocal_up_extreme,30,5,-25,BUFF_STAGE_MISMATCH: Measured 30 vs Sim 5 (diff=-25)
T5,108,4,combo_continue,0,1,1,"MISSING_MEASURED_LANE: T5 measured_data_v2 only captures Lane 3 effect box; Lanes 1,2,4,5 are unrecorded"
T5,108,4,stamina_cost_down,0,8,8,"MISSING_MEASURED_LANE: T5 measured_data_v2 only captures Lane 3 effect box; Lanes 1,2,4,5 are unrecorded"
T5,108,5,a_skill_score_up,0,7,7,"MISSING_MEASURED_LANE: T5 measured_data_v2 only captures Lane 3 effect box; Lanes 1,2,4,5 are unrecorded"
T5,108,5,combo_continue,0,1,1,"MISSING_MEASURED_LANE: T5 measured_data_v2 only captures Lane 3 effect box; Lanes 1,2,4,5 are unrecorded"
T5,108,5,critical_coeff_up,0,3,3,"MISSING_MEASURED_LANE: T5 measured_data_v2 only captures Lane 3 effect box; Lanes 1,2,4,5 are unrecorded"
T5,108,5,stamina_cost_down,0,8,8,"MISSING_MEASURED_LANE: T5 measured_data_v2 only captures Lane 3 effect box; Lanes 1,2,4,5 are unrecorded"
T5,109,1,combo_continue,0,1,1,"MISSING_MEASURED_LANE: T5 measured_data_v2 only captures Lane 3 effect box; Lanes 1,2,4,5 are unrecorded"
T5,109,1,stamina_cost_down,0,8,8,"MISSING_MEASURED_LANE: T5 measured_data_v2 only captures Lane 3 effect box; Lanes 1,2,4,5 are unrecorded"
T5,109,2,a_skill_score_up,0,7,7,"MISSING_MEASURED_LANE: T5 measured_data_v2 only captures Lane 3 effect box; Lanes 1,2,4,5 are unrecorded"
T5,109,2,combo_continue,0,1,1,"MISSING_MEASURED_LANE: T5 measured_data_v2 only captures Lane 3 effect box; Lanes 1,2,4,5 are unrecorded"
T5,109,2,score_up,0,8,8,"MISSING_MEASURED_LANE: T5 measured_data_v2 only captures Lane 3 effect box; Lanes 1,2,4,5 are unrecorded"
T5,109,2,stamina_cost_down,0,8,8,"MISSING_MEASURED_LANE: T5 measured_data_v2 only captures Lane 3 effect box; Lanes 1,2,4,5 are unrecorded"
T5,109,3,combo_continue,0,2,2,FLAG_NOT_STAGED: combo_continue is a boolean flag without stages (recorded as stage: null in measured)
T5,109,3,combo_score_up,26,30,4,BUFF_STAGE_MISMATCH: Measured 26 vs Sim 30 (diff=4)
T5,109,3,critical_coeff_up,10,30,20,BUFF_STAGE_MISMATCH: Measured 10 vs Sim 30 (diff=20)
T5,109,3,critical_rate_up,5,20,15,BUFF_STAGE_MISMATCH: Measured 5 vs Sim 20 (diff=15)
T5,109,3,focus,30,10,-20,BUFF_STAGE_MISMATCH: Measured 30 vs Sim 10 (diff=-20)
T5,109,3,skill_success_up,10,7,-3,BUFF_STAGE_MISMATCH: Measured 10 vs Sim 7 (diff=-3)
T5,109,3,stamina_cost_down,7,20,13,BUFF_STAGE_MISMATCH: Measured 7 vs Sim 20 (diff=13)
T5,109,3,vocal_up,25,20,-5,BUFF_STAGE_MISMATCH: Measured 25 vs Sim 20 (diff=-5)
T5,109,3,vocal_up_extreme,50,5,-45,BUFF_STAGE_MISMATCH: Measured 50 vs Sim 5 (diff=-45)
T5,109,4,combo_continue,0,1,1,"MISSING_MEASURED_LANE: T5 measured_data_v2 only captures Lane 3 effect box; Lanes 1,2,4,5 are unrecorded"
T5,109,4,stamina_cost_down,0,8,8,"MISSING_MEASURED_LANE: T5 measured_data_v2 only captures Lane 3 effect box; Lanes 1,2,4,5 are unrecorded"
T5,109,5,a_skill_score_up,0,7,7,"MISSING_MEASURED_LANE: T5 measured_data_v2 only captures Lane 3 effect box; Lanes 1,2,4,5 are unrecorded"
T5,109,5,combo_continue,0,1,1,"MISSING_MEASURED_LANE: T5 measured_data_v2 only captures Lane 3 effect box; Lanes 1,2,4,5 are unrecorded"
T5,109,5,critical_coeff_up,0,3,3,"MISSING_MEASURED_LANE: T5 measured_data_v2 only captures Lane 3 effect box; Lanes 1,2,4,5 are unrecorded"
T5,109,5,stamina_cost_down,0,8,8,"MISSING_MEASURED_LANE: T5 measured_data_v2 only captures Lane 3 effect box; Lanes 1,2,4,5 are unrecorded"
T5,110,1,combo_continue,0,1,1,"MISSING_MEASURED_LANE: T5 measured_data_v2 only captures Lane 3 effect box; Lanes 1,2,4,5 are unrecorded"
T5,110,1,stamina_cost_down,0,8,8,"MISSING_MEASURED_LANE: T5 measured_data_v2 only captures Lane 3 effect box; Lanes 1,2,4,5 are unrecorded"
T5,110,2,a_skill_score_up,0,7,7,"MISSING_MEASURED_LANE: T5 measured_data_v2 only captures Lane 3 effect box; Lanes 1,2,4,5 are unrecorded"
T5,110,2,combo_continue,0,1,1,"MISSING_MEASURED_LANE: T5 measured_data_v2 only captures Lane 3 effect box; Lanes 1,2,4,5 are unrecorded"
T5,110,2,score_up,0,8,8,"MISSING_MEASURED_LANE: T5 measured_data_v2 only captures Lane 3 effect box; Lanes 1,2,4,5 are unrecorded"
T5,110,2,stamina_cost_down,0,8,8,"MISSING_MEASURED_LANE: T5 measured_data_v2 only captures Lane 3 effect box; Lanes 1,2,4,5 are unrecorded"
T5,110,3,combo_continue,0,2,2,FLAG_NOT_STAGED: combo_continue is a boolean flag without stages (recorded as stage: null in measured)
T5,110,3,combo_score_up,0,30,30,DECAY_TIMING_LAG: Buff expired in measured 1-2 beats earlier than sim (in-game decay counts activation beat)
T5,110,3,critical_rate_up,0,20,20,DECAY_TIMING_LAG: Buff expired in measured 1-2 beats earlier than sim (in-game decay counts activation beat)
T5,110,3,focus,56,10,-46,BUFF_STAGE_MISMATCH: Measured 56 vs Sim 10 (diff=-46)
T5,110,3,score_up,0,20,20,DECAY_TIMING_LAG: Buff expired in measured 1-2 beats earlier than sim (in-game decay counts activation beat)
T5,110,3,skill_success_up,30,7,-23,BUFF_STAGE_MISMATCH: Measured 30 vs Sim 7 (diff=-23)
T5,110,3,stamina_cost_down,22,20,-2,BUFF_STAGE_MISMATCH: Measured 22 vs Sim 20 (diff=-2)
T5,110,3,tension_up,0,15,15,DECAY_TIMING_LAG: Buff expired in measured 1-2 beats earlier than sim (in-game decay counts activation beat)
T5,110,3,vocal_boost,5,20,15,BUFF_STAGE_MISMATCH: Measured 5 vs Sim 20 (diff=15)
T5,110,3,vocal_up,35,20,-15,BUFF_STAGE_MISMATCH: Measured 35 vs Sim 20 (diff=-15)
T5,110,3,vocal_up_extreme,50,5,-45,BUFF_STAGE_MISMATCH: Measured 50 vs Sim 5 (diff=-45)
T5,110,4,combo_continue,0,1,1,"MISSING_MEASURED_LANE: T5 measured_data_v2 only captures Lane 3 effect box; Lanes 1,2,4,5 are unrecorded"
T5,110,4,stamina_cost_down,0,8,8,"MISSING_MEASURED_LANE: T5 measured_data_v2 only captures Lane 3 effect box; Lanes 1,2,4,5 are unrecorded"
T5,110,5,a_skill_score_up,0,7,7,"MISSING_MEASURED_LANE: T5 measured_data_v2 only captures Lane 3 effect box; Lanes 1,2,4,5 are unrecorded"
T5,110,5,combo_continue,0,1,1,"MISSING_MEASURED_LANE: T5 measured_data_v2 only captures Lane 3 effect box; Lanes 1,2,4,5 are unrecorded"
T5,110,5,critical_coeff_up,0,3,3,"MISSING_MEASURED_LANE: T5 measured_data_v2 only captures Lane 3 effect box; Lanes 1,2,4,5 are unrecorded"
T5,110,5,stamina_cost_down,0,8,8,"MISSING_MEASURED_LANE: T5 measured_data_v2 only captures Lane 3 effect box; Lanes 1,2,4,5 are unrecorded"
T5,111,1,combo_continue,0,1,1,"MISSING_MEASURED_LANE: T5 measured_data_v2 only captures Lane 3 effect box; Lanes 1,2,4,5 are unrecorded"
T5,111,1,stamina_cost_down,0,8,8,"MISSING_MEASURED_LANE: T5 measured_data_v2 only captures Lane 3 effect box; Lanes 1,2,4,5 are unrecorded"
T5,111,2,a_skill_score_up,0,7,7,"MISSING_MEASURED_LANE: T5 measured_data_v2 only captures Lane 3 effect box; Lanes 1,2,4,5 are unrecorded"
T5,111,2,combo_continue,0,1,1,"MISSING_MEASURED_LANE: T5 measured_data_v2 only captures Lane 3 effect box; Lanes 1,2,4,5 are unrecorded"
T5,111,2,score_up,0,8,8,"MISSING_MEASURED_LANE: T5 measured_data_v2 only captures Lane 3 effect box; Lanes 1,2,4,5 are unrecorded"
T5,111,2,stamina_cost_down,0,8,8,"MISSING_MEASURED_LANE: T5 measured_data_v2 only captures Lane 3 effect box; Lanes 1,2,4,5 are unrecorded"
T5,111,3,a_skill_score_up,0,20,20,DECAY_TIMING_LAG: Buff expired in measured 1-2 beats earlier than sim (in-game decay counts activation beat)
T5,111,3,combo_continue,0,2,2,FLAG_NOT_STAGED: combo_continue is a boolean flag without stages (recorded as stage: null in measured)
T5,111,3,combo_score_up,0,30,30,DECAY_TIMING_LAG: Buff expired in measured 1-2 beats earlier than sim (in-game decay counts activation beat)
T5,111,3,critical_rate_up,5,20,15,BUFF_STAGE_MISMATCH: Measured 5 vs Sim 20 (diff=15)
T5,111,3,focus,56,10,-46,BUFF_STAGE_MISMATCH: Measured 56 vs Sim 10 (diff=-46)
T5,111,3,score_up,0,20,20,DECAY_TIMING_LAG: Buff expired in measured 1-2 beats earlier than sim (in-game decay counts activation beat)
T5,111,3,skill_success_up,30,7,-23,BUFF_STAGE_MISMATCH: Measured 30 vs Sim 7 (diff=-23)
T5,111,3,stamina_cost_down,42,20,-22,BUFF_STAGE_MISMATCH: Measured 42 vs Sim 20 (diff=-22)
T5,111,3,tension_up,0,15,15,DECAY_TIMING_LAG: Buff expired in measured 1-2 beats earlier than sim (in-game decay counts activation beat)
T5,111,3,vocal_boost,0,20,20,DECAY_TIMING_LAG: Buff expired in measured 1-2 beats earlier than sim (in-game decay counts activation beat)
T5,111,3,vocal_up,35,20,-15,BUFF_STAGE_MISMATCH: Measured 35 vs Sim 20 (diff=-15)
T5,111,3,vocal_up_extreme,50,5,-45,BUFF_STAGE_MISMATCH: Measured 50 vs Sim 5 (diff=-45)
T5,111,4,combo_continue,0,1,1,"MISSING_MEASURED_LANE: T5 measured_data_v2 only captures Lane 3 effect box; Lanes 1,2,4,5 are unrecorded"
T5,111,4,stamina_cost_down,0,8,8,"MISSING_MEASURED_LANE: T5 measured_data_v2 only captures Lane 3 effect box; Lanes 1,2,4,5 are unrecorded"
T5,111,5,a_skill_score_up,0,7,7,"MISSING_MEASURED_LANE: T5 measured_data_v2 only captures Lane 3 effect box; Lanes 1,2,4,5 are unrecorded"
T5,111,5,combo_continue,0,1,1,"MISSING_MEASURED_LANE: T5 measured_data_v2 only captures Lane 3 effect box; Lanes 1,2,4,5 are unrecorded"
T5,111,5,critical_coeff_up,0,3,3,"MISSING_MEASURED_LANE: T5 measured_data_v2 only captures Lane 3 effect box; Lanes 1,2,4,5 are unrecorded"
T5,111,5,stamina_cost_down,0,8,8,"MISSING_MEASURED_LANE: T5 measured_data_v2 only captures Lane 3 effect box; Lanes 1,2,4,5 are unrecorded"
T5,112,1,combo_continue,0,1,1,"MISSING_MEASURED_LANE: T5 measured_data_v2 only captures Lane 3 effect box; Lanes 1,2,4,5 are unrecorded"
T5,112,1,stamina_cost_down,0,8,8,"MISSING_MEASURED_LANE: T5 measured_data_v2 only captures Lane 3 effect box; Lanes 1,2,4,5 are unrecorded"
T5,112,2,a_skill_score_up,0,7,7,"MISSING_MEASURED_LANE: T5 measured_data_v2 only captures Lane 3 effect box; Lanes 1,2,4,5 are unrecorded"
T5,112,2,combo_continue,0,1,1,"MISSING_MEASURED_LANE: T5 measured_data_v2 only captures Lane 3 effect box; Lanes 1,2,4,5 are unrecorded"
T5,112,2,score_up,0,8,8,"MISSING_MEASURED_LANE: T5 measured_data_v2 only captures Lane 3 effect box; Lanes 1,2,4,5 are unrecorded"
T5,112,2,stamina_cost_down,0,8,8,"MISSING_MEASURED_LANE: T5 measured_data_v2 only captures Lane 3 effect box; Lanes 1,2,4,5 are unrecorded"
T5,112,3,combo_continue,0,2,2,FLAG_NOT_STAGED: combo_continue is a boolean flag without stages (recorded as stage: null in measured)
T5,112,3,combo_score_up,36,30,-6,BUFF_STAGE_MISMATCH: Measured 36 vs Sim 30 (diff=-6)
T5,112,3,critical_coeff_up,10,30,20,BUFF_STAGE_MISMATCH: Measured 10 vs Sim 30 (diff=20)
T5,112,3,critical_rate_up,0,20,20,DECAY_TIMING_LAG: Buff expired in measured 1-2 beats earlier than sim (in-game decay counts activation beat)
T5,112,3,focus,20,10,-10,BUFF_STAGE_MISMATCH: Measured 20 vs Sim 10 (diff=-10)
T5,112,3,skill_success_up,10,7,-3,BUFF_STAGE_MISMATCH: Measured 10 vs Sim 7 (diff=-3)
T5,112,3,stamina_cost_down,7,20,13,BUFF_STAGE_MISMATCH: Measured 7 vs Sim 20 (diff=13)
T5,112,3,tension_up,35,15,-20,BUFF_STAGE_MISMATCH: Measured 35 vs Sim 15 (diff=-20)
T5,112,3,vocal_boost,25,20,-5,BUFF_STAGE_MISMATCH: Measured 25 vs Sim 20 (diff=-5)
T5,112,3,vocal_up,5,20,15,BUFF_STAGE_MISMATCH: Measured 5 vs Sim 20 (diff=15)
T5,112,3,vocal_up_extreme,30,5,-25,BUFF_STAGE_MISMATCH: Measured 30 vs Sim 5 (diff=-25)
T5,112,4,combo_continue,0,1,1,"MISSING_MEASURED_LANE: T5 measured_data_v2 only captures Lane 3 effect box; Lanes 1,2,4,5 are unrecorded"
T5,112,4,stamina_cost_down,0,8,8,"MISSING_MEASURED_LANE: T5 measured_data_v2 only captures Lane 3 effect box; Lanes 1,2,4,5 are unrecorded"
T5,112,5,a_skill_score_up,0,7,7,"MISSING_MEASURED_LANE: T5 measured_data_v2 only captures Lane 3 effect box; Lanes 1,2,4,5 are unrecorded"
T5,112,5,combo_continue,0,1,1,"MISSING_MEASURED_LANE: T5 measured_data_v2 only captures Lane 3 effect box; Lanes 1,2,4,5 are unrecorded"
T5,112,5,critical_coeff_up,0,3,3,"MISSING_MEASURED_LANE: T5 measured_data_v2 only captures Lane 3 effect box; Lanes 1,2,4,5 are unrecorded"
T5,112,5,stamina_cost_down,0,8,8,"MISSING_MEASURED_LANE: T5 measured_data_v2 only captures Lane 3 effect box; Lanes 1,2,4,5 are unrecorded"
T5,113,1,combo_continue,0,1,1,"MISSING_MEASURED_LANE: T5 measured_data_v2 only captures Lane 3 effect box; Lanes 1,2,4,5 are unrecorded"
T5,113,1,stamina_cost_down,0,8,8,"MISSING_MEASURED_LANE: T5 measured_data_v2 only captures Lane 3 effect box; Lanes 1,2,4,5 are unrecorded"
T5,113,2,a_skill_score_up,0,7,7,"MISSING_MEASURED_LANE: T5 measured_data_v2 only captures Lane 3 effect box; Lanes 1,2,4,5 are unrecorded"
T5,113,2,combo_continue,0,1,1,"MISSING_MEASURED_LANE: T5 measured_data_v2 only captures Lane 3 effect box; Lanes 1,2,4,5 are unrecorded"
T5,113,2,score_up,0,8,8,"MISSING_MEASURED_LANE: T5 measured_data_v2 only captures Lane 3 effect box; Lanes 1,2,4,5 are unrecorded"
T5,113,2,stamina_cost_down,0,8,8,"MISSING_MEASURED_LANE: T5 measured_data_v2 only captures Lane 3 effect box; Lanes 1,2,4,5 are unrecorded"
T5,113,3,a_skill_score_up,0,20,20,DECAY_TIMING_LAG: Buff expired in measured 1-2 beats earlier than sim (in-game decay counts activation beat)
T5,113,3,combo_continue,0,2,2,FLAG_NOT_STAGED: combo_continue is a boolean flag without stages (recorded as stage: null in measured)
T5,113,3,combo_score_up,0,30,30,DECAY_TIMING_LAG: Buff expired in measured 1-2 beats earlier than sim (in-game decay counts activation beat)
T5,113,3,critical_rate_up,5,20,15,BUFF_STAGE_MISMATCH: Measured 5 vs Sim 20 (diff=15)
T5,113,3,focus,56,10,-46,BUFF_STAGE_MISMATCH: Measured 56 vs Sim 10 (diff=-46)
T5,113,3,score_up,0,20,20,DECAY_TIMING_LAG: Buff expired in measured 1-2 beats earlier than sim (in-game decay counts activation beat)
T5,113,3,skill_success_up,30,7,-23,BUFF_STAGE_MISMATCH: Measured 30 vs Sim 7 (diff=-23)
T5,113,3,stamina_cost_down,22,20,-2,BUFF_STAGE_MISMATCH: Measured 22 vs Sim 20 (diff=-2)
T5,113,3,tension_up,0,15,15,DECAY_TIMING_LAG: Buff expired in measured 1-2 beats earlier than sim (in-game decay counts activation beat)
T5,113,3,vocal_up,35,20,-15,BUFF_STAGE_MISMATCH: Measured 35 vs Sim 20 (diff=-15)
T5,113,3,vocal_up_extreme,50,5,-45,BUFF_STAGE_MISMATCH: Measured 50 vs Sim 5 (diff=-45)
T5,113,4,combo_continue,0,1,1,"MISSING_MEASURED_LANE: T5 measured_data_v2 only captures Lane 3 effect box; Lanes 1,2,4,5 are unrecorded"
T5,113,4,stamina_cost_down,0,8,8,"MISSING_MEASURED_LANE: T5 measured_data_v2 only captures Lane 3 effect box; Lanes 1,2,4,5 are unrecorded"
T5,113,5,a_skill_score_up,0,7,7,"MISSING_MEASURED_LANE: T5 measured_data_v2 only captures Lane 3 effect box; Lanes 1,2,4,5 are unrecorded"
T5,113,5,combo_continue,0,1,1,"MISSING_MEASURED_LANE: T5 measured_data_v2 only captures Lane 3 effect box; Lanes 1,2,4,5 are unrecorded"
T5,113,5,critical_coeff_up,0,3,3,"MISSING_MEASURED_LANE: T5 measured_data_v2 only captures Lane 3 effect box; Lanes 1,2,4,5 are unrecorded"
T5,113,5,stamina_cost_down,0,8,8,"MISSING_MEASURED_LANE: T5 measured_data_v2 only captures Lane 3 effect box; Lanes 1,2,4,5 are unrecorded"
T5,114,1,combo_continue,0,1,1,"MISSING_MEASURED_LANE: T5 measured_data_v2 only captures Lane 3 effect box; Lanes 1,2,4,5 are unrecorded"
T5,114,1,stamina_cost_down,0,8,8,"MISSING_MEASURED_LANE: T5 measured_data_v2 only captures Lane 3 effect box; Lanes 1,2,4,5 are unrecorded"
T5,114,2,a_skill_score_up,0,7,7,"MISSING_MEASURED_LANE: T5 measured_data_v2 only captures Lane 3 effect box; Lanes 1,2,4,5 are unrecorded"
T5,114,2,combo_continue,0,1,1,"MISSING_MEASURED_LANE: T5 measured_data_v2 only captures Lane 3 effect box; Lanes 1,2,4,5 are unrecorded"
T5,114,2,score_up,0,8,8,"MISSING_MEASURED_LANE: T5 measured_data_v2 only captures Lane 3 effect box; Lanes 1,2,4,5 are unrecorded"
T5,114,2,stamina_cost_down,0,8,8,"MISSING_MEASURED_LANE: T5 measured_data_v2 only captures Lane 3 effect box; Lanes 1,2,4,5 are unrecorded"
T5,114,3,combo_continue,0,2,2,FLAG_NOT_STAGED: combo_continue is a boolean flag without stages (recorded as stage: null in measured)
T5,114,3,combo_score_up,0,30,30,DECAY_TIMING_LAG: Buff expired in measured 1-2 beats earlier than sim (in-game decay counts activation beat)
T5,114,3,critical_coeff_up,10,30,20,BUFF_STAGE_MISMATCH: Measured 10 vs Sim 30 (diff=20)
T5,114,3,focus,30,10,-20,BUFF_STAGE_MISMATCH: Measured 30 vs Sim 10 (diff=-20)
T5,114,3,score_up,0,20,20,DECAY_TIMING_LAG: Buff expired in measured 1-2 beats earlier than sim (in-game decay counts activation beat)
T5,114,3,skill_success_up,10,7,-3,BUFF_STAGE_MISMATCH: Measured 10 vs Sim 7 (diff=-3)
T5,114,3,stamina_cost_down,42,20,-22,BUFF_STAGE_MISMATCH: Measured 42 vs Sim 20 (diff=-22)
T5,114,3,tension_up,0,15,15,DECAY_TIMING_LAG: Buff expired in measured 1-2 beats earlier than sim (in-game decay counts activation beat)
T5,114,3,vocal_boost,5,20,15,BUFF_STAGE_MISMATCH: Measured 5 vs Sim 20 (diff=15)
T5,114,3,vocal_up,25,20,-5,BUFF_STAGE_MISMATCH: Measured 25 vs Sim 20 (diff=-5)
T5,114,3,vocal_up_extreme,76,5,-71,BUFF_STAGE_MISMATCH: Measured 76 vs Sim 5 (diff=-71)
T5,114,4,combo_continue,0,1,1,"MISSING_MEASURED_LANE: T5 measured_data_v2 only captures Lane 3 effect box; Lanes 1,2,4,5 are unrecorded"
T5,114,4,stamina_cost_down,0,8,8,"MISSING_MEASURED_LANE: T5 measured_data_v2 only captures Lane 3 effect box; Lanes 1,2,4,5 are unrecorded"
T5,114,5,a_skill_score_up,0,7,7,"MISSING_MEASURED_LANE: T5 measured_data_v2 only captures Lane 3 effect box; Lanes 1,2,4,5 are unrecorded"
T5,114,5,combo_continue,0,1,1,"MISSING_MEASURED_LANE: T5 measured_data_v2 only captures Lane 3 effect box; Lanes 1,2,4,5 are unrecorded"
T5,114,5,critical_coeff_up,0,3,3,"MISSING_MEASURED_LANE: T5 measured_data_v2 only captures Lane 3 effect box; Lanes 1,2,4,5 are unrecorded"
T5,114,5,stamina_cost_down,0,8,8,"MISSING_MEASURED_LANE: T5 measured_data_v2 only captures Lane 3 effect box; Lanes 1,2,4,5 are unrecorded"
T5,115,1,combo_continue,0,1,1,"MISSING_MEASURED_LANE: T5 measured_data_v2 only captures Lane 3 effect box; Lanes 1,2,4,5 are unrecorded"
T5,115,1,stamina_cost_down,0,8,8,"MISSING_MEASURED_LANE: T5 measured_data_v2 only captures Lane 3 effect box; Lanes 1,2,4,5 are unrecorded"
T5,115,2,a_skill_score_up,0,7,7,"MISSING_MEASURED_LANE: T5 measured_data_v2 only captures Lane 3 effect box; Lanes 1,2,4,5 are unrecorded"
T5,115,2,combo_continue,0,1,1,"MISSING_MEASURED_LANE: T5 measured_data_v2 only captures Lane 3 effect box; Lanes 1,2,4,5 are unrecorded"
T5,115,2,score_up,0,8,8,"MISSING_MEASURED_LANE: T5 measured_data_v2 only captures Lane 3 effect box; Lanes 1,2,4,5 are unrecorded"
T5,115,2,stamina_cost_down,0,8,8,"MISSING_MEASURED_LANE: T5 measured_data_v2 only captures Lane 3 effect box; Lanes 1,2,4,5 are unrecorded"
T5,115,3,combo_continue,0,2,2,FLAG_NOT_STAGED: combo_continue is a boolean flag without stages (recorded as stage: null in measured)
T5,115,3,combo_score_up,29,30,1,AMPLIFY_OR_OVERLAP_ON_BEAT: Activation on b115 (['sk-ski-05-onep-00-1']); measured stage 29 vs sim stage 30
T5,115,3,critical_rate_up,5,20,15,AMPLIFY_OR_OVERLAP_ON_BEAT: Activation on b115 (['sk-ski-05-onep-00-1']); measured stage 5 vs sim stage 20
T5,115,3,focus,30,10,-20,"PHASE_LAG_ACTIVATION: Activated on b115 (acts=['sk-ski-05-onep-00-1']); measured reflects immediately (POST), sim reflects next beat (PRE)"
T5,115,3,score_up,0,20,20,DECAY_TIMING_LAG: Buff expired in measured 1-2 beats earlier than sim (in-game decay counts activation beat)
T5,115,3,skill_success_up,10,7,-3,"PHASE_LAG_ACTIVATION: Activated on b115 (acts=['sk-ski-05-onep-00-1']); measured reflects immediately (POST), sim reflects next beat (PRE)"
T5,115,3,stamina_cost_down,30,20,-10,"PHASE_LAG_ACTIVATION: Activated on b115 (acts=['sk-ski-05-onep-00-1']); measured reflects immediately (POST), sim reflects next beat (PRE)"
T5,115,3,tension_up,20,15,-5,"PHASE_LAG_ACTIVATION: Activated on b115 (acts=['sk-ski-05-onep-00-1']); measured reflects immediately (POST), sim reflects next beat (PRE)"
T5,115,3,vocal_up,25,20,-5,"PHASE_LAG_ACTIVATION: Activated on b115 (acts=['sk-ski-05-onep-00-1']); measured reflects immediately (POST), sim reflects next beat (PRE)"
T5,115,3,vocal_up_extreme,45,5,-40,"PHASE_LAG_ACTIVATION: Activated on b115 (acts=['sk-ski-05-onep-00-1']); measured reflects immediately (POST), sim reflects next beat (PRE)"
T5,115,4,combo_continue,0,1,1,"MISSING_MEASURED_LANE: T5 measured_data_v2 only captures Lane 3 effect box; Lanes 1,2,4,5 are unrecorded"
T5,115,4,stamina_cost_down,0,8,8,"MISSING_MEASURED_LANE: T5 measured_data_v2 only captures Lane 3 effect box; Lanes 1,2,4,5 are unrecorded"
T5,115,5,a_skill_score_up,0,7,7,"MISSING_MEASURED_LANE: T5 measured_data_v2 only captures Lane 3 effect box; Lanes 1,2,4,5 are unrecorded"
T5,115,5,combo_continue,0,1,1,"MISSING_MEASURED_LANE: T5 measured_data_v2 only captures Lane 3 effect box; Lanes 1,2,4,5 are unrecorded"
T5,115,5,critical_coeff_up,0,3,3,"MISSING_MEASURED_LANE: T5 measured_data_v2 only captures Lane 3 effect box; Lanes 1,2,4,5 are unrecorded"
T5,115,5,stamina_cost_down,0,8,8,"MISSING_MEASURED_LANE: T5 measured_data_v2 only captures Lane 3 effect box; Lanes 1,2,4,5 are unrecorded"
T5,116,1,combo_continue,0,1,1,"MISSING_MEASURED_LANE: T5 measured_data_v2 only captures Lane 3 effect box; Lanes 1,2,4,5 are unrecorded"
T5,116,1,stamina_cost_down,0,8,8,"MISSING_MEASURED_LANE: T5 measured_data_v2 only captures Lane 3 effect box; Lanes 1,2,4,5 are unrecorded"
T5,116,2,a_skill_score_up,0,7,7,"MISSING_MEASURED_LANE: T5 measured_data_v2 only captures Lane 3 effect box; Lanes 1,2,4,5 are unrecorded"
T5,116,2,combo_continue,0,1,1,"MISSING_MEASURED_LANE: T5 measured_data_v2 only captures Lane 3 effect box; Lanes 1,2,4,5 are unrecorded"
T5,116,2,score_up,0,8,8,"MISSING_MEASURED_LANE: T5 measured_data_v2 only captures Lane 3 effect box; Lanes 1,2,4,5 are unrecorded"
T5,116,2,stamina_cost_down,0,8,8,"MISSING_MEASURED_LANE: T5 measured_data_v2 only captures Lane 3 effect box; Lanes 1,2,4,5 are unrecorded"
T5,116,3,combo_continue,0,2,2,FLAG_NOT_STAGED: combo_continue is a boolean flag without stages (recorded as stage: null in measured)
T5,116,3,combo_score_up,39,30,-9,BUFF_STAGE_MISMATCH: Measured 39 vs Sim 30 (diff=-9)
T5,116,3,critical_coeff_up,10,30,20,BUFF_STAGE_MISMATCH: Measured 10 vs Sim 30 (diff=20)
T5,116,3,critical_rate_up,0,20,20,DECAY_TIMING_LAG: Buff expired in measured 1-2 beats earlier than sim (in-game decay counts activation beat)
T5,116,3,focus,20,10,-10,BUFF_STAGE_MISMATCH: Measured 20 vs Sim 10 (diff=-10)
T5,116,3,score_up,35,20,-15,BUFF_STAGE_MISMATCH: Measured 35 vs Sim 20 (diff=-15)
T5,116,3,stamina_cost_down,10,20,10,BUFF_STAGE_MISMATCH: Measured 10 vs Sim 20 (diff=10)
T5,116,3,tension_up,20,15,-5,BUFF_STAGE_MISMATCH: Measured 20 vs Sim 15 (diff=-5)
T5,116,3,vocal_boost,25,20,-5,BUFF_STAGE_MISMATCH: Measured 25 vs Sim 20 (diff=-5)
T5,116,3,vocal_up,5,20,15,BUFF_STAGE_MISMATCH: Measured 5 vs Sim 20 (diff=15)
T5,116,3,vocal_up_extreme,30,5,-25,BUFF_STAGE_MISMATCH: Measured 30 vs Sim 5 (diff=-25)
T5,116,4,combo_continue,0,1,1,"MISSING_MEASURED_LANE: T5 measured_data_v2 only captures Lane 3 effect box; Lanes 1,2,4,5 are unrecorded"
T5,116,4,stamina_cost_down,0,8,8,"MISSING_MEASURED_LANE: T5 measured_data_v2 only captures Lane 3 effect box; Lanes 1,2,4,5 are unrecorded"
T5,116,5,a_skill_score_up,0,7,7,"MISSING_MEASURED_LANE: T5 measured_data_v2 only captures Lane 3 effect box; Lanes 1,2,4,5 are unrecorded"
T5,116,5,combo_continue,0,1,1,"MISSING_MEASURED_LANE: T5 measured_data_v2 only captures Lane 3 effect box; Lanes 1,2,4,5 are unrecorded"
T5,116,5,critical_coeff_up,0,3,3,"MISSING_MEASURED_LANE: T5 measured_data_v2 only captures Lane 3 effect box; Lanes 1,2,4,5 are unrecorded"
T5,116,5,stamina_cost_down,0,8,8,"MISSING_MEASURED_LANE: T5 measured_data_v2 only captures Lane 3 effect box; Lanes 1,2,4,5 are unrecorded"
T5,117,1,combo_continue,0,1,1,"MISSING_MEASURED_LANE: T5 measured_data_v2 only captures Lane 3 effect box; Lanes 1,2,4,5 are unrecorded"
T5,117,1,stamina_cost_down,0,8,8,"MISSING_MEASURED_LANE: T5 measured_data_v2 only captures Lane 3 effect box; Lanes 1,2,4,5 are unrecorded"
T5,117,2,a_skill_score_up,0,7,7,"MISSING_MEASURED_LANE: T5 measured_data_v2 only captures Lane 3 effect box; Lanes 1,2,4,5 are unrecorded"
T5,117,2,combo_continue,0,1,1,"MISSING_MEASURED_LANE: T5 measured_data_v2 only captures Lane 3 effect box; Lanes 1,2,4,5 are unrecorded"
T5,117,2,score_up,0,8,8,"MISSING_MEASURED_LANE: T5 measured_data_v2 only captures Lane 3 effect box; Lanes 1,2,4,5 are unrecorded"
T5,117,2,stamina_cost_down,0,8,8,"MISSING_MEASURED_LANE: T5 measured_data_v2 only captures Lane 3 effect box; Lanes 1,2,4,5 are unrecorded"
T5,117,3,combo_continue,0,2,2,FLAG_NOT_STAGED: combo_continue is a boolean flag without stages (recorded as stage: null in measured)
T5,117,3,combo_score_up,39,30,-9,BUFF_STAGE_MISMATCH: Measured 39 vs Sim 30 (diff=-9)
T5,117,3,critical_coeff_up,10,30,20,BUFF_STAGE_MISMATCH: Measured 10 vs Sim 30 (diff=20)
T5,117,3,critical_rate_up,0,20,20,DECAY_TIMING_LAG: Buff expired in measured 1-2 beats earlier than sim (in-game decay counts activation beat)
T5,117,3,focus,20,10,-10,BUFF_STAGE_MISMATCH: Measured 20 vs Sim 10 (diff=-10)
T5,117,3,stamina_cost_down,10,20,10,BUFF_STAGE_MISMATCH: Measured 10 vs Sim 20 (diff=10)
T5,117,3,vocal_up,5,20,15,BUFF_STAGE_MISMATCH: Measured 5 vs Sim 20 (diff=15)
T5,117,3,vocal_up_extreme,30,5,-25,BUFF_STAGE_MISMATCH: Measured 30 vs Sim 5 (diff=-25)
T5,117,4,combo_continue,0,1,1,"MISSING_MEASURED_LANE: T5 measured_data_v2 only captures Lane 3 effect box; Lanes 1,2,4,5 are unrecorded"
T5,117,4,stamina_cost_down,0,8,8,"MISSING_MEASURED_LANE: T5 measured_data_v2 only captures Lane 3 effect box; Lanes 1,2,4,5 are unrecorded"
T5,117,5,a_skill_score_up,0,7,7,"MISSING_MEASURED_LANE: T5 measured_data_v2 only captures Lane 3 effect box; Lanes 1,2,4,5 are unrecorded"
T5,117,5,combo_continue,0,1,1,"MISSING_MEASURED_LANE: T5 measured_data_v2 only captures Lane 3 effect box; Lanes 1,2,4,5 are unrecorded"
T5,117,5,critical_coeff_up,0,3,3,"MISSING_MEASURED_LANE: T5 measured_data_v2 only captures Lane 3 effect box; Lanes 1,2,4,5 are unrecorded"
T5,117,5,stamina_cost_down,0,8,8,"MISSING_MEASURED_LANE: T5 measured_data_v2 only captures Lane 3 effect box; Lanes 1,2,4,5 are unrecorded"
T5,118,1,combo_continue,0,1,1,"MISSING_MEASURED_LANE: T5 measured_data_v2 only captures Lane 3 effect box; Lanes 1,2,4,5 are unrecorded"
T5,118,1,stamina_cost_down,0,8,8,"MISSING_MEASURED_LANE: T5 measured_data_v2 only captures Lane 3 effect box; Lanes 1,2,4,5 are unrecorded"
T5,118,2,a_skill_score_up,0,7,7,"MISSING_MEASURED_LANE: T5 measured_data_v2 only captures Lane 3 effect box; Lanes 1,2,4,5 are unrecorded"
T5,118,2,combo_continue,0,1,1,"MISSING_MEASURED_LANE: T5 measured_data_v2 only captures Lane 3 effect box; Lanes 1,2,4,5 are unrecorded"
T5,118,2,score_up,0,8,8,"MISSING_MEASURED_LANE: T5 measured_data_v2 only captures Lane 3 effect box; Lanes 1,2,4,5 are unrecorded"
T5,118,2,stamina_cost_down,0,8,8,"MISSING_MEASURED_LANE: T5 measured_data_v2 only captures Lane 3 effect box; Lanes 1,2,4,5 are unrecorded"
T5,118,3,combo_continue,0,2,2,FLAG_NOT_STAGED: combo_continue is a boolean flag without stages (recorded as stage: null in measured)
T5,118,3,critical_rate_up,5,20,15,AMPLIFY_OR_OVERLAP_ON_BEAT: Activation on b118 (['photo-L5-3']); measured stage 5 vs sim stage 20
T5,118,3,focus,30,10,-20,"PHASE_LAG_ACTIVATION: Activated on b118 (acts=['photo-L5-3']); measured reflects immediately (POST), sim reflects next beat (PRE)"
T5,118,3,score_up,35,20,-15,"PHASE_LAG_ACTIVATION: Activated on b118 (acts=['photo-L5-3']); measured reflects immediately (POST), sim reflects next beat (PRE)"
T5,118,3,stamina_cost_down,30,20,-10,"PHASE_LAG_ACTIVATION: Activated on b118 (acts=['photo-L5-3']); measured reflects immediately (POST), sim reflects next beat (PRE)"
T5,118,3,tension_up,0,15,15,DECAY_TIMING_LAG: Buff expired in measured 1-2 beats earlier than sim (in-game decay counts activation beat)
T5,118,3,vocal_up,25,20,-5,"PHASE_LAG_ACTIVATION: Activated on b118 (acts=['photo-L5-3']); measured reflects immediately (POST), sim reflects next beat (PRE)"
T5,118,3,vocal_up_extreme,30,5,-25,"PHASE_LAG_ACTIVATION: Activated on b118 (acts=['photo-L5-3']); measured reflects immediately (POST), sim reflects next beat (PRE)"
T5,118,4,combo_continue,0,1,1,"MISSING_MEASURED_LANE: T5 measured_data_v2 only captures Lane 3 effect box; Lanes 1,2,4,5 are unrecorded"
T5,118,4,stamina_cost_down,0,8,8,"MISSING_MEASURED_LANE: T5 measured_data_v2 only captures Lane 3 effect box; Lanes 1,2,4,5 are unrecorded"
T5,118,5,a_skill_score_up,0,7,7,"MISSING_MEASURED_LANE: T5 measured_data_v2 only captures Lane 3 effect box; Lanes 1,2,4,5 are unrecorded"
T5,118,5,combo_continue,0,1,1,"MISSING_MEASURED_LANE: T5 measured_data_v2 only captures Lane 3 effect box; Lanes 1,2,4,5 are unrecorded"
T5,118,5,critical_coeff_up,0,3,3,"MISSING_MEASURED_LANE: T5 measured_data_v2 only captures Lane 3 effect box; Lanes 1,2,4,5 are unrecorded"
T5,118,5,stamina_cost_down,0,8,8,"MISSING_MEASURED_LANE: T5 measured_data_v2 only captures Lane 3 effect box; Lanes 1,2,4,5 are unrecorded"
T5,119,1,combo_continue,0,1,1,"MISSING_MEASURED_LANE: T5 measured_data_v2 only captures Lane 3 effect box; Lanes 1,2,4,5 are unrecorded"
T5,119,1,stamina_cost_down,0,8,8,"MISSING_MEASURED_LANE: T5 measured_data_v2 only captures Lane 3 effect box; Lanes 1,2,4,5 are unrecorded"
T5,119,2,a_skill_score_up,0,7,7,"MISSING_MEASURED_LANE: T5 measured_data_v2 only captures Lane 3 effect box; Lanes 1,2,4,5 are unrecorded"
T5,119,2,combo_continue,0,1,1,"MISSING_MEASURED_LANE: T5 measured_data_v2 only captures Lane 3 effect box; Lanes 1,2,4,5 are unrecorded"
T5,119,2,score_up,0,8,8,"MISSING_MEASURED_LANE: T5 measured_data_v2 only captures Lane 3 effect box; Lanes 1,2,4,5 are unrecorded"
T5,119,2,stamina_cost_down,0,8,8,"MISSING_MEASURED_LANE: T5 measured_data_v2 only captures Lane 3 effect box; Lanes 1,2,4,5 are unrecorded"
T5,119,3,combo_continue,0,2,2,FLAG_NOT_STAGED: combo_continue is a boolean flag without stages (recorded as stage: null in measured)
T5,119,3,critical_coeff_up,15,30,15,BUFF_STAGE_MISMATCH: Measured 15 vs Sim 30 (diff=15)
T5,119,3,critical_rate_up,0,20,20,DECAY_TIMING_LAG: Buff expired in measured 1-2 beats earlier than sim (in-game decay counts activation beat)
T5,119,3,focus,30,10,-20,BUFF_STAGE_MISMATCH: Measured 30 vs Sim 10 (diff=-20)
T5,119,3,score_up,0,20,20,DECAY_TIMING_LAG: Buff expired in measured 1-2 beats earlier than sim (in-game decay counts activation beat)
T5,119,3,stamina_cost_down,10,20,10,BUFF_STAGE_MISMATCH: Measured 10 vs Sim 20 (diff=10)
T5,119,3,tension_up,20,15,-5,BUFF_STAGE_MISMATCH: Measured 20 vs Sim 15 (diff=-5)
T5,119,3,vocal_up,25,20,-5,BUFF_STAGE_MISMATCH: Measured 25 vs Sim 20 (diff=-5)
T5,119,3,vocal_up_extreme,65,5,-60,BUFF_STAGE_MISMATCH: Measured 65 vs Sim 5 (diff=-60)
T5,119,4,combo_continue,0,1,1,"MISSING_MEASURED_LANE: T5 measured_data_v2 only captures Lane 3 effect box; Lanes 1,2,4,5 are unrecorded"
T5,119,4,stamina_cost_down,0,8,8,"MISSING_MEASURED_LANE: T5 measured_data_v2 only captures Lane 3 effect box; Lanes 1,2,4,5 are unrecorded"
T5,119,5,a_skill_score_up,0,7,7,"MISSING_MEASURED_LANE: T5 measured_data_v2 only captures Lane 3 effect box; Lanes 1,2,4,5 are unrecorded"
T5,119,5,combo_continue,0,1,1,"MISSING_MEASURED_LANE: T5 measured_data_v2 only captures Lane 3 effect box; Lanes 1,2,4,5 are unrecorded"
T5,119,5,critical_coeff_up,0,3,3,"MISSING_MEASURED_LANE: T5 measured_data_v2 only captures Lane 3 effect box; Lanes 1,2,4,5 are unrecorded"
T5,119,5,stamina_cost_down,0,8,8,"MISSING_MEASURED_LANE: T5 measured_data_v2 only captures Lane 3 effect box; Lanes 1,2,4,5 are unrecorded"
T5,120,1,combo_continue,0,1,1,"MISSING_MEASURED_LANE: T5 measured_data_v2 only captures Lane 3 effect box; Lanes 1,2,4,5 are unrecorded"
T5,120,1,stamina_cost_down,0,8,8,"MISSING_MEASURED_LANE: T5 measured_data_v2 only captures Lane 3 effect box; Lanes 1,2,4,5 are unrecorded"
T5,120,2,a_skill_score_up,0,7,7,"MISSING_MEASURED_LANE: T5 measured_data_v2 only captures Lane 3 effect box; Lanes 1,2,4,5 are unrecorded"
T5,120,2,combo_continue,0,1,1,"MISSING_MEASURED_LANE: T5 measured_data_v2 only captures Lane 3 effect box; Lanes 1,2,4,5 are unrecorded"
T5,120,2,score_up,0,8,8,"MISSING_MEASURED_LANE: T5 measured_data_v2 only captures Lane 3 effect box; Lanes 1,2,4,5 are unrecorded"
T5,120,2,stamina_cost_down,0,8,8,"MISSING_MEASURED_LANE: T5 measured_data_v2 only captures Lane 3 effect box; Lanes 1,2,4,5 are unrecorded"
T5,120,3,combo_continue,0,2,2,FLAG_NOT_STAGED: combo_continue is a boolean flag without stages (recorded as stage: null in measured)
T5,120,3,critical_coeff_up,10,30,20,"AMPLIFY_OR_OVERLAP_ON_BEAT: Activation on b120 (['sk-ktn-05-wedd-00-3', 'photo-L2-1']); measured stage 10 vs sim stage 30"
T5,120,3,critical_rate_up,0,20,20,DECAY_TIMING_LAG: Buff expired in measured 1-2 beats earlier than sim (in-game decay counts activation beat)
T5,120,3,focus,30,10,-20,"PHASE_LAG_ACTIVATION: Activated on b120 (acts=['sk-ktn-05-wedd-00-3', 'photo-L2-1']); measured reflects immediately (POST), sim reflects next beat (PRE)"
T5,120,3,stamina_cost_down,10,20,10,"AMPLIFY_OR_OVERLAP_ON_BEAT: Activation on b120 (['sk-ktn-05-wedd-00-3', 'photo-L2-1']); measured stage 10 vs sim stage 20"
T5,120,3,tension_up,35,15,-20,"PHASE_LAG_ACTIVATION: Activated on b120 (acts=['sk-ktn-05-wedd-00-3', 'photo-L2-1']); measured reflects immediately (POST), sim reflects next beat (PRE)"
T5,120,3,vocal_boost,25,20,-5,"PHASE_LAG_ACTIVATION: Activated on b120 (acts=['sk-ktn-05-wedd-00-3', 'photo-L2-1']); measured reflects immediately (POST), sim reflects next beat (PRE)"
T5,120,3,vocal_up,25,20,-5,"PHASE_LAG_ACTIVATION: Activated on b120 (acts=['sk-ktn-05-wedd-00-3', 'photo-L2-1']); measured reflects immediately (POST), sim reflects next beat (PRE)"
T5,120,3,vocal_up_extreme,30,5,-25,"PHASE_LAG_ACTIVATION: Activated on b120 (acts=['sk-ktn-05-wedd-00-3', 'photo-L2-1']); measured reflects immediately (POST), sim reflects next beat (PRE)"
T5,120,4,combo_continue,0,1,1,"MISSING_MEASURED_LANE: T5 measured_data_v2 only captures Lane 3 effect box; Lanes 1,2,4,5 are unrecorded"
T5,120,4,stamina_cost_down,0,8,8,"MISSING_MEASURED_LANE: T5 measured_data_v2 only captures Lane 3 effect box; Lanes 1,2,4,5 are unrecorded"
T5,120,5,a_skill_score_up,0,7,7,"MISSING_MEASURED_LANE: T5 measured_data_v2 only captures Lane 3 effect box; Lanes 1,2,4,5 are unrecorded"
T5,120,5,combo_continue,0,1,1,"MISSING_MEASURED_LANE: T5 measured_data_v2 only captures Lane 3 effect box; Lanes 1,2,4,5 are unrecorded"
T5,120,5,stamina_cost_down,0,8,8,"MISSING_MEASURED_LANE: T5 measured_data_v2 only captures Lane 3 effect box; Lanes 1,2,4,5 are unrecorded"
T5,121,1,combo_continue,0,1,1,"MISSING_MEASURED_LANE: T5 measured_data_v2 only captures Lane 3 effect box; Lanes 1,2,4,5 are unrecorded"
T5,121,1,stamina_cost_down,0,8,8,"MISSING_MEASURED_LANE: T5 measured_data_v2 only captures Lane 3 effect box; Lanes 1,2,4,5 are unrecorded"
T5,121,2,a_skill_score_up,0,7,7,"MISSING_MEASURED_LANE: T5 measured_data_v2 only captures Lane 3 effect box; Lanes 1,2,4,5 are unrecorded"
T5,121,2,combo_continue,0,1,1,"MISSING_MEASURED_LANE: T5 measured_data_v2 only captures Lane 3 effect box; Lanes 1,2,4,5 are unrecorded"
T5,121,2,score_up,0,8,8,"MISSING_MEASURED_LANE: T5 measured_data_v2 only captures Lane 3 effect box; Lanes 1,2,4,5 are unrecorded"
T5,121,2,stamina_cost_down,0,8,8,"MISSING_MEASURED_LANE: T5 measured_data_v2 only captures Lane 3 effect box; Lanes 1,2,4,5 are unrecorded"
T5,121,3,a_skill_score_up,0,20,20,DECAY_TIMING_LAG: Buff expired in measured 1-2 beats earlier than sim (in-game decay counts activation beat)
T5,121,3,combo_continue,0,2,2,FLAG_NOT_STAGED: combo_continue is a boolean flag without stages (recorded as stage: null in measured)
T5,121,3,combo_score_up,15,30,15,BUFF_STAGE_MISMATCH: Measured 15 vs Sim 30 (diff=15)
T5,121,3,critical_coeff_up,10,30,20,BUFF_STAGE_MISMATCH: Measured 10 vs Sim 30 (diff=20)
T5,121,3,critical_rate_up,5,20,15,BUFF_STAGE_MISMATCH: Measured 5 vs Sim 20 (diff=15)
T5,121,3,focus,30,10,-20,BUFF_STAGE_MISMATCH: Measured 30 vs Sim 10 (diff=-20)
T5,121,3,score_up,0,20,20,DECAY_TIMING_LAG: Buff expired in measured 1-2 beats earlier than sim (in-game decay counts activation beat)
T5,121,3,stamina_cost_down,10,20,10,BUFF_STAGE_MISMATCH: Measured 10 vs Sim 20 (diff=10)
T5,121,3,tension_up,0,15,15,DECAY_TIMING_LAG: Buff expired in measured 1-2 beats earlier than sim (in-game decay counts activation beat)
T5,121,3,vocal_up,25,20,-5,BUFF_STAGE_MISMATCH: Measured 25 vs Sim 20 (diff=-5)
T5,121,3,vocal_up_extreme,50,5,-45,BUFF_STAGE_MISMATCH: Measured 50 vs Sim 5 (diff=-45)
T5,121,4,combo_continue,0,1,1,"MISSING_MEASURED_LANE: T5 measured_data_v2 only captures Lane 3 effect box; Lanes 1,2,4,5 are unrecorded"
T5,121,4,stamina_cost_down,0,8,8,"MISSING_MEASURED_LANE: T5 measured_data_v2 only captures Lane 3 effect box; Lanes 1,2,4,5 are unrecorded"
T5,121,5,a_skill_score_up,0,7,7,"MISSING_MEASURED_LANE: T5 measured_data_v2 only captures Lane 3 effect box; Lanes 1,2,4,5 are unrecorded"
T5,121,5,combo_continue,0,1,1,"MISSING_MEASURED_LANE: T5 measured_data_v2 only captures Lane 3 effect box; Lanes 1,2,4,5 are unrecorded"
T5,121,5,stamina_cost_down,0,8,8,"MISSING_MEASURED_LANE: T5 measured_data_v2 only captures Lane 3 effect box; Lanes 1,2,4,5 are unrecorded"
T5,122,1,combo_continue,0,1,1,"MISSING_MEASURED_LANE: T5 measured_data_v2 only captures Lane 3 effect box; Lanes 1,2,4,5 are unrecorded"
T5,122,1,stamina_cost_down,0,8,8,"MISSING_MEASURED_LANE: T5 measured_data_v2 only captures Lane 3 effect box; Lanes 1,2,4,5 are unrecorded"
T5,122,2,a_skill_score_up,0,7,7,"MISSING_MEASURED_LANE: T5 measured_data_v2 only captures Lane 3 effect box; Lanes 1,2,4,5 are unrecorded"
T5,122,2,combo_continue,0,1,1,"MISSING_MEASURED_LANE: T5 measured_data_v2 only captures Lane 3 effect box; Lanes 1,2,4,5 are unrecorded"
T5,122,2,score_up,0,8,8,"MISSING_MEASURED_LANE: T5 measured_data_v2 only captures Lane 3 effect box; Lanes 1,2,4,5 are unrecorded"
T5,122,2,stamina_cost_down,0,8,8,"MISSING_MEASURED_LANE: T5 measured_data_v2 only captures Lane 3 effect box; Lanes 1,2,4,5 are unrecorded"
T5,122,3,a_skill_score_up,0,20,20,DECAY_TIMING_LAG: Buff expired in measured 1-2 beats earlier than sim (in-game decay counts activation beat)
T5,122,3,combo_continue,0,2,2,FLAG_NOT_STAGED: combo_continue is a boolean flag without stages (recorded as stage: null in measured)
T5,122,3,combo_score_up,15,30,15,BUFF_STAGE_MISMATCH: Measured 15 vs Sim 30 (diff=15)
T5,122,3,critical_coeff_up,10,30,20,BUFF_STAGE_MISMATCH: Measured 10 vs Sim 30 (diff=20)
T5,122,3,critical_rate_up,0,20,20,DECAY_TIMING_LAG: Buff expired in measured 1-2 beats earlier than sim (in-game decay counts activation beat)
T5,122,3,focus,20,10,-10,BUFF_STAGE_MISMATCH: Measured 20 vs Sim 10 (diff=-10)
T5,122,3,score_up,0,20,20,DECAY_TIMING_LAG: Buff expired in measured 1-2 beats earlier than sim (in-game decay counts activation beat)
T5,122,3,stamina_cost_down,10,20,10,BUFF_STAGE_MISMATCH: Measured 10 vs Sim 20 (diff=10)
T5,122,3,tension_up,0,15,15,DECAY_TIMING_LAG: Buff expired in measured 1-2 beats earlier than sim (in-game decay counts activation beat)
T5,122,3,vocal_boost,0,20,20,DECAY_TIMING_LAG: Buff expired in measured 1-2 beats earlier than sim (in-game decay counts activation beat)
T5,122,3,vocal_up,5,20,15,BUFF_STAGE_MISMATCH: Measured 5 vs Sim 20 (diff=15)
T5,122,3,vocal_up_extreme,30,5,-25,BUFF_STAGE_MISMATCH: Measured 30 vs Sim 5 (diff=-25)
T5,122,4,combo_continue,0,1,1,"MISSING_MEASURED_LANE: T5 measured_data_v2 only captures Lane 3 effect box; Lanes 1,2,4,5 are unrecorded"
T5,122,4,stamina_cost_down,0,8,8,"MISSING_MEASURED_LANE: T5 measured_data_v2 only captures Lane 3 effect box; Lanes 1,2,4,5 are unrecorded"
T5,122,5,a_skill_score_up,0,7,7,"MISSING_MEASURED_LANE: T5 measured_data_v2 only captures Lane 3 effect box; Lanes 1,2,4,5 are unrecorded"
T5,122,5,combo_continue,0,1,1,"MISSING_MEASURED_LANE: T5 measured_data_v2 only captures Lane 3 effect box; Lanes 1,2,4,5 are unrecorded"
T5,122,5,stamina_cost_down,0,8,8,"MISSING_MEASURED_LANE: T5 measured_data_v2 only captures Lane 3 effect box; Lanes 1,2,4,5 are unrecorded"
T5,123,1,combo_continue,0,1,1,"MISSING_MEASURED_LANE: T5 measured_data_v2 only captures Lane 3 effect box; Lanes 1,2,4,5 are unrecorded"
T5,123,1,stamina_cost_down,0,8,8,"MISSING_MEASURED_LANE: T5 measured_data_v2 only captures Lane 3 effect box; Lanes 1,2,4,5 are unrecorded"
T5,123,2,a_skill_score_up,0,7,7,"MISSING_MEASURED_LANE: T5 measured_data_v2 only captures Lane 3 effect box; Lanes 1,2,4,5 are unrecorded"
T5,123,2,combo_continue,0,1,1,"MISSING_MEASURED_LANE: T5 measured_data_v2 only captures Lane 3 effect box; Lanes 1,2,4,5 are unrecorded"
T5,123,2,score_up,0,8,8,"MISSING_MEASURED_LANE: T5 measured_data_v2 only captures Lane 3 effect box; Lanes 1,2,4,5 are unrecorded"
T5,123,2,stamina_cost_down,0,8,8,"MISSING_MEASURED_LANE: T5 measured_data_v2 only captures Lane 3 effect box; Lanes 1,2,4,5 are unrecorded"
T5,123,3,a_skill_score_up,0,20,20,DECAY_TIMING_LAG: Buff expired in measured 1-2 beats earlier than sim (in-game decay counts activation beat)
T5,123,3,combo_continue,0,2,2,FLAG_NOT_STAGED: combo_continue is a boolean flag without stages (recorded as stage: null in measured)
T5,123,3,combo_score_up,0,30,30,DECAY_TIMING_LAG: Buff expired in measured 1-2 beats earlier than sim (in-game decay counts activation beat)
T5,123,3,critical_rate_up,5,20,15,BUFF_STAGE_MISMATCH: Measured 5 vs Sim 20 (diff=15)
T5,123,3,focus,60,10,-50,BUFF_STAGE_MISMATCH: Measured 60 vs Sim 10 (diff=-50)
T5,123,3,score_up,0,20,20,DECAY_TIMING_LAG: Buff expired in measured 1-2 beats earlier than sim (in-game decay counts activation beat)
T5,123,3,skill_success_up,30,10,-20,BUFF_STAGE_MISMATCH: Measured 30 vs Sim 10 (diff=-20)
T5,123,3,stamina_cost_down,45,20,-25,BUFF_STAGE_MISMATCH: Measured 45 vs Sim 20 (diff=-25)
T5,123,3,tension_up,0,15,15,DECAY_TIMING_LAG: Buff expired in measured 1-2 beats earlier than sim (in-game decay counts activation beat)
T5,123,3,vocal_boost,0,20,20,DECAY_TIMING_LAG: Buff expired in measured 1-2 beats earlier than sim (in-game decay counts activation beat)
T5,123,3,vocal_up,35,20,-15,BUFF_STAGE_MISMATCH: Measured 35 vs Sim 20 (diff=-15)
T5,123,3,vocal_up_extreme,50,5,-45,BUFF_STAGE_MISMATCH: Measured 50 vs Sim 5 (diff=-45)
T5,123,4,combo_continue,0,1,1,"MISSING_MEASURED_LANE: T5 measured_data_v2 only captures Lane 3 effect box; Lanes 1,2,4,5 are unrecorded"
T5,123,4,stamina_cost_down,0,8,8,"MISSING_MEASURED_LANE: T5 measured_data_v2 only captures Lane 3 effect box; Lanes 1,2,4,5 are unrecorded"
T5,123,5,a_skill_score_up,0,7,7,"MISSING_MEASURED_LANE: T5 measured_data_v2 only captures Lane 3 effect box; Lanes 1,2,4,5 are unrecorded"
T5,123,5,combo_continue,0,1,1,"MISSING_MEASURED_LANE: T5 measured_data_v2 only captures Lane 3 effect box; Lanes 1,2,4,5 are unrecorded"
T5,123,5,stamina_cost_down,0,8,8,"MISSING_MEASURED_LANE: T5 measured_data_v2 only captures Lane 3 effect box; Lanes 1,2,4,5 are unrecorded"
T5,124,1,combo_continue,0,1,1,"MISSING_MEASURED_LANE: T5 measured_data_v2 only captures Lane 3 effect box; Lanes 1,2,4,5 are unrecorded"
T5,124,1,stamina_cost_down,0,8,8,"MISSING_MEASURED_LANE: T5 measured_data_v2 only captures Lane 3 effect box; Lanes 1,2,4,5 are unrecorded"
T5,124,2,a_skill_score_up,0,7,7,"MISSING_MEASURED_LANE: T5 measured_data_v2 only captures Lane 3 effect box; Lanes 1,2,4,5 are unrecorded"
T5,124,2,combo_continue,0,1,1,"MISSING_MEASURED_LANE: T5 measured_data_v2 only captures Lane 3 effect box; Lanes 1,2,4,5 are unrecorded"
T5,124,2,score_up,0,8,8,"MISSING_MEASURED_LANE: T5 measured_data_v2 only captures Lane 3 effect box; Lanes 1,2,4,5 are unrecorded"
T5,124,2,stamina_cost_down,0,8,8,"MISSING_MEASURED_LANE: T5 measured_data_v2 only captures Lane 3 effect box; Lanes 1,2,4,5 are unrecorded"
T5,124,3,combo_continue,0,2,2,FLAG_NOT_STAGED: combo_continue is a boolean flag without stages (recorded as stage: null in measured)
T5,124,3,combo_score_up,50,30,-20,BUFF_STAGE_MISMATCH: Measured 50 vs Sim 30 (diff=-20)
T5,124,3,critical_rate_up,5,20,15,BUFF_STAGE_MISMATCH: Measured 5 vs Sim 20 (diff=15)
T5,124,3,focus,30,10,-20,BUFF_STAGE_MISMATCH: Measured 30 vs Sim 10 (diff=-20)
T5,124,3,score_up,15,20,5,BUFF_STAGE_MISMATCH: Measured 15 vs Sim 20 (diff=5)
T5,124,3,stamina_cost_down,30,20,-10,BUFF_STAGE_MISMATCH: Measured 30 vs Sim 20 (diff=-10)
T5,124,3,tension_up,0,15,15,DECAY_TIMING_LAG: Buff expired in measured 1-2 beats earlier than sim (in-game decay counts activation beat)
T5,124,3,vocal_up,25,20,-5,BUFF_STAGE_MISMATCH: Measured 25 vs Sim 20 (diff=-5)
T5,124,3,vocal_up_extreme,30,5,-25,BUFF_STAGE_MISMATCH: Measured 30 vs Sim 5 (diff=-25)
T5,124,4,combo_continue,0,1,1,"MISSING_MEASURED_LANE: T5 measured_data_v2 only captures Lane 3 effect box; Lanes 1,2,4,5 are unrecorded"
T5,124,4,stamina_cost_down,0,8,8,"MISSING_MEASURED_LANE: T5 measured_data_v2 only captures Lane 3 effect box; Lanes 1,2,4,5 are unrecorded"
T5,124,5,a_skill_score_up,0,7,7,"MISSING_MEASURED_LANE: T5 measured_data_v2 only captures Lane 3 effect box; Lanes 1,2,4,5 are unrecorded"
T5,124,5,combo_continue,0,1,1,"MISSING_MEASURED_LANE: T5 measured_data_v2 only captures Lane 3 effect box; Lanes 1,2,4,5 are unrecorded"
T5,124,5,stamina_cost_down,0,8,8,"MISSING_MEASURED_LANE: T5 measured_data_v2 only captures Lane 3 effect box; Lanes 1,2,4,5 are unrecorded"
T5,125,1,combo_continue,0,1,1,"MISSING_MEASURED_LANE: T5 measured_data_v2 only captures Lane 3 effect box; Lanes 1,2,4,5 are unrecorded"
T5,125,1,stamina_cost_down,0,8,8,"MISSING_MEASURED_LANE: T5 measured_data_v2 only captures Lane 3 effect box; Lanes 1,2,4,5 are unrecorded"
T5,125,2,a_skill_score_up,0,7,7,"MISSING_MEASURED_LANE: T5 measured_data_v2 only captures Lane 3 effect box; Lanes 1,2,4,5 are unrecorded"
T5,125,2,combo_continue,0,1,1,"MISSING_MEASURED_LANE: T5 measured_data_v2 only captures Lane 3 effect box; Lanes 1,2,4,5 are unrecorded"
T5,125,2,score_up,0,8,8,"MISSING_MEASURED_LANE: T5 measured_data_v2 only captures Lane 3 effect box; Lanes 1,2,4,5 are unrecorded"
T5,125,2,stamina_cost_down,0,8,8,"MISSING_MEASURED_LANE: T5 measured_data_v2 only captures Lane 3 effect box; Lanes 1,2,4,5 are unrecorded"
T5,125,3,combo_continue,0,2,2,FLAG_NOT_STAGED: combo_continue is a boolean flag without stages (recorded as stage: null in measured)
T5,125,3,critical_rate_up,5,20,15,AMPLIFY_OR_OVERLAP_ON_BEAT: Activation on b125 (['photo-L5-1']); measured stage 5 vs sim stage 20
T5,125,3,focus,30,10,-20,"PHASE_LAG_ACTIVATION: Activated on b125 (acts=['photo-L5-1']); measured reflects immediately (POST), sim reflects next beat (PRE)"
T5,125,3,stamina_cost_down,30,20,-10,"PHASE_LAG_ACTIVATION: Activated on b125 (acts=['photo-L5-1']); measured reflects immediately (POST), sim reflects next beat (PRE)"
T5,125,3,vocal_up,25,20,-5,"PHASE_LAG_ACTIVATION: Activated on b125 (acts=['photo-L5-1']); measured reflects immediately (POST), sim reflects next beat (PRE)"
T5,125,3,vocal_up_extreme,30,5,-25,"PHASE_LAG_ACTIVATION: Activated on b125 (acts=['photo-L5-1']); measured reflects immediately (POST), sim reflects next beat (PRE)"
T5,125,4,combo_continue,0,1,1,"MISSING_MEASURED_LANE: T5 measured_data_v2 only captures Lane 3 effect box; Lanes 1,2,4,5 are unrecorded"
T5,125,4,stamina_cost_down,0,8,8,"MISSING_MEASURED_LANE: T5 measured_data_v2 only captures Lane 3 effect box; Lanes 1,2,4,5 are unrecorded"
T5,125,5,a_skill_score_up,0,7,7,"MISSING_MEASURED_LANE: T5 measured_data_v2 only captures Lane 3 effect box; Lanes 1,2,4,5 are unrecorded"
T5,125,5,combo_continue,0,1,1,"MISSING_MEASURED_LANE: T5 measured_data_v2 only captures Lane 3 effect box; Lanes 1,2,4,5 are unrecorded"
T5,125,5,stamina_cost_down,0,8,8,"MISSING_MEASURED_LANE: T5 measured_data_v2 only captures Lane 3 effect box; Lanes 1,2,4,5 are unrecorded"
T5,126,1,combo_continue,0,1,1,"MISSING_MEASURED_LANE: T5 measured_data_v2 only captures Lane 3 effect box; Lanes 1,2,4,5 are unrecorded"
T5,126,1,stamina_cost_down,0,8,8,"MISSING_MEASURED_LANE: T5 measured_data_v2 only captures Lane 3 effect box; Lanes 1,2,4,5 are unrecorded"
T5,126,2,a_skill_score_up,0,7,7,"MISSING_MEASURED_LANE: T5 measured_data_v2 only captures Lane 3 effect box; Lanes 1,2,4,5 are unrecorded"
T5,126,2,combo_continue,0,1,1,"MISSING_MEASURED_LANE: T5 measured_data_v2 only captures Lane 3 effect box; Lanes 1,2,4,5 are unrecorded"
T5,126,2,score_up,0,8,8,"MISSING_MEASURED_LANE: T5 measured_data_v2 only captures Lane 3 effect box; Lanes 1,2,4,5 are unrecorded"
T5,126,2,stamina_cost_down,0,8,8,"MISSING_MEASURED_LANE: T5 measured_data_v2 only captures Lane 3 effect box; Lanes 1,2,4,5 are unrecorded"
T5,126,3,combo_continue,0,2,2,FLAG_NOT_STAGED: combo_continue is a boolean flag without stages (recorded as stage: null in measured)
T5,126,3,critical_rate_up,5,20,15,AMPLIFY_OR_OVERLAP_ON_BEAT: Activation on b126 (['photo-L5-2']); measured stage 5 vs sim stage 20
T5,126,3,focus,30,10,-20,"PHASE_LAG_ACTIVATION: Activated on b126 (acts=['photo-L5-2']); measured reflects immediately (POST), sim reflects next beat (PRE)"
T5,126,3,score_up,35,20,-15,"PHASE_LAG_ACTIVATION: Activated on b126 (acts=['photo-L5-2']); measured reflects immediately (POST), sim reflects next beat (PRE)"
T5,126,3,stamina_cost_down,30,20,-10,"PHASE_LAG_ACTIVATION: Activated on b126 (acts=['photo-L5-2']); measured reflects immediately (POST), sim reflects next beat (PRE)"
T5,126,3,tension_up,0,15,15,DECAY_TIMING_LAG: Buff expired in measured 1-2 beats earlier than sim (in-game decay counts activation beat)
T5,126,3,vocal_up,25,20,-5,"PHASE_LAG_ACTIVATION: Activated on b126 (acts=['photo-L5-2']); measured reflects immediately (POST), sim reflects next beat (PRE)"
T5,126,3,vocal_up_extreme,30,5,-25,"PHASE_LAG_ACTIVATION: Activated on b126 (acts=['photo-L5-2']); measured reflects immediately (POST), sim reflects next beat (PRE)"
T5,126,4,combo_continue,0,1,1,"MISSING_MEASURED_LANE: T5 measured_data_v2 only captures Lane 3 effect box; Lanes 1,2,4,5 are unrecorded"
T5,126,4,stamina_cost_down,0,8,8,"MISSING_MEASURED_LANE: T5 measured_data_v2 only captures Lane 3 effect box; Lanes 1,2,4,5 are unrecorded"
T5,126,5,a_skill_score_up,0,7,7,"MISSING_MEASURED_LANE: T5 measured_data_v2 only captures Lane 3 effect box; Lanes 1,2,4,5 are unrecorded"
T5,126,5,combo_continue,0,1,1,"MISSING_MEASURED_LANE: T5 measured_data_v2 only captures Lane 3 effect box; Lanes 1,2,4,5 are unrecorded"
T5,126,5,stamina_cost_down,0,8,8,"MISSING_MEASURED_LANE: T5 measured_data_v2 only captures Lane 3 effect box; Lanes 1,2,4,5 are unrecorded"
T5,127,1,combo_continue,0,1,1,"MISSING_MEASURED_LANE: T5 measured_data_v2 only captures Lane 3 effect box; Lanes 1,2,4,5 are unrecorded"
T5,127,1,stamina_cost_down,0,8,8,"MISSING_MEASURED_LANE: T5 measured_data_v2 only captures Lane 3 effect box; Lanes 1,2,4,5 are unrecorded"
T5,127,2,a_skill_score_up,0,7,7,"MISSING_MEASURED_LANE: T5 measured_data_v2 only captures Lane 3 effect box; Lanes 1,2,4,5 are unrecorded"
T5,127,2,combo_continue,0,1,1,"MISSING_MEASURED_LANE: T5 measured_data_v2 only captures Lane 3 effect box; Lanes 1,2,4,5 are unrecorded"
T5,127,2,score_up,0,8,8,"MISSING_MEASURED_LANE: T5 measured_data_v2 only captures Lane 3 effect box; Lanes 1,2,4,5 are unrecorded"
T5,127,2,stamina_cost_down,0,8,8,"MISSING_MEASURED_LANE: T5 measured_data_v2 only captures Lane 3 effect box; Lanes 1,2,4,5 are unrecorded"
T5,127,3,combo_continue,0,2,2,FLAG_NOT_STAGED: combo_continue is a boolean flag without stages (recorded as stage: null in measured)
T5,127,3,combo_score_up,40,30,-10,BUFF_STAGE_MISMATCH: Measured 40 vs Sim 30 (diff=-10)
T5,127,3,critical_coeff_up,10,30,20,BUFF_STAGE_MISMATCH: Measured 10 vs Sim 30 (diff=20)
T5,127,3,critical_rate_up,0,20,20,DECAY_TIMING_LAG: Buff expired in measured 1-2 beats earlier than sim (in-game decay counts activation beat)
T5,127,3,focus,20,10,-10,BUFF_STAGE_MISMATCH: Measured 20 vs Sim 10 (diff=-10)
T5,127,3,stamina_cost_down,10,20,10,BUFF_STAGE_MISMATCH: Measured 10 vs Sim 20 (diff=10)
T5,127,3,tension_up,35,15,-20,BUFF_STAGE_MISMATCH: Measured 35 vs Sim 15 (diff=-20)
T5,127,3,vocal_boost,25,20,-5,BUFF_STAGE_MISMATCH: Measured 25 vs Sim 20 (diff=-5)
T5,127,3,vocal_up,5,20,15,BUFF_STAGE_MISMATCH: Measured 5 vs Sim 20 (diff=15)
T5,127,3,vocal_up_extreme,30,5,-25,BUFF_STAGE_MISMATCH: Measured 30 vs Sim 5 (diff=-25)
T5,127,4,combo_continue,0,1,1,"MISSING_MEASURED_LANE: T5 measured_data_v2 only captures Lane 3 effect box; Lanes 1,2,4,5 are unrecorded"
T5,127,4,stamina_cost_down,0,8,8,"MISSING_MEASURED_LANE: T5 measured_data_v2 only captures Lane 3 effect box; Lanes 1,2,4,5 are unrecorded"
T5,127,5,a_skill_score_up,0,7,7,"MISSING_MEASURED_LANE: T5 measured_data_v2 only captures Lane 3 effect box; Lanes 1,2,4,5 are unrecorded"
T5,127,5,combo_continue,0,1,1,"MISSING_MEASURED_LANE: T5 measured_data_v2 only captures Lane 3 effect box; Lanes 1,2,4,5 are unrecorded"
T5,127,5,stamina_cost_down,0,8,8,"MISSING_MEASURED_LANE: T5 measured_data_v2 only captures Lane 3 effect box; Lanes 1,2,4,5 are unrecorded"
T5,128,1,combo_continue,0,1,1,"MISSING_MEASURED_LANE: T5 measured_data_v2 only captures Lane 3 effect box; Lanes 1,2,4,5 are unrecorded"
T5,128,1,stamina_cost_down,0,8,8,"MISSING_MEASURED_LANE: T5 measured_data_v2 only captures Lane 3 effect box; Lanes 1,2,4,5 are unrecorded"
T5,128,2,a_skill_score_up,0,7,7,"MISSING_MEASURED_LANE: T5 measured_data_v2 only captures Lane 3 effect box; Lanes 1,2,4,5 are unrecorded"
T5,128,2,combo_continue,0,1,1,"MISSING_MEASURED_LANE: T5 measured_data_v2 only captures Lane 3 effect box; Lanes 1,2,4,5 are unrecorded"
T5,128,2,score_up,0,8,8,"MISSING_MEASURED_LANE: T5 measured_data_v2 only captures Lane 3 effect box; Lanes 1,2,4,5 are unrecorded"
T5,128,2,stamina_cost_down,0,8,8,"MISSING_MEASURED_LANE: T5 measured_data_v2 only captures Lane 3 effect box; Lanes 1,2,4,5 are unrecorded"
T5,128,3,combo_continue,0,2,2,FLAG_NOT_STAGED: combo_continue is a boolean flag without stages (recorded as stage: null in measured)
T5,128,3,combo_score_up,40,30,-10,"PHASE_LAG_ACTIVATION: Activated on b128 (acts=['sk-ski-05-waso-00-1']); measured reflects immediately (POST), sim reflects next beat (PRE)"
T5,128,3,critical_coeff_up,10,30,20,AMPLIFY_OR_OVERLAP_ON_BEAT: Activation on b128 (['sk-ski-05-waso-00-1']); measured stage 10 vs sim stage 30
T5,128,3,critical_rate_up,0,20,20,DECAY_TIMING_LAG: Buff expired in measured 1-2 beats earlier than sim (in-game decay counts activation beat)
T5,128,3,focus,20,10,-10,"PHASE_LAG_ACTIVATION: Activated on b128 (acts=['sk-ski-05-waso-00-1']); measured reflects immediately (POST), sim reflects next beat (PRE)"
T5,128,3,score_up,0,20,20,DECAY_TIMING_LAG: Buff expired in measured 1-2 beats earlier than sim (in-game decay counts activation beat)
T5,128,3,stamina_cost_down,10,20,10,AMPLIFY_OR_OVERLAP_ON_BEAT: Activation on b128 (['sk-ski-05-waso-00-1']); measured stage 10 vs sim stage 20
T5,128,3,tension_up,20,15,-5,"PHASE_LAG_ACTIVATION: Activated on b128 (acts=['sk-ski-05-waso-00-1']); measured reflects immediately (POST), sim reflects next beat (PRE)"
T5,128,3,vocal_boost,25,20,-5,"PHASE_LAG_ACTIVATION: Activated on b128 (acts=['sk-ski-05-waso-00-1']); measured reflects immediately (POST), sim reflects next beat (PRE)"
T5,128,3,vocal_up,5,20,15,AMPLIFY_OR_OVERLAP_ON_BEAT: Activation on b128 (['sk-ski-05-waso-00-1']); measured stage 5 vs sim stage 20
T5,128,3,vocal_up_extreme,45,5,-40,"PHASE_LAG_ACTIVATION: Activated on b128 (acts=['sk-ski-05-waso-00-1']); measured reflects immediately (POST), sim reflects next beat (PRE)"
T5,128,4,combo_continue,0,1,1,"MISSING_MEASURED_LANE: T5 measured_data_v2 only captures Lane 3 effect box; Lanes 1,2,4,5 are unrecorded"
T5,128,4,stamina_cost_down,0,8,8,"MISSING_MEASURED_LANE: T5 measured_data_v2 only captures Lane 3 effect box; Lanes 1,2,4,5 are unrecorded"
T5,128,5,a_skill_score_up,0,7,7,"MISSING_MEASURED_LANE: T5 measured_data_v2 only captures Lane 3 effect box; Lanes 1,2,4,5 are unrecorded"
T5,128,5,combo_continue,0,1,1,"MISSING_MEASURED_LANE: T5 measured_data_v2 only captures Lane 3 effect box; Lanes 1,2,4,5 are unrecorded"
T5,128,5,stamina_cost_down,0,8,8,"MISSING_MEASURED_LANE: T5 measured_data_v2 only captures Lane 3 effect box; Lanes 1,2,4,5 are unrecorded"
T5,129,1,combo_continue,0,1,1,"MISSING_MEASURED_LANE: T5 measured_data_v2 only captures Lane 3 effect box; Lanes 1,2,4,5 are unrecorded"
T5,129,1,stamina_cost_down,0,8,8,"MISSING_MEASURED_LANE: T5 measured_data_v2 only captures Lane 3 effect box; Lanes 1,2,4,5 are unrecorded"
T5,129,2,a_skill_score_up,0,7,7,"MISSING_MEASURED_LANE: T5 measured_data_v2 only captures Lane 3 effect box; Lanes 1,2,4,5 are unrecorded"
T5,129,2,combo_continue,0,1,1,"MISSING_MEASURED_LANE: T5 measured_data_v2 only captures Lane 3 effect box; Lanes 1,2,4,5 are unrecorded"
T5,129,2,critical_rate_up,0,6,6,"MISSING_MEASURED_LANE: T5 measured_data_v2 only captures Lane 3 effect box; Lanes 1,2,4,5 are unrecorded"
T5,129,2,score_up,0,8,8,"MISSING_MEASURED_LANE: T5 measured_data_v2 only captures Lane 3 effect box; Lanes 1,2,4,5 are unrecorded"
T5,129,2,stamina_cost_down,0,8,8,"MISSING_MEASURED_LANE: T5 measured_data_v2 only captures Lane 3 effect box; Lanes 1,2,4,5 are unrecorded"
T5,129,3,combo_continue,0,2,2,FLAG_NOT_STAGED: combo_continue is a boolean flag without stages (recorded as stage: null in measured)
T5,129,3,critical_coeff_up,15,30,15,BUFF_STAGE_MISMATCH: Measured 15 vs Sim 30 (diff=15)
T5,129,3,critical_rate_up,0,20,20,DECAY_TIMING_LAG: Buff expired in measured 1-2 beats earlier than sim (in-game decay counts activation beat)
T5,129,3,focus,30,10,-20,BUFF_STAGE_MISMATCH: Measured 30 vs Sim 10 (diff=-20)
T5,129,3,stamina_cost_down,10,20,10,BUFF_STAGE_MISMATCH: Measured 10 vs Sim 20 (diff=10)
T5,129,3,vocal_up,25,20,-5,BUFF_STAGE_MISMATCH: Measured 25 vs Sim 20 (diff=-5)
T5,129,3,vocal_up_extreme,50,5,-45,BUFF_STAGE_MISMATCH: Measured 50 vs Sim 5 (diff=-45)
T5,129,4,combo_continue,0,1,1,"MISSING_MEASURED_LANE: T5 measured_data_v2 only captures Lane 3 effect box; Lanes 1,2,4,5 are unrecorded"
T5,129,4,stamina_cost_down,0,8,8,"MISSING_MEASURED_LANE: T5 measured_data_v2 only captures Lane 3 effect box; Lanes 1,2,4,5 are unrecorded"
T5,129,5,a_skill_score_up,0,7,7,"MISSING_MEASURED_LANE: T5 measured_data_v2 only captures Lane 3 effect box; Lanes 1,2,4,5 are unrecorded"
T5,129,5,combo_continue,0,1,1,"MISSING_MEASURED_LANE: T5 measured_data_v2 only captures Lane 3 effect box; Lanes 1,2,4,5 are unrecorded"
T5,129,5,stamina_cost_down,0,8,8,"MISSING_MEASURED_LANE: T5 measured_data_v2 only captures Lane 3 effect box; Lanes 1,2,4,5 are unrecorded"
T5,130,1,combo_continue,0,1,1,"MISSING_MEASURED_LANE: T5 measured_data_v2 only captures Lane 3 effect box; Lanes 1,2,4,5 are unrecorded"
T5,130,1,stamina_cost_down,0,8,8,"MISSING_MEASURED_LANE: T5 measured_data_v2 only captures Lane 3 effect box; Lanes 1,2,4,5 are unrecorded"
T5,130,2,a_skill_score_up,0,7,7,"MISSING_MEASURED_LANE: T5 measured_data_v2 only captures Lane 3 effect box; Lanes 1,2,4,5 are unrecorded"
T5,130,2,combo_continue,0,1,1,"MISSING_MEASURED_LANE: T5 measured_data_v2 only captures Lane 3 effect box; Lanes 1,2,4,5 are unrecorded"
T5,130,2,critical_rate_up,0,6,6,"MISSING_MEASURED_LANE: T5 measured_data_v2 only captures Lane 3 effect box; Lanes 1,2,4,5 are unrecorded"
T5,130,2,score_up,0,8,8,"MISSING_MEASURED_LANE: T5 measured_data_v2 only captures Lane 3 effect box; Lanes 1,2,4,5 are unrecorded"
T5,130,2,stamina_cost_down,0,8,8,"MISSING_MEASURED_LANE: T5 measured_data_v2 only captures Lane 3 effect box; Lanes 1,2,4,5 are unrecorded"
T5,130,3,combo_continue,0,2,2,FLAG_NOT_STAGED: combo_continue is a boolean flag without stages (recorded as stage: null in measured)
T5,130,3,combo_score_up,0,30,30,DECAY_TIMING_LAG: Buff expired in measured 1-2 beats earlier than sim (in-game decay counts activation beat)
T5,130,3,critical_rate_up,0,20,20,DECAY_TIMING_LAG: Buff expired in measured 1-2 beats earlier than sim (in-game decay counts activation beat)
T5,130,3,focus,60,10,-50,BUFF_STAGE_MISMATCH: Measured 60 vs Sim 10 (diff=-50)
T5,130,3,score_up,0,20,20,DECAY_TIMING_LAG: Buff expired in measured 1-2 beats earlier than sim (in-game decay counts activation beat)
T5,130,3,skill_success_up,30,10,-20,BUFF_STAGE_MISMATCH: Measured 30 vs Sim 10 (diff=-20)
T5,130,3,stamina_cost_down,25,20,-5,BUFF_STAGE_MISMATCH: Measured 25 vs Sim 20 (diff=-5)
T5,130,3,tension_up,0,15,15,DECAY_TIMING_LAG: Buff expired in measured 1-2 beats earlier than sim (in-game decay counts activation beat)
T5,130,3,vocal_boost,5,20,15,BUFF_STAGE_MISMATCH: Measured 5 vs Sim 20 (diff=15)
T5,130,3,vocal_up,35,20,-15,BUFF_STAGE_MISMATCH: Measured 35 vs Sim 20 (diff=-15)
T5,130,3,vocal_up_extreme,50,5,-45,BUFF_STAGE_MISMATCH: Measured 50 vs Sim 5 (diff=-45)
T5,130,4,combo_continue,0,1,1,"MISSING_MEASURED_LANE: T5 measured_data_v2 only captures Lane 3 effect box; Lanes 1,2,4,5 are unrecorded"
T5,130,4,stamina_cost_down,0,8,8,"MISSING_MEASURED_LANE: T5 measured_data_v2 only captures Lane 3 effect box; Lanes 1,2,4,5 are unrecorded"
T5,130,5,a_skill_score_up,0,7,7,"MISSING_MEASURED_LANE: T5 measured_data_v2 only captures Lane 3 effect box; Lanes 1,2,4,5 are unrecorded"
T5,130,5,combo_continue,0,1,1,"MISSING_MEASURED_LANE: T5 measured_data_v2 only captures Lane 3 effect box; Lanes 1,2,4,5 are unrecorded"
T5,130,5,stamina_cost_down,0,8,8,"MISSING_MEASURED_LANE: T5 measured_data_v2 only captures Lane 3 effect box; Lanes 1,2,4,5 are unrecorded"
T5,131,1,combo_continue,0,1,1,"MISSING_MEASURED_LANE: T5 measured_data_v2 only captures Lane 3 effect box; Lanes 1,2,4,5 are unrecorded"
T5,131,1,stamina_cost_down,0,8,8,"MISSING_MEASURED_LANE: T5 measured_data_v2 only captures Lane 3 effect box; Lanes 1,2,4,5 are unrecorded"
T5,131,2,a_skill_score_up,0,7,7,"MISSING_MEASURED_LANE: T5 measured_data_v2 only captures Lane 3 effect box; Lanes 1,2,4,5 are unrecorded"
T5,131,2,combo_continue,0,1,1,"MISSING_MEASURED_LANE: T5 measured_data_v2 only captures Lane 3 effect box; Lanes 1,2,4,5 are unrecorded"
T5,131,2,critical_rate_up,0,6,6,"MISSING_MEASURED_LANE: T5 measured_data_v2 only captures Lane 3 effect box; Lanes 1,2,4,5 are unrecorded"
T5,131,2,score_up,0,8,8,"MISSING_MEASURED_LANE: T5 measured_data_v2 only captures Lane 3 effect box; Lanes 1,2,4,5 are unrecorded"
T5,131,2,stamina_cost_down,0,8,8,"MISSING_MEASURED_LANE: T5 measured_data_v2 only captures Lane 3 effect box; Lanes 1,2,4,5 are unrecorded"
T5,131,3,combo_continue,0,2,2,FLAG_NOT_STAGED: combo_continue is a boolean flag without stages (recorded as stage: null in measured)
T5,131,3,critical_coeff_up,15,30,15,BUFF_STAGE_MISMATCH: Measured 15 vs Sim 30 (diff=15)
T5,131,3,critical_rate_up,0,20,20,DECAY_TIMING_LAG: Buff expired in measured 1-2 beats earlier than sim (in-game decay counts activation beat)
T5,131,3,focus,30,10,-20,BUFF_STAGE_MISMATCH: Measured 30 vs Sim 10 (diff=-20)
T5,131,3,score_up,35,20,-15,BUFF_STAGE_MISMATCH: Measured 35 vs Sim 20 (diff=-15)
T5,131,3,stamina_cost_down,10,20,10,BUFF_STAGE_MISMATCH: Measured 10 vs Sim 20 (diff=10)
T5,131,3,tension_up,0,15,15,DECAY_TIMING_LAG: Buff expired in measured 1-2 beats earlier than sim (in-game decay counts activation beat)
T5,131,3,vocal_up,25,20,-5,BUFF_STAGE_MISMATCH: Measured 25 vs Sim 20 (diff=-5)
T5,131,3,vocal_up_extreme,50,5,-45,BUFF_STAGE_MISMATCH: Measured 50 vs Sim 5 (diff=-45)
T5,131,4,combo_continue,0,1,1,"MISSING_MEASURED_LANE: T5 measured_data_v2 only captures Lane 3 effect box; Lanes 1,2,4,5 are unrecorded"
T5,131,4,stamina_cost_down,0,8,8,"MISSING_MEASURED_LANE: T5 measured_data_v2 only captures Lane 3 effect box; Lanes 1,2,4,5 are unrecorded"
T5,131,5,a_skill_score_up,0,7,7,"MISSING_MEASURED_LANE: T5 measured_data_v2 only captures Lane 3 effect box; Lanes 1,2,4,5 are unrecorded"
T5,131,5,combo_continue,0,1,1,"MISSING_MEASURED_LANE: T5 measured_data_v2 only captures Lane 3 effect box; Lanes 1,2,4,5 are unrecorded"
T5,131,5,stamina_cost_down,0,8,8,"MISSING_MEASURED_LANE: T5 measured_data_v2 only captures Lane 3 effect box; Lanes 1,2,4,5 are unrecorded"
T5,132,1,combo_continue,0,1,1,"MISSING_MEASURED_LANE: T5 measured_data_v2 only captures Lane 3 effect box; Lanes 1,2,4,5 are unrecorded"
T5,132,1,stamina_cost_down,0,8,8,"MISSING_MEASURED_LANE: T5 measured_data_v2 only captures Lane 3 effect box; Lanes 1,2,4,5 are unrecorded"
T5,132,2,a_skill_score_up,0,7,7,"MISSING_MEASURED_LANE: T5 measured_data_v2 only captures Lane 3 effect box; Lanes 1,2,4,5 are unrecorded"
T5,132,2,combo_continue,0,1,1,"MISSING_MEASURED_LANE: T5 measured_data_v2 only captures Lane 3 effect box; Lanes 1,2,4,5 are unrecorded"
T5,132,2,critical_rate_up,0,6,6,"MISSING_MEASURED_LANE: T5 measured_data_v2 only captures Lane 3 effect box; Lanes 1,2,4,5 are unrecorded"
T5,132,2,score_up,0,8,8,"MISSING_MEASURED_LANE: T5 measured_data_v2 only captures Lane 3 effect box; Lanes 1,2,4,5 are unrecorded"
T5,132,2,stamina_cost_down,0,8,8,"MISSING_MEASURED_LANE: T5 measured_data_v2 only captures Lane 3 effect box; Lanes 1,2,4,5 are unrecorded"
T5,132,3,a_skill_score_up,0,20,20,DECAY_TIMING_LAG: Buff expired in measured 1-2 beats earlier than sim (in-game decay counts activation beat)
T5,132,3,combo_continue,0,2,2,FLAG_NOT_STAGED: combo_continue is a boolean flag without stages (recorded as stage: null in measured)
T5,132,3,combo_score_up,15,30,15,AMPLIFY_OR_OVERLAP_ON_BEAT: Activation on b132 (['photo-L3-2']); measured stage 15 vs sim stage 30
T5,132,3,critical_coeff_up,15,30,15,AMPLIFY_OR_OVERLAP_ON_BEAT: Activation on b132 (['photo-L3-2']); measured stage 15 vs sim stage 30
T5,132,3,critical_rate_up,0,20,20,DECAY_TIMING_LAG: Buff expired in measured 1-2 beats earlier than sim (in-game decay counts activation beat)
T5,132,3,focus,30,10,-20,"PHASE_LAG_ACTIVATION: Activated on b132 (acts=['photo-L3-2']); measured reflects immediately (POST), sim reflects next beat (PRE)"
T5,132,3,score_up,0,20,20,DECAY_TIMING_LAG: Buff expired in measured 1-2 beats earlier than sim (in-game decay counts activation beat)
T5,132,3,stamina_cost_down,10,20,10,AMPLIFY_OR_OVERLAP_ON_BEAT: Activation on b132 (['photo-L3-2']); measured stage 10 vs sim stage 20
T5,132,3,tension_up,0,15,15,DECAY_TIMING_LAG: Buff expired in measured 1-2 beats earlier than sim (in-game decay counts activation beat)
T5,132,3,vocal_boost,0,20,20,DECAY_TIMING_LAG: Buff expired in measured 1-2 beats earlier than sim (in-game decay counts activation beat)
T5,132,3,vocal_up,25,20,-5,"PHASE_LAG_ACTIVATION: Activated on b132 (acts=['photo-L3-2']); measured reflects immediately (POST), sim reflects next beat (PRE)"
T5,132,3,vocal_up_extreme,50,5,-45,"PHASE_LAG_ACTIVATION: Activated on b132 (acts=['photo-L3-2']); measured reflects immediately (POST), sim reflects next beat (PRE)"
T5,132,4,combo_continue,0,1,1,"MISSING_MEASURED_LANE: T5 measured_data_v2 only captures Lane 3 effect box; Lanes 1,2,4,5 are unrecorded"
T5,132,4,stamina_cost_down,0,8,8,"MISSING_MEASURED_LANE: T5 measured_data_v2 only captures Lane 3 effect box; Lanes 1,2,4,5 are unrecorded"
T5,132,5,a_skill_score_up,0,7,7,"MISSING_MEASURED_LANE: T5 measured_data_v2 only captures Lane 3 effect box; Lanes 1,2,4,5 are unrecorded"
T5,132,5,combo_continue,0,1,1,"MISSING_MEASURED_LANE: T5 measured_data_v2 only captures Lane 3 effect box; Lanes 1,2,4,5 are unrecorded"
T5,132,5,stamina_cost_down,0,8,8,"MISSING_MEASURED_LANE: T5 measured_data_v2 only captures Lane 3 effect box; Lanes 1,2,4,5 are unrecorded"
T5,133,1,combo_continue,0,1,1,"MISSING_MEASURED_LANE: T5 measured_data_v2 only captures Lane 3 effect box; Lanes 1,2,4,5 are unrecorded"
T5,133,1,stamina_cost_down,0,8,8,"MISSING_MEASURED_LANE: T5 measured_data_v2 only captures Lane 3 effect box; Lanes 1,2,4,5 are unrecorded"
T5,133,2,a_skill_score_up,0,7,7,"MISSING_MEASURED_LANE: T5 measured_data_v2 only captures Lane 3 effect box; Lanes 1,2,4,5 are unrecorded"
T5,133,2,combo_continue,0,1,1,"MISSING_MEASURED_LANE: T5 measured_data_v2 only captures Lane 3 effect box; Lanes 1,2,4,5 are unrecorded"
T5,133,2,critical_rate_up,0,6,6,"MISSING_MEASURED_LANE: T5 measured_data_v2 only captures Lane 3 effect box; Lanes 1,2,4,5 are unrecorded"
T5,133,2,stamina_cost_down,0,8,8,"MISSING_MEASURED_LANE: T5 measured_data_v2 only captures Lane 3 effect box; Lanes 1,2,4,5 are unrecorded"
T5,133,3,a_skill_score_up,0,20,20,DECAY_TIMING_LAG: Buff expired in measured 1-2 beats earlier than sim (in-game decay counts activation beat)
T5,133,3,combo_continue,0,2,2,FLAG_NOT_STAGED: combo_continue is a boolean flag without stages (recorded as stage: null in measured)
T5,133,3,combo_score_up,20,30,10,BUFF_STAGE_MISMATCH: Measured 20 vs Sim 30 (diff=10)
T5,133,3,critical_coeff_up,10,30,20,BUFF_STAGE_MISMATCH: Measured 10 vs Sim 30 (diff=20)
T5,133,3,focus,30,10,-20,BUFF_STAGE_MISMATCH: Measured 30 vs Sim 10 (diff=-20)
T5,133,3,score_up,15,20,5,BUFF_STAGE_MISMATCH: Measured 15 vs Sim 20 (diff=5)
T5,133,3,stamina_cost_down,10,20,10,BUFF_STAGE_MISMATCH: Measured 10 vs Sim 20 (diff=10)
T5,133,3,tension_up,0,15,15,DECAY_TIMING_LAG: Buff expired in measured 1-2 beats earlier than sim (in-game decay counts activation beat)
T5,133,3,vocal_boost,0,20,20,DECAY_TIMING_LAG: Buff expired in measured 1-2 beats earlier than sim (in-game decay counts activation beat)
T5,133,3,vocal_up,25,20,-5,BUFF_STAGE_MISMATCH: Measured 25 vs Sim 20 (diff=-5)
T5,133,3,vocal_up_extreme,30,5,-25,BUFF_STAGE_MISMATCH: Measured 30 vs Sim 5 (diff=-25)
T5,133,4,combo_continue,0,1,1,"MISSING_MEASURED_LANE: T5 measured_data_v2 only captures Lane 3 effect box; Lanes 1,2,4,5 are unrecorded"
T5,133,4,stamina_cost_down,0,8,8,"MISSING_MEASURED_LANE: T5 measured_data_v2 only captures Lane 3 effect box; Lanes 1,2,4,5 are unrecorded"
T5,133,5,a_skill_score_up,0,7,7,"MISSING_MEASURED_LANE: T5 measured_data_v2 only captures Lane 3 effect box; Lanes 1,2,4,5 are unrecorded"
T5,133,5,combo_continue,0,1,1,"MISSING_MEASURED_LANE: T5 measured_data_v2 only captures Lane 3 effect box; Lanes 1,2,4,5 are unrecorded"
T5,133,5,stamina_cost_down,0,8,8,"MISSING_MEASURED_LANE: T5 measured_data_v2 only captures Lane 3 effect box; Lanes 1,2,4,5 are unrecorded"
T5,134,1,combo_continue,0,1,1,"MISSING_MEASURED_LANE: T5 measured_data_v2 only captures Lane 3 effect box; Lanes 1,2,4,5 are unrecorded"
T5,134,1,stamina_cost_down,0,8,8,"MISSING_MEASURED_LANE: T5 measured_data_v2 only captures Lane 3 effect box; Lanes 1,2,4,5 are unrecorded"
T5,134,2,a_skill_score_up,0,7,7,"MISSING_MEASURED_LANE: T5 measured_data_v2 only captures Lane 3 effect box; Lanes 1,2,4,5 are unrecorded"
T5,134,2,combo_continue,0,1,1,"MISSING_MEASURED_LANE: T5 measured_data_v2 only captures Lane 3 effect box; Lanes 1,2,4,5 are unrecorded"
T5,134,2,critical_rate_up,0,6,6,"MISSING_MEASURED_LANE: T5 measured_data_v2 only captures Lane 3 effect box; Lanes 1,2,4,5 are unrecorded"
T5,134,2,stamina_cost_down,0,8,8,"MISSING_MEASURED_LANE: T5 measured_data_v2 only captures Lane 3 effect box; Lanes 1,2,4,5 are unrecorded"
T5,134,3,a_skill_score_up,0,20,20,DECAY_TIMING_LAG: Buff expired in measured 1-2 beats earlier than sim (in-game decay counts activation beat)
T5,134,3,combo_continue,0,2,2,FLAG_NOT_STAGED: combo_continue is a boolean flag without stages (recorded as stage: null in measured)
T5,134,3,combo_score_up,0,30,30,DECAY_TIMING_LAG: Buff expired in measured 1-2 beats earlier than sim (in-game decay counts activation beat)
T5,134,3,critical_rate_up,5,20,15,BUFF_STAGE_MISMATCH: Measured 5 vs Sim 20 (diff=15)
T5,134,3,focus,60,10,-50,BUFF_STAGE_MISMATCH: Measured 60 vs Sim 10 (diff=-50)
T5,134,3,score_up,0,20,20,DECAY_TIMING_LAG: Buff expired in measured 1-2 beats earlier than sim (in-game decay counts activation beat)
T5,134,3,skill_success_up,30,10,-20,BUFF_STAGE_MISMATCH: Measured 30 vs Sim 10 (diff=-20)
T5,134,3,stamina_cost_down,10,20,10,BUFF_STAGE_MISMATCH: Measured 10 vs Sim 20 (diff=10)
T5,134,3,tension_up,20,15,-5,BUFF_STAGE_MISMATCH: Measured 20 vs Sim 15 (diff=-5)
T5,134,3,vocal_boost,0,20,20,DECAY_TIMING_LAG: Buff expired in measured 1-2 beats earlier than sim (in-game decay counts activation beat)
T5,134,3,vocal_up,35,20,-15,BUFF_STAGE_MISMATCH: Measured 35 vs Sim 20 (diff=-15)
T5,134,3,vocal_up_extreme,65,5,-60,BUFF_STAGE_MISMATCH: Measured 65 vs Sim 5 (diff=-60)
T5,134,4,combo_continue,0,1,1,"MISSING_MEASURED_LANE: T5 measured_data_v2 only captures Lane 3 effect box; Lanes 1,2,4,5 are unrecorded"
T5,134,4,stamina_cost_down,0,8,8,"MISSING_MEASURED_LANE: T5 measured_data_v2 only captures Lane 3 effect box; Lanes 1,2,4,5 are unrecorded"
T5,134,5,a_skill_score_up,0,7,7,"MISSING_MEASURED_LANE: T5 measured_data_v2 only captures Lane 3 effect box; Lanes 1,2,4,5 are unrecorded"
T5,134,5,combo_continue,0,1,1,"MISSING_MEASURED_LANE: T5 measured_data_v2 only captures Lane 3 effect box; Lanes 1,2,4,5 are unrecorded"
T5,134,5,stamina_cost_down,0,8,8,"MISSING_MEASURED_LANE: T5 measured_data_v2 only captures Lane 3 effect box; Lanes 1,2,4,5 are unrecorded"
T5,135,1,combo_continue,0,1,1,"MISSING_MEASURED_LANE: T5 measured_data_v2 only captures Lane 3 effect box; Lanes 1,2,4,5 are unrecorded"
T5,135,1,stamina_cost_down,0,8,8,"MISSING_MEASURED_LANE: T5 measured_data_v2 only captures Lane 3 effect box; Lanes 1,2,4,5 are unrecorded"
T5,135,2,a_skill_score_up,0,7,7,"MISSING_MEASURED_LANE: T5 measured_data_v2 only captures Lane 3 effect box; Lanes 1,2,4,5 are unrecorded"
T5,135,2,combo_continue,0,1,1,"MISSING_MEASURED_LANE: T5 measured_data_v2 only captures Lane 3 effect box; Lanes 1,2,4,5 are unrecorded"
T5,135,2,critical_rate_up,0,6,6,"MISSING_MEASURED_LANE: T5 measured_data_v2 only captures Lane 3 effect box; Lanes 1,2,4,5 are unrecorded"
T5,135,2,stamina_cost_down,0,8,8,"MISSING_MEASURED_LANE: T5 measured_data_v2 only captures Lane 3 effect box; Lanes 1,2,4,5 are unrecorded"
T5,135,3,combo_continue,0,2,2,FLAG_NOT_STAGED: combo_continue is a boolean flag without stages (recorded as stage: null in measured)
T5,135,3,combo_score_up,10,30,20,BUFF_STAGE_MISMATCH: Measured 10 vs Sim 30 (diff=20)
T5,135,3,critical_rate_up,0,20,20,DECAY_TIMING_LAG: Buff expired in measured 1-2 beats earlier than sim (in-game decay counts activation beat)
T5,135,3,focus,50,10,-40,BUFF_STAGE_MISMATCH: Measured 50 vs Sim 10 (diff=-40)
T5,135,3,score_up,0,20,20,DECAY_TIMING_LAG: Buff expired in measured 1-2 beats earlier than sim (in-game decay counts activation beat)
T5,135,3,skill_success_up,30,10,-20,BUFF_STAGE_MISMATCH: Measured 30 vs Sim 10 (diff=-20)
T5,135,3,stamina_cost_down,45,20,-25,BUFF_STAGE_MISMATCH: Measured 45 vs Sim 20 (diff=-25)
T5,135,3,tension_up,20,15,-5,BUFF_STAGE_MISMATCH: Measured 20 vs Sim 15 (diff=-5)
T5,135,3,vocal_boost,5,20,15,BUFF_STAGE_MISMATCH: Measured 5 vs Sim 20 (diff=15)
T5,135,3,vocal_up,15,20,5,BUFF_STAGE_MISMATCH: Measured 15 vs Sim 20 (diff=5)
T5,135,3,vocal_up_extreme,30,5,-25,BUFF_STAGE_MISMATCH: Measured 30 vs Sim 5 (diff=-25)
T5,135,4,combo_continue,0,1,1,"MISSING_MEASURED_LANE: T5 measured_data_v2 only captures Lane 3 effect box; Lanes 1,2,4,5 are unrecorded"
T5,135,4,stamina_cost_down,0,8,8,"MISSING_MEASURED_LANE: T5 measured_data_v2 only captures Lane 3 effect box; Lanes 1,2,4,5 are unrecorded"
T5,135,5,a_skill_score_up,0,7,7,"MISSING_MEASURED_LANE: T5 measured_data_v2 only captures Lane 3 effect box; Lanes 1,2,4,5 are unrecorded"
T5,135,5,combo_continue,0,1,1,"MISSING_MEASURED_LANE: T5 measured_data_v2 only captures Lane 3 effect box; Lanes 1,2,4,5 are unrecorded"
T5,135,5,stamina_cost_down,0,8,8,"MISSING_MEASURED_LANE: T5 measured_data_v2 only captures Lane 3 effect box; Lanes 1,2,4,5 are unrecorded"
T5,136,1,combo_continue,0,1,1,"MISSING_MEASURED_LANE: T5 measured_data_v2 only captures Lane 3 effect box; Lanes 1,2,4,5 are unrecorded"
T5,136,1,stamina_cost_down,0,8,8,"MISSING_MEASURED_LANE: T5 measured_data_v2 only captures Lane 3 effect box; Lanes 1,2,4,5 are unrecorded"
T5,136,2,a_skill_score_up,0,7,7,"MISSING_MEASURED_LANE: T5 measured_data_v2 only captures Lane 3 effect box; Lanes 1,2,4,5 are unrecorded"
T5,136,2,combo_continue,0,1,1,"MISSING_MEASURED_LANE: T5 measured_data_v2 only captures Lane 3 effect box; Lanes 1,2,4,5 are unrecorded"
T5,136,2,critical_rate_up,0,6,6,"MISSING_MEASURED_LANE: T5 measured_data_v2 only captures Lane 3 effect box; Lanes 1,2,4,5 are unrecorded"
T5,136,2,stamina_cost_down,0,8,8,"MISSING_MEASURED_LANE: T5 measured_data_v2 only captures Lane 3 effect box; Lanes 1,2,4,5 are unrecorded"
T5,136,3,combo_continue,0,2,2,FLAG_NOT_STAGED: combo_continue is a boolean flag without stages (recorded as stage: null in measured)
T5,136,3,combo_score_up,10,30,20,"AMPLIFY_OR_OVERLAP_ON_BEAT: Activation on b136 (['sk-yu-05-birt-02-1', 'sk-chs-05-fest-03-3']); measured stage 10 vs sim stage 30"
T5,136,3,critical_rate_up,0,20,20,DECAY_TIMING_LAG: Buff expired in measured 1-2 beats earlier than sim (in-game decay counts activation beat)
T5,136,3,focus,50,10,-40,"PHASE_LAG_ACTIVATION: Activated on b136 (acts=['sk-yu-05-birt-02-1', 'sk-chs-05-fest-03-3']); measured reflects immediately (POST), sim reflects next beat (PRE)"
T5,136,3,skill_success_up,30,10,-20,"PHASE_LAG_ACTIVATION: Activated on b136 (acts=['sk-yu-05-birt-02-1', 'sk-chs-05-fest-03-3']); measured reflects immediately (POST), sim reflects next beat (PRE)"
T5,136,3,stamina_cost_down,25,20,-5,"PHASE_LAG_ACTIVATION: Activated on b136 (acts=['sk-yu-05-birt-02-1', 'sk-chs-05-fest-03-3']); measured reflects immediately (POST), sim reflects next beat (PRE)"
T5,136,3,tension_up,0,15,15,DECAY_TIMING_LAG: Buff expired in measured 1-2 beats earlier than sim (in-game decay counts activation beat)
T5,136,3,vocal_boost,0,20,20,DECAY_TIMING_LAG: Buff expired in measured 1-2 beats earlier than sim (in-game decay counts activation beat)
T5,136,3,vocal_up,15,20,5,"AMPLIFY_OR_OVERLAP_ON_BEAT: Activation on b136 (['sk-yu-05-birt-02-1', 'sk-chs-05-fest-03-3']); measured stage 15 vs sim stage 20"
T5,136,3,vocal_up_extreme,50,5,-45,"PHASE_LAG_ACTIVATION: Activated on b136 (acts=['sk-yu-05-birt-02-1', 'sk-chs-05-fest-03-3']); measured reflects immediately (POST), sim reflects next beat (PRE)"
T5,136,4,combo_continue,0,1,1,"MISSING_MEASURED_LANE: T5 measured_data_v2 only captures Lane 3 effect box; Lanes 1,2,4,5 are unrecorded"
T5,136,4,stamina_cost_down,0,8,8,"MISSING_MEASURED_LANE: T5 measured_data_v2 only captures Lane 3 effect box; Lanes 1,2,4,5 are unrecorded"
T5,136,5,a_skill_score_up,0,7,7,"MISSING_MEASURED_LANE: T5 measured_data_v2 only captures Lane 3 effect box; Lanes 1,2,4,5 are unrecorded"
T5,136,5,combo_continue,0,1,1,"MISSING_MEASURED_LANE: T5 measured_data_v2 only captures Lane 3 effect box; Lanes 1,2,4,5 are unrecorded"
T5,136,5,stamina_cost_down,0,8,8,"MISSING_MEASURED_LANE: T5 measured_data_v2 only captures Lane 3 effect box; Lanes 1,2,4,5 are unrecorded"
T5,137,1,combo_continue,0,1,1,"MISSING_MEASURED_LANE: T5 measured_data_v2 only captures Lane 3 effect box; Lanes 1,2,4,5 are unrecorded"
T5,137,1,stamina_cost_down,0,8,8,"MISSING_MEASURED_LANE: T5 measured_data_v2 only captures Lane 3 effect box; Lanes 1,2,4,5 are unrecorded"
T5,137,2,a_skill_score_up,0,7,7,"MISSING_MEASURED_LANE: T5 measured_data_v2 only captures Lane 3 effect box; Lanes 1,2,4,5 are unrecorded"
T5,137,2,combo_continue,0,1,1,"MISSING_MEASURED_LANE: T5 measured_data_v2 only captures Lane 3 effect box; Lanes 1,2,4,5 are unrecorded"
T5,137,2,critical_rate_up,0,6,6,"MISSING_MEASURED_LANE: T5 measured_data_v2 only captures Lane 3 effect box; Lanes 1,2,4,5 are unrecorded"
T5,137,2,stamina_cost_down,0,8,8,"MISSING_MEASURED_LANE: T5 measured_data_v2 only captures Lane 3 effect box; Lanes 1,2,4,5 are unrecorded"
T5,137,3,combo_continue,0,2,2,FLAG_NOT_STAGED: combo_continue is a boolean flag without stages (recorded as stage: null in measured)
T5,137,3,combo_score_up,40,30,-10,BUFF_STAGE_MISMATCH: Measured 40 vs Sim 30 (diff=-10)
T5,137,3,critical_coeff_up,10,30,20,BUFF_STAGE_MISMATCH: Measured 10 vs Sim 30 (diff=20)
T5,137,3,critical_rate_up,0,20,20,DECAY_TIMING_LAG: Buff expired in measured 1-2 beats earlier than sim (in-game decay counts activation beat)
T5,137,3,focus,20,10,-10,BUFF_STAGE_MISMATCH: Measured 20 vs Sim 10 (diff=-10)
T5,137,3,stamina_cost_down,10,20,10,BUFF_STAGE_MISMATCH: Measured 10 vs Sim 20 (diff=10)
T5,137,3,tension_up,35,15,-20,BUFF_STAGE_MISMATCH: Measured 35 vs Sim 15 (diff=-20)
T5,137,3,vocal_boost,25,20,-5,BUFF_STAGE_MISMATCH: Measured 25 vs Sim 20 (diff=-5)
T5,137,3,vocal_up,5,20,15,BUFF_STAGE_MISMATCH: Measured 5 vs Sim 20 (diff=15)
T5,137,3,vocal_up_extreme,30,5,-25,BUFF_STAGE_MISMATCH: Measured 30 vs Sim 5 (diff=-25)
T5,137,4,combo_continue,0,1,1,"MISSING_MEASURED_LANE: T5 measured_data_v2 only captures Lane 3 effect box; Lanes 1,2,4,5 are unrecorded"
T5,137,4,stamina_cost_down,0,8,8,"MISSING_MEASURED_LANE: T5 measured_data_v2 only captures Lane 3 effect box; Lanes 1,2,4,5 are unrecorded"
T5,137,5,a_skill_score_up,0,7,7,"MISSING_MEASURED_LANE: T5 measured_data_v2 only captures Lane 3 effect box; Lanes 1,2,4,5 are unrecorded"
T5,137,5,combo_continue,0,1,1,"MISSING_MEASURED_LANE: T5 measured_data_v2 only captures Lane 3 effect box; Lanes 1,2,4,5 are unrecorded"
T5,137,5,stamina_cost_down,0,8,8,"MISSING_MEASURED_LANE: T5 measured_data_v2 only captures Lane 3 effect box; Lanes 1,2,4,5 are unrecorded"
T5,138,1,combo_continue,0,1,1,"MISSING_MEASURED_LANE: T5 measured_data_v2 only captures Lane 3 effect box; Lanes 1,2,4,5 are unrecorded"
T5,138,1,stamina_cost_down,0,8,8,"MISSING_MEASURED_LANE: T5 measured_data_v2 only captures Lane 3 effect box; Lanes 1,2,4,5 are unrecorded"
T5,138,2,a_skill_score_up,0,7,7,"MISSING_MEASURED_LANE: T5 measured_data_v2 only captures Lane 3 effect box; Lanes 1,2,4,5 are unrecorded"
T5,138,2,combo_continue,0,1,1,"MISSING_MEASURED_LANE: T5 measured_data_v2 only captures Lane 3 effect box; Lanes 1,2,4,5 are unrecorded"
T5,138,2,critical_rate_up,0,6,6,"MISSING_MEASURED_LANE: T5 measured_data_v2 only captures Lane 3 effect box; Lanes 1,2,4,5 are unrecorded"
T5,138,2,stamina_cost_down,0,8,8,"MISSING_MEASURED_LANE: T5 measured_data_v2 only captures Lane 3 effect box; Lanes 1,2,4,5 are unrecorded"
T5,138,3,combo_continue,0,2,2,FLAG_NOT_STAGED: combo_continue is a boolean flag without stages (recorded as stage: null in measured)
T5,138,3,combo_score_up,50,30,-20,"PHASE_LAG_ACTIVATION: Activated on b138 (acts=['photo-L2-4']); measured reflects immediately (POST), sim reflects next beat (PRE)"
T5,138,3,critical_coeff_up,10,30,20,AMPLIFY_OR_OVERLAP_ON_BEAT: Activation on b138 (['photo-L2-4']); measured stage 10 vs sim stage 30
T5,138,3,critical_rate_up,0,20,20,DECAY_TIMING_LAG: Buff expired in measured 1-2 beats earlier than sim (in-game decay counts activation beat)
T5,138,3,focus,20,10,-10,"PHASE_LAG_ACTIVATION: Activated on b138 (acts=['photo-L2-4']); measured reflects immediately (POST), sim reflects next beat (PRE)"
T5,138,3,stamina_cost_down,10,20,10,AMPLIFY_OR_OVERLAP_ON_BEAT: Activation on b138 (['photo-L2-4']); measured stage 10 vs sim stage 20
T5,138,3,vocal_up,5,20,15,AMPLIFY_OR_OVERLAP_ON_BEAT: Activation on b138 (['photo-L2-4']); measured stage 5 vs sim stage 20
T5,138,3,vocal_up_extreme,30,5,-25,"PHASE_LAG_ACTIVATION: Activated on b138 (acts=['photo-L2-4']); measured reflects immediately (POST), sim reflects next beat (PRE)"
T5,138,4,combo_continue,0,1,1,"MISSING_MEASURED_LANE: T5 measured_data_v2 only captures Lane 3 effect box; Lanes 1,2,4,5 are unrecorded"
T5,138,4,stamina_cost_down,0,8,8,"MISSING_MEASURED_LANE: T5 measured_data_v2 only captures Lane 3 effect box; Lanes 1,2,4,5 are unrecorded"
T5,138,5,a_skill_score_up,0,7,7,"MISSING_MEASURED_LANE: T5 measured_data_v2 only captures Lane 3 effect box; Lanes 1,2,4,5 are unrecorded"
T5,138,5,combo_continue,0,1,1,"MISSING_MEASURED_LANE: T5 measured_data_v2 only captures Lane 3 effect box; Lanes 1,2,4,5 are unrecorded"
T5,138,5,stamina_cost_down,0,8,8,"MISSING_MEASURED_LANE: T5 measured_data_v2 only captures Lane 3 effect box; Lanes 1,2,4,5 are unrecorded"
T5,139,1,combo_continue,0,1,1,"MISSING_MEASURED_LANE: T5 measured_data_v2 only captures Lane 3 effect box; Lanes 1,2,4,5 are unrecorded"
T5,139,1,stamina_cost_down,0,8,8,"MISSING_MEASURED_LANE: T5 measured_data_v2 only captures Lane 3 effect box; Lanes 1,2,4,5 are unrecorded"
T5,139,2,a_skill_score_up,0,7,7,"MISSING_MEASURED_LANE: T5 measured_data_v2 only captures Lane 3 effect box; Lanes 1,2,4,5 are unrecorded"
T5,139,2,combo_continue,0,1,1,"MISSING_MEASURED_LANE: T5 measured_data_v2 only captures Lane 3 effect box; Lanes 1,2,4,5 are unrecorded"
T5,139,2,critical_rate_up,0,6,6,"MISSING_MEASURED_LANE: T5 measured_data_v2 only captures Lane 3 effect box; Lanes 1,2,4,5 are unrecorded"
T5,139,2,stamina_cost_down,0,8,8,"MISSING_MEASURED_LANE: T5 measured_data_v2 only captures Lane 3 effect box; Lanes 1,2,4,5 are unrecorded"
T5,139,3,a_skill_score_up,0,20,20,DECAY_TIMING_LAG: Buff expired in measured 1-2 beats earlier than sim (in-game decay counts activation beat)
T5,139,3,combo_continue,0,2,2,FLAG_NOT_STAGED: combo_continue is a boolean flag without stages (recorded as stage: null in measured)
T5,139,3,combo_score_up,20,30,10,BUFF_STAGE_MISMATCH: Measured 20 vs Sim 30 (diff=10)
T5,139,3,critical_rate_up,5,20,15,BUFF_STAGE_MISMATCH: Measured 5 vs Sim 20 (diff=15)
T5,139,3,focus,30,10,-20,BUFF_STAGE_MISMATCH: Measured 30 vs Sim 10 (diff=-20)
T5,139,3,score_up,15,20,5,BUFF_STAGE_MISMATCH: Measured 15 vs Sim 20 (diff=5)
T5,139,3,stamina_cost_down,30,20,-10,BUFF_STAGE_MISMATCH: Measured 30 vs Sim 20 (diff=-10)
T5,139,3,tension_up,0,15,15,DECAY_TIMING_LAG: Buff expired in measured 1-2 beats earlier than sim (in-game decay counts activation beat)
T5,139,3,vocal_boost,0,20,20,DECAY_TIMING_LAG: Buff expired in measured 1-2 beats earlier than sim (in-game decay counts activation beat)
T5,139,3,vocal_up,25,20,-5,BUFF_STAGE_MISMATCH: Measured 25 vs Sim 20 (diff=-5)
T5,139,3,vocal_up_extreme,30,5,-25,BUFF_STAGE_MISMATCH: Measured 30 vs Sim 5 (diff=-25)
T5,139,4,combo_continue,0,1,1,"MISSING_MEASURED_LANE: T5 measured_data_v2 only captures Lane 3 effect box; Lanes 1,2,4,5 are unrecorded"
T5,139,4,stamina_cost_down,0,8,8,"MISSING_MEASURED_LANE: T5 measured_data_v2 only captures Lane 3 effect box; Lanes 1,2,4,5 are unrecorded"
T5,139,5,a_skill_score_up,0,7,7,"MISSING_MEASURED_LANE: T5 measured_data_v2 only captures Lane 3 effect box; Lanes 1,2,4,5 are unrecorded"
T5,139,5,combo_continue,0,1,1,"MISSING_MEASURED_LANE: T5 measured_data_v2 only captures Lane 3 effect box; Lanes 1,2,4,5 are unrecorded"
T5,139,5,stamina_cost_down,0,8,8,"MISSING_MEASURED_LANE: T5 measured_data_v2 only captures Lane 3 effect box; Lanes 1,2,4,5 are unrecorded"
T5,140,1,combo_continue,0,1,1,"MISSING_MEASURED_LANE: T5 measured_data_v2 only captures Lane 3 effect box; Lanes 1,2,4,5 are unrecorded"
T5,140,1,stamina_cost_down,0,8,8,"MISSING_MEASURED_LANE: T5 measured_data_v2 only captures Lane 3 effect box; Lanes 1,2,4,5 are unrecorded"
T5,140,2,combo_continue,0,1,1,"MISSING_MEASURED_LANE: T5 measured_data_v2 only captures Lane 3 effect box; Lanes 1,2,4,5 are unrecorded"
T5,140,2,critical_rate_up,0,6,6,"MISSING_MEASURED_LANE: T5 measured_data_v2 only captures Lane 3 effect box; Lanes 1,2,4,5 are unrecorded"
T5,140,2,stamina_cost_down,0,8,8,"MISSING_MEASURED_LANE: T5 measured_data_v2 only captures Lane 3 effect box; Lanes 1,2,4,5 are unrecorded"
T5,140,3,a_skill_score_up,0,20,20,DECAY_TIMING_LAG: Buff expired in measured 1-2 beats earlier than sim (in-game decay counts activation beat)
T5,140,3,combo_continue,0,2,2,FLAG_NOT_STAGED: combo_continue is a boolean flag without stages (recorded as stage: null in measured)
T5,140,3,combo_score_up,0,30,30,DECAY_TIMING_LAG: Buff expired in measured 1-2 beats earlier than sim (in-game decay counts activation beat)
T5,140,3,critical_rate_up,5,20,15,BUFF_STAGE_MISMATCH: Measured 5 vs Sim 20 (diff=15)
T5,140,3,focus,60,10,-50,BUFF_STAGE_MISMATCH: Measured 60 vs Sim 10 (diff=-50)
T5,140,3,score_up,0,20,20,DECAY_TIMING_LAG: Buff expired in measured 1-2 beats earlier than sim (in-game decay counts activation beat)
T5,140,3,stamina_cost_down,30,20,-10,BUFF_STAGE_MISMATCH: Measured 30 vs Sim 20 (diff=-10)
T5,140,3,tension_up,20,15,-5,BUFF_STAGE_MISMATCH: Measured 20 vs Sim 15 (diff=-5)
T5,140,3,vocal_up,25,20,-5,BUFF_STAGE_MISMATCH: Measured 25 vs Sim 20 (diff=-5)
T5,140,3,vocal_up_extreme,45,5,-40,BUFF_STAGE_MISMATCH: Measured 45 vs Sim 5 (diff=-40)
T5,140,4,combo_continue,0,1,1,"MISSING_MEASURED_LANE: T5 measured_data_v2 only captures Lane 3 effect box; Lanes 1,2,4,5 are unrecorded"
T5,140,4,stamina_cost_down,0,8,8,"MISSING_MEASURED_LANE: T5 measured_data_v2 only captures Lane 3 effect box; Lanes 1,2,4,5 are unrecorded"
T5,140,5,combo_continue,0,1,1,"MISSING_MEASURED_LANE: T5 measured_data_v2 only captures Lane 3 effect box; Lanes 1,2,4,5 are unrecorded"
T5,140,5,stamina_cost_down,0,8,8,"MISSING_MEASURED_LANE: T5 measured_data_v2 only captures Lane 3 effect box; Lanes 1,2,4,5 are unrecorded"
T5,141,1,combo_continue,0,1,1,"MISSING_MEASURED_LANE: T5 measured_data_v2 only captures Lane 3 effect box; Lanes 1,2,4,5 are unrecorded"
T5,141,1,stamina_cost_down,0,8,8,"MISSING_MEASURED_LANE: T5 measured_data_v2 only captures Lane 3 effect box; Lanes 1,2,4,5 are unrecorded"
T5,141,2,combo_continue,0,1,1,"MISSING_MEASURED_LANE: T5 measured_data_v2 only captures Lane 3 effect box; Lanes 1,2,4,5 are unrecorded"
T5,141,2,critical_rate_up,0,6,6,"MISSING_MEASURED_LANE: T5 measured_data_v2 only captures Lane 3 effect box; Lanes 1,2,4,5 are unrecorded"
T5,141,2,stamina_cost_down,0,8,8,"MISSING_MEASURED_LANE: T5 measured_data_v2 only captures Lane 3 effect box; Lanes 1,2,4,5 are unrecorded"
T5,141,3,combo_continue,0,2,2,FLAG_NOT_STAGED: combo_continue is a boolean flag without stages (recorded as stage: null in measured)
T5,141,3,critical_rate_up,5,20,15,BUFF_STAGE_MISMATCH: Measured 5 vs Sim 20 (diff=15)
T5,141,3,focus,30,10,-20,BUFF_STAGE_MISMATCH: Measured 30 vs Sim 10 (diff=-20)
T5,141,3,stamina_cost_down,30,20,-10,BUFF_STAGE_MISMATCH: Measured 30 vs Sim 20 (diff=-10)
T5,141,3,vocal_up,25,20,-5,BUFF_STAGE_MISMATCH: Measured 25 vs Sim 20 (diff=-5)
T5,141,3,vocal_up_extreme,30,5,-25,BUFF_STAGE_MISMATCH: Measured 30 vs Sim 5 (diff=-25)
T5,141,4,combo_continue,0,1,1,"MISSING_MEASURED_LANE: T5 measured_data_v2 only captures Lane 3 effect box; Lanes 1,2,4,5 are unrecorded"
T5,141,4,stamina_cost_down,0,8,8,"MISSING_MEASURED_LANE: T5 measured_data_v2 only captures Lane 3 effect box; Lanes 1,2,4,5 are unrecorded"
T5,141,5,combo_continue,0,1,1,"MISSING_MEASURED_LANE: T5 measured_data_v2 only captures Lane 3 effect box; Lanes 1,2,4,5 are unrecorded"
T5,141,5,stamina_cost_down,0,8,8,"MISSING_MEASURED_LANE: T5 measured_data_v2 only captures Lane 3 effect box; Lanes 1,2,4,5 are unrecorded"
T5,142,1,combo_continue,0,1,1,"MISSING_MEASURED_LANE: T5 measured_data_v2 only captures Lane 3 effect box; Lanes 1,2,4,5 are unrecorded"
T5,142,1,stamina_cost_down,0,8,8,"MISSING_MEASURED_LANE: T5 measured_data_v2 only captures Lane 3 effect box; Lanes 1,2,4,5 are unrecorded"
T5,142,2,combo_continue,0,1,1,"MISSING_MEASURED_LANE: T5 measured_data_v2 only captures Lane 3 effect box; Lanes 1,2,4,5 are unrecorded"
T5,142,2,critical_rate_up,0,6,6,"MISSING_MEASURED_LANE: T5 measured_data_v2 only captures Lane 3 effect box; Lanes 1,2,4,5 are unrecorded"
T5,142,2,stamina_cost_down,0,8,8,"MISSING_MEASURED_LANE: T5 measured_data_v2 only captures Lane 3 effect box; Lanes 1,2,4,5 are unrecorded"
T5,142,3,a_skill_score_up,0,20,20,DECAY_TIMING_LAG: Buff expired in measured 1-2 beats earlier than sim (in-game decay counts activation beat)
T5,142,3,combo_continue,0,2,2,FLAG_NOT_STAGED: combo_continue is a boolean flag without stages (recorded as stage: null in measured)
T5,142,3,combo_score_up,0,30,30,DECAY_TIMING_LAG: Buff expired in measured 1-2 beats earlier than sim (in-game decay counts activation beat)
T5,142,3,critical_rate_up,0,20,20,DECAY_TIMING_LAG: Buff expired in measured 1-2 beats earlier than sim (in-game decay counts activation beat)
T5,142,3,focus,20,10,-10,BUFF_STAGE_MISMATCH: Measured 20 vs Sim 10 (diff=-10)
T5,142,3,score_up,0,20,20,DECAY_TIMING_LAG: Buff expired in measured 1-2 beats earlier than sim (in-game decay counts activation beat)
T5,142,3,skill_success_up,30,10,-20,BUFF_STAGE_MISMATCH: Measured 30 vs Sim 10 (diff=-20)
T5,142,3,stamina_cost_down,45,20,-25,BUFF_STAGE_MISMATCH: Measured 45 vs Sim 20 (diff=-25)
T5,142,3,tension_up,0,15,15,DECAY_TIMING_LAG: Buff expired in measured 1-2 beats earlier than sim (in-game decay counts activation beat)
T5,142,3,vocal_boost,0,20,20,DECAY_TIMING_LAG: Buff expired in measured 1-2 beats earlier than sim (in-game decay counts activation beat)
T5,142,3,vocal_up,5,20,15,BUFF_STAGE_MISMATCH: Measured 5 vs Sim 20 (diff=15)
T5,142,3,vocal_up_extreme,30,5,-25,BUFF_STAGE_MISMATCH: Measured 30 vs Sim 5 (diff=-25)
T5,142,4,combo_continue,0,1,1,"MISSING_MEASURED_LANE: T5 measured_data_v2 only captures Lane 3 effect box; Lanes 1,2,4,5 are unrecorded"
T5,142,4,stamina_cost_down,0,8,8,"MISSING_MEASURED_LANE: T5 measured_data_v2 only captures Lane 3 effect box; Lanes 1,2,4,5 are unrecorded"
T5,142,5,combo_continue,0,1,1,"MISSING_MEASURED_LANE: T5 measured_data_v2 only captures Lane 3 effect box; Lanes 1,2,4,5 are unrecorded"
T5,142,5,stamina_cost_down,0,8,8,"MISSING_MEASURED_LANE: T5 measured_data_v2 only captures Lane 3 effect box; Lanes 1,2,4,5 are unrecorded"
T5,143,1,combo_continue,0,1,1,"MISSING_MEASURED_LANE: T5 measured_data_v2 only captures Lane 3 effect box; Lanes 1,2,4,5 are unrecorded"
T5,143,1,stamina_cost_down,0,8,8,"MISSING_MEASURED_LANE: T5 measured_data_v2 only captures Lane 3 effect box; Lanes 1,2,4,5 are unrecorded"
T5,143,2,combo_continue,0,1,1,"MISSING_MEASURED_LANE: T5 measured_data_v2 only captures Lane 3 effect box; Lanes 1,2,4,5 are unrecorded"
T5,143,2,critical_rate_up,0,6,6,"MISSING_MEASURED_LANE: T5 measured_data_v2 only captures Lane 3 effect box; Lanes 1,2,4,5 are unrecorded"
T5,143,2,stamina_cost_down,0,8,8,"MISSING_MEASURED_LANE: T5 measured_data_v2 only captures Lane 3 effect box; Lanes 1,2,4,5 are unrecorded"
T5,143,3,combo_continue,0,2,2,FLAG_NOT_STAGED: combo_continue is a boolean flag without stages (recorded as stage: null in measured)
T5,143,3,critical_coeff_up,10,30,20,BUFF_STAGE_MISMATCH: Measured 10 vs Sim 30 (diff=20)
T5,143,3,critical_rate_up,5,20,15,BUFF_STAGE_MISMATCH: Measured 5 vs Sim 20 (diff=15)
T5,143,3,focus,30,10,-20,BUFF_STAGE_MISMATCH: Measured 30 vs Sim 10 (diff=-20)
T5,143,3,stamina_cost_down,10,20,10,BUFF_STAGE_MISMATCH: Measured 10 vs Sim 20 (diff=10)
T5,143,3,vocal_up,25,20,-5,BUFF_STAGE_MISMATCH: Measured 25 vs Sim 20 (diff=-5)
T5,143,3,vocal_up_extreme,50,5,-45,BUFF_STAGE_MISMATCH: Measured 50 vs Sim 5 (diff=-45)
T5,143,4,combo_continue,0,1,1,"MISSING_MEASURED_LANE: T5 measured_data_v2 only captures Lane 3 effect box; Lanes 1,2,4,5 are unrecorded"
T5,143,4,stamina_cost_down,0,8,8,"MISSING_MEASURED_LANE: T5 measured_data_v2 only captures Lane 3 effect box; Lanes 1,2,4,5 are unrecorded"
T5,143,5,combo_continue,0,1,1,"MISSING_MEASURED_LANE: T5 measured_data_v2 only captures Lane 3 effect box; Lanes 1,2,4,5 are unrecorded"
T5,143,5,stamina_cost_down,0,8,8,"MISSING_MEASURED_LANE: T5 measured_data_v2 only captures Lane 3 effect box; Lanes 1,2,4,5 are unrecorded"
T5,144,1,combo_continue,0,1,1,"MISSING_MEASURED_LANE: T5 measured_data_v2 only captures Lane 3 effect box; Lanes 1,2,4,5 are unrecorded"
T5,144,1,stamina_cost_down,0,8,8,"MISSING_MEASURED_LANE: T5 measured_data_v2 only captures Lane 3 effect box; Lanes 1,2,4,5 are unrecorded"
T5,144,2,combo_continue,0,1,1,"MISSING_MEASURED_LANE: T5 measured_data_v2 only captures Lane 3 effect box; Lanes 1,2,4,5 are unrecorded"
T5,144,2,critical_rate_up,0,6,6,"MISSING_MEASURED_LANE: T5 measured_data_v2 only captures Lane 3 effect box; Lanes 1,2,4,5 are unrecorded"
T5,144,2,stamina_cost_down,0,8,8,"MISSING_MEASURED_LANE: T5 measured_data_v2 only captures Lane 3 effect box; Lanes 1,2,4,5 are unrecorded"
T5,144,3,a_skill_score_up,0,20,20,DECAY_TIMING_LAG: Buff expired in measured 1-2 beats earlier than sim (in-game decay counts activation beat)
T5,144,3,combo_continue,0,2,2,FLAG_NOT_STAGED: combo_continue is a boolean flag without stages (recorded as stage: null in measured)
T5,144,3,combo_score_up,0,30,30,DECAY_TIMING_LAG: Buff expired in measured 1-2 beats earlier than sim (in-game decay counts activation beat)
T5,144,3,critical_rate_up,5,20,15,AMPLIFY_OR_OVERLAP_ON_BEAT: Activation on b144 (['sk-ski-05-onep-00-2']); measured stage 5 vs sim stage 20
T5,144,3,focus,60,10,-50,"PHASE_LAG_ACTIVATION: Activated on b144 (acts=['sk-ski-05-onep-00-2']); measured reflects immediately (POST), sim reflects next beat (PRE)"
T5,144,3,score_up,0,20,20,DECAY_TIMING_LAG: Buff expired in measured 1-2 beats earlier than sim (in-game decay counts activation beat)
T5,144,3,skill_success_up,30,10,-20,"PHASE_LAG_ACTIVATION: Activated on b144 (acts=['sk-ski-05-onep-00-2']); measured reflects immediately (POST), sim reflects next beat (PRE)"
T5,144,3,stamina_cost_down,45,20,-25,"PHASE_LAG_ACTIVATION: Activated on b144 (acts=['sk-ski-05-onep-00-2']); measured reflects immediately (POST), sim reflects next beat (PRE)"
T5,144,3,tension_up,0,15,15,DECAY_TIMING_LAG: Buff expired in measured 1-2 beats earlier than sim (in-game decay counts activation beat)
T5,144,3,vocal_boost,0,20,20,DECAY_TIMING_LAG: Buff expired in measured 1-2 beats earlier than sim (in-game decay counts activation beat)
T5,144,3,vocal_up,35,20,-15,"PHASE_LAG_ACTIVATION: Activated on b144 (acts=['sk-ski-05-onep-00-2']); measured reflects immediately (POST), sim reflects next beat (PRE)"
T5,144,3,vocal_up_extreme,50,5,-45,"PHASE_LAG_ACTIVATION: Activated on b144 (acts=['sk-ski-05-onep-00-2']); measured reflects immediately (POST), sim reflects next beat (PRE)"
T5,144,4,combo_continue,0,1,1,"MISSING_MEASURED_LANE: T5 measured_data_v2 only captures Lane 3 effect box; Lanes 1,2,4,5 are unrecorded"
T5,144,4,stamina_cost_down,0,8,8,"MISSING_MEASURED_LANE: T5 measured_data_v2 only captures Lane 3 effect box; Lanes 1,2,4,5 are unrecorded"
T5,144,5,combo_continue,0,1,1,"MISSING_MEASURED_LANE: T5 measured_data_v2 only captures Lane 3 effect box; Lanes 1,2,4,5 are unrecorded"
T5,144,5,stamina_cost_down,0,8,8,"MISSING_MEASURED_LANE: T5 measured_data_v2 only captures Lane 3 effect box; Lanes 1,2,4,5 are unrecorded"
T5,145,1,combo_continue,0,1,1,"MISSING_MEASURED_LANE: T5 measured_data_v2 only captures Lane 3 effect box; Lanes 1,2,4,5 are unrecorded"
T5,145,1,stamina_cost_down,0,8,8,"MISSING_MEASURED_LANE: T5 measured_data_v2 only captures Lane 3 effect box; Lanes 1,2,4,5 are unrecorded"
T5,145,2,combo_continue,0,1,1,"MISSING_MEASURED_LANE: T5 measured_data_v2 only captures Lane 3 effect box; Lanes 1,2,4,5 are unrecorded"
T5,145,2,critical_rate_up,0,6,6,"MISSING_MEASURED_LANE: T5 measured_data_v2 only captures Lane 3 effect box; Lanes 1,2,4,5 are unrecorded"
T5,145,2,stamina_cost_down,0,8,8,"MISSING_MEASURED_LANE: T5 measured_data_v2 only captures Lane 3 effect box; Lanes 1,2,4,5 are unrecorded"
T5,145,3,combo_continue,0,2,2,FLAG_NOT_STAGED: combo_continue is a boolean flag without stages (recorded as stage: null in measured)
T5,145,3,combo_score_up,25,30,5,BUFF_STAGE_MISMATCH: Measured 25 vs Sim 30 (diff=5)
T5,145,3,critical_coeff_up,10,30,20,BUFF_STAGE_MISMATCH: Measured 10 vs Sim 30 (diff=20)
T5,145,3,critical_rate_up,0,20,20,DECAY_TIMING_LAG: Buff expired in measured 1-2 beats earlier than sim (in-game decay counts activation beat)
T5,145,3,focus,20,10,-10,BUFF_STAGE_MISMATCH: Measured 20 vs Sim 10 (diff=-10)
T5,145,3,stamina_cost_down,10,20,10,BUFF_STAGE_MISMATCH: Measured 10 vs Sim 20 (diff=10)
T5,145,3,tension_up,0,15,15,DECAY_TIMING_LAG: Buff expired in measured 1-2 beats earlier than sim (in-game decay counts activation beat)
T5,145,3,vocal_boost,0,20,20,DECAY_TIMING_LAG: Buff expired in measured 1-2 beats earlier than sim (in-game decay counts activation beat)
T5,145,3,vocal_up,5,20,15,BUFF_STAGE_MISMATCH: Measured 5 vs Sim 20 (diff=15)
T5,145,3,vocal_up_extreme,30,5,-25,BUFF_STAGE_MISMATCH: Measured 30 vs Sim 5 (diff=-25)
T5,145,4,combo_continue,0,1,1,"MISSING_MEASURED_LANE: T5 measured_data_v2 only captures Lane 3 effect box; Lanes 1,2,4,5 are unrecorded"
T5,145,4,stamina_cost_down,0,8,8,"MISSING_MEASURED_LANE: T5 measured_data_v2 only captures Lane 3 effect box; Lanes 1,2,4,5 are unrecorded"
T5,145,5,combo_continue,0,1,1,"MISSING_MEASURED_LANE: T5 measured_data_v2 only captures Lane 3 effect box; Lanes 1,2,4,5 are unrecorded"
T5,145,5,stamina_cost_down,0,8,8,"MISSING_MEASURED_LANE: T5 measured_data_v2 only captures Lane 3 effect box; Lanes 1,2,4,5 are unrecorded"
T5,146,1,combo_continue,0,1,1,"MISSING_MEASURED_LANE: T5 measured_data_v2 only captures Lane 3 effect box; Lanes 1,2,4,5 are unrecorded"
T5,146,1,stamina_cost_down,0,8,8,"MISSING_MEASURED_LANE: T5 measured_data_v2 only captures Lane 3 effect box; Lanes 1,2,4,5 are unrecorded"
T5,146,2,combo_continue,0,1,1,"MISSING_MEASURED_LANE: T5 measured_data_v2 only captures Lane 3 effect box; Lanes 1,2,4,5 are unrecorded"
T5,146,2,critical_rate_up,0,6,6,"MISSING_MEASURED_LANE: T5 measured_data_v2 only captures Lane 3 effect box; Lanes 1,2,4,5 are unrecorded"
T5,146,2,stamina_cost_down,0,8,8,"MISSING_MEASURED_LANE: T5 measured_data_v2 only captures Lane 3 effect box; Lanes 1,2,4,5 are unrecorded"
T5,146,3,combo_continue,0,2,2,FLAG_NOT_STAGED: combo_continue is a boolean flag without stages (recorded as stage: null in measured)
T5,146,3,critical_coeff_up,15,30,15,BUFF_STAGE_MISMATCH: Measured 15 vs Sim 30 (diff=15)
T5,146,3,critical_rate_up,0,20,20,DECAY_TIMING_LAG: Buff expired in measured 1-2 beats earlier than sim (in-game decay counts activation beat)
T5,146,3,focus,30,10,-20,BUFF_STAGE_MISMATCH: Measured 30 vs Sim 10 (diff=-20)
T5,146,3,stamina_cost_down,10,20,10,BUFF_STAGE_MISMATCH: Measured 10 vs Sim 20 (diff=10)
T5,146,3,vocal_up,25,20,-5,BUFF_STAGE_MISMATCH: Measured 25 vs Sim 20 (diff=-5)
T5,146,3,vocal_up_extreme,50,5,-45,BUFF_STAGE_MISMATCH: Measured 50 vs Sim 5 (diff=-45)
T5,146,4,combo_continue,0,1,1,"MISSING_MEASURED_LANE: T5 measured_data_v2 only captures Lane 3 effect box; Lanes 1,2,4,5 are unrecorded"
T5,146,4,stamina_cost_down,0,8,8,"MISSING_MEASURED_LANE: T5 measured_data_v2 only captures Lane 3 effect box; Lanes 1,2,4,5 are unrecorded"
T5,146,5,combo_continue,0,1,1,"MISSING_MEASURED_LANE: T5 measured_data_v2 only captures Lane 3 effect box; Lanes 1,2,4,5 are unrecorded"
T5,146,5,stamina_cost_down,0,8,8,"MISSING_MEASURED_LANE: T5 measured_data_v2 only captures Lane 3 effect box; Lanes 1,2,4,5 are unrecorded"
T5,147,1,combo_continue,0,1,1,"MISSING_MEASURED_LANE: T5 measured_data_v2 only captures Lane 3 effect box; Lanes 1,2,4,5 are unrecorded"
T5,147,1,stamina_cost_down,0,8,8,"MISSING_MEASURED_LANE: T5 measured_data_v2 only captures Lane 3 effect box; Lanes 1,2,4,5 are unrecorded"
T5,147,2,combo_continue,0,1,1,"MISSING_MEASURED_LANE: T5 measured_data_v2 only captures Lane 3 effect box; Lanes 1,2,4,5 are unrecorded"
T5,147,2,critical_rate_up,0,6,6,"MISSING_MEASURED_LANE: T5 measured_data_v2 only captures Lane 3 effect box; Lanes 1,2,4,5 are unrecorded"
T5,147,2,stamina_cost_down,0,8,8,"MISSING_MEASURED_LANE: T5 measured_data_v2 only captures Lane 3 effect box; Lanes 1,2,4,5 are unrecorded"
T5,147,3,combo_continue,0,2,2,FLAG_NOT_STAGED: combo_continue is a boolean flag without stages (recorded as stage: null in measured)
T5,147,3,combo_score_up,50,30,-20,"PHASE_LAG_ACTIVATION: Activated on b147 (acts=['photo-L4-1', 'photo-L2-3']); measured reflects immediately (POST), sim reflects next beat (PRE)"
T5,147,3,critical_coeff_up,10,30,20,"AMPLIFY_OR_OVERLAP_ON_BEAT: Activation on b147 (['photo-L4-1', 'photo-L2-3']); measured stage 10 vs sim stage 30"
T5,147,3,critical_rate_up,5,20,15,"AMPLIFY_OR_OVERLAP_ON_BEAT: Activation on b147 (['photo-L4-1', 'photo-L2-3']); measured stage 5 vs sim stage 20"
T5,147,3,focus,30,10,-20,"PHASE_LAG_ACTIVATION: Activated on b147 (acts=['photo-L4-1', 'photo-L2-3']); measured reflects immediately (POST), sim reflects next beat (PRE)"
T5,147,3,score_up,15,20,5,"AMPLIFY_OR_OVERLAP_ON_BEAT: Activation on b147 (['photo-L4-1', 'photo-L2-3']); measured stage 15 vs sim stage 20"
T5,147,3,stamina_cost_down,10,20,10,"AMPLIFY_OR_OVERLAP_ON_BEAT: Activation on b147 (['photo-L4-1', 'photo-L2-3']); measured stage 10 vs sim stage 20"
T5,147,3,tension_up,0,15,15,DECAY_TIMING_LAG: Buff expired in measured 1-2 beats earlier than sim (in-game decay counts activation beat)
T5,147,3,vocal_up,25,20,-5,"PHASE_LAG_ACTIVATION: Activated on b147 (acts=['photo-L4-1', 'photo-L2-3']); measured reflects immediately (POST), sim reflects next beat (PRE)"
T5,147,3,vocal_up_extreme,50,5,-45,"PHASE_LAG_ACTIVATION: Activated on b147 (acts=['photo-L4-1', 'photo-L2-3']); measured reflects immediately (POST), sim reflects next beat (PRE)"
T5,147,4,combo_continue,0,1,1,"MISSING_MEASURED_LANE: T5 measured_data_v2 only captures Lane 3 effect box; Lanes 1,2,4,5 are unrecorded"
T5,147,4,stamina_cost_down,0,8,8,"MISSING_MEASURED_LANE: T5 measured_data_v2 only captures Lane 3 effect box; Lanes 1,2,4,5 are unrecorded"
T5,147,5,combo_continue,0,1,1,"MISSING_MEASURED_LANE: T5 measured_data_v2 only captures Lane 3 effect box; Lanes 1,2,4,5 are unrecorded"
T5,147,5,stamina_cost_down,0,8,8,"MISSING_MEASURED_LANE: T5 measured_data_v2 only captures Lane 3 effect box; Lanes 1,2,4,5 are unrecorded"
T5,148,1,combo_continue,0,1,1,"MISSING_MEASURED_LANE: T5 measured_data_v2 only captures Lane 3 effect box; Lanes 1,2,4,5 are unrecorded"
T5,148,1,stamina_cost_down,0,8,8,"MISSING_MEASURED_LANE: T5 measured_data_v2 only captures Lane 3 effect box; Lanes 1,2,4,5 are unrecorded"
T5,148,2,combo_continue,0,1,1,"MISSING_MEASURED_LANE: T5 measured_data_v2 only captures Lane 3 effect box; Lanes 1,2,4,5 are unrecorded"
T5,148,2,critical_rate_up,0,6,6,"MISSING_MEASURED_LANE: T5 measured_data_v2 only captures Lane 3 effect box; Lanes 1,2,4,5 are unrecorded"
T5,148,2,stamina_cost_down,0,8,8,"MISSING_MEASURED_LANE: T5 measured_data_v2 only captures Lane 3 effect box; Lanes 1,2,4,5 are unrecorded"
T5,148,3,combo_continue,0,2,2,FLAG_NOT_STAGED: combo_continue is a boolean flag without stages (recorded as stage: null in measured)
T5,148,3,critical_rate_up,5,20,15,BUFF_STAGE_MISMATCH: Measured 5 vs Sim 20 (diff=15)
T5,148,3,focus,30,10,-20,BUFF_STAGE_MISMATCH: Measured 30 vs Sim 10 (diff=-20)
T5,148,3,stamina_cost_down,10,20,10,BUFF_STAGE_MISMATCH: Measured 10 vs Sim 20 (diff=10)
T5,148,3,vocal_up,25,20,-5,BUFF_STAGE_MISMATCH: Measured 25 vs Sim 20 (diff=-5)
T5,148,3,vocal_up_extreme,50,5,-45,BUFF_STAGE_MISMATCH: Measured 50 vs Sim 5 (diff=-45)
T5,148,4,combo_continue,0,1,1,"MISSING_MEASURED_LANE: T5 measured_data_v2 only captures Lane 3 effect box; Lanes 1,2,4,5 are unrecorded"
T5,148,4,stamina_cost_down,0,8,8,"MISSING_MEASURED_LANE: T5 measured_data_v2 only captures Lane 3 effect box; Lanes 1,2,4,5 are unrecorded"
T5,148,5,combo_continue,0,1,1,"MISSING_MEASURED_LANE: T5 measured_data_v2 only captures Lane 3 effect box; Lanes 1,2,4,5 are unrecorded"
T5,148,5,stamina_cost_down,0,8,8,"MISSING_MEASURED_LANE: T5 measured_data_v2 only captures Lane 3 effect box; Lanes 1,2,4,5 are unrecorded"
T5,149,1,combo_continue,0,1,1,"MISSING_MEASURED_LANE: T5 measured_data_v2 only captures Lane 3 effect box; Lanes 1,2,4,5 are unrecorded"
T5,149,1,stamina_cost_down,0,8,8,"MISSING_MEASURED_LANE: T5 measured_data_v2 only captures Lane 3 effect box; Lanes 1,2,4,5 are unrecorded"
T5,149,2,combo_continue,0,1,1,"MISSING_MEASURED_LANE: T5 measured_data_v2 only captures Lane 3 effect box; Lanes 1,2,4,5 are unrecorded"
T5,149,2,critical_rate_up,0,6,6,"MISSING_MEASURED_LANE: T5 measured_data_v2 only captures Lane 3 effect box; Lanes 1,2,4,5 are unrecorded"
T5,149,2,stamina_cost_down,0,8,8,"MISSING_MEASURED_LANE: T5 measured_data_v2 only captures Lane 3 effect box; Lanes 1,2,4,5 are unrecorded"
T5,149,3,a_skill_score_up,0,20,20,DECAY_TIMING_LAG: Buff expired in measured 1-2 beats earlier than sim (in-game decay counts activation beat)
T5,149,3,combo_continue,0,2,2,FLAG_NOT_STAGED: combo_continue is a boolean flag without stages (recorded as stage: null in measured)
T5,149,3,combo_score_up,0,30,30,DECAY_TIMING_LAG: Buff expired in measured 1-2 beats earlier than sim (in-game decay counts activation beat)
T5,149,3,critical_coeff_up,10,30,20,BUFF_STAGE_MISMATCH: Measured 10 vs Sim 30 (diff=20)
T5,149,3,critical_rate_up,0,20,20,DECAY_TIMING_LAG: Buff expired in measured 1-2 beats earlier than sim (in-game decay counts activation beat)
T5,149,3,focus,50,10,-40,BUFF_STAGE_MISMATCH: Measured 50 vs Sim 10 (diff=-40)
T5,149,3,stamina_cost_down,10,20,10,BUFF_STAGE_MISMATCH: Measured 10 vs Sim 20 (diff=10)
T5,149,3,tension_up,20,15,-5,BUFF_STAGE_MISMATCH: Measured 20 vs Sim 15 (diff=-5)
T5,149,3,vocal_up,5,20,15,BUFF_STAGE_MISMATCH: Measured 5 vs Sim 20 (diff=15)
T5,149,3,vocal_up_extreme,45,5,-40,BUFF_STAGE_MISMATCH: Measured 45 vs Sim 5 (diff=-40)
T5,149,4,combo_continue,0,1,1,"MISSING_MEASURED_LANE: T5 measured_data_v2 only captures Lane 3 effect box; Lanes 1,2,4,5 are unrecorded"
T5,149,4,stamina_cost_down,0,8,8,"MISSING_MEASURED_LANE: T5 measured_data_v2 only captures Lane 3 effect box; Lanes 1,2,4,5 are unrecorded"
T5,149,5,combo_continue,0,1,1,"MISSING_MEASURED_LANE: T5 measured_data_v2 only captures Lane 3 effect box; Lanes 1,2,4,5 are unrecorded"
T5,149,5,stamina_cost_down,0,8,8,"MISSING_MEASURED_LANE: T5 measured_data_v2 only captures Lane 3 effect box; Lanes 1,2,4,5 are unrecorded"
T5,150,1,combo_continue,0,1,1,"MISSING_MEASURED_LANE: T5 measured_data_v2 only captures Lane 3 effect box; Lanes 1,2,4,5 are unrecorded"
T5,150,1,stamina_cost_down,0,8,8,"MISSING_MEASURED_LANE: T5 measured_data_v2 only captures Lane 3 effect box; Lanes 1,2,4,5 are unrecorded"
T5,150,2,combo_continue,0,1,1,"MISSING_MEASURED_LANE: T5 measured_data_v2 only captures Lane 3 effect box; Lanes 1,2,4,5 are unrecorded"
T5,150,2,critical_rate_up,0,6,6,"MISSING_MEASURED_LANE: T5 measured_data_v2 only captures Lane 3 effect box; Lanes 1,2,4,5 are unrecorded"
T5,150,2,stamina_cost_down,0,8,8,"MISSING_MEASURED_LANE: T5 measured_data_v2 only captures Lane 3 effect box; Lanes 1,2,4,5 are unrecorded"
T5,150,3,combo_continue,0,2,2,FLAG_NOT_STAGED: combo_continue is a boolean flag without stages (recorded as stage: null in measured)
T5,150,3,combo_score_up,10,30,20,"AMPLIFY_OR_OVERLAP_ON_BEAT: Activation on b150 (['sk-yu-05-birt-02-2', 'photo-L1-1', 'photo-L4-2', 'sk-ski-05-onep-00-3']); measured stage 10 vs sim stage 30"
T5,150,3,critical_coeff_up,10,30,20,"AMPLIFY_OR_OVERLAP_ON_BEAT: Activation on b150 (['sk-yu-05-birt-02-2', 'photo-L1-1', 'photo-L4-2', 'sk-ski-05-onep-00-3']); measured stage 10 vs sim stage 30"
T5,150,3,focus,20,10,-10,"PHASE_LAG_ACTIVATION: Activated on b150 (acts=['sk-yu-05-birt-02-2', 'photo-L1-1', 'photo-L4-2', 'sk-ski-05-onep-00-3']); measured reflects immediately (POST), sim reflects next beat (PRE)"
T5,150,3,score_up,0,20,20,DECAY_TIMING_LAG: Buff expired in measured 1-2 beats earlier than sim (in-game decay counts activation beat)
T5,150,3,skill_success_up,30,10,-20,"PHASE_LAG_ACTIVATION: Activated on b150 (acts=['sk-yu-05-birt-02-2', 'photo-L1-1', 'photo-L4-2', 'sk-ski-05-onep-00-3']); measured reflects immediately (POST), sim reflects next beat (PRE)"
T5,150,3,stamina_cost_down,45,20,-25,"PHASE_LAG_ACTIVATION: Activated on b150 (acts=['sk-yu-05-birt-02-2', 'photo-L1-1', 'photo-L4-2', 'sk-ski-05-onep-00-3']); measured reflects immediately (POST), sim reflects next beat (PRE)"
T5,150,3,tension_up,20,15,-5,"PHASE_LAG_ACTIVATION: Activated on b150 (acts=['sk-yu-05-birt-02-2', 'photo-L1-1', 'photo-L4-2', 'sk-ski-05-onep-00-3']); measured reflects immediately (POST), sim reflects next beat (PRE)"
T5,150,3,vocal_boost,5,20,15,"AMPLIFY_OR_OVERLAP_ON_BEAT: Activation on b150 (['sk-yu-05-birt-02-2', 'photo-L1-1', 'photo-L4-2', 'sk-ski-05-onep-00-3']); measured stage 5 vs sim stage 20"
T5,150,3,vocal_up,5,20,15,"AMPLIFY_OR_OVERLAP_ON_BEAT: Activation on b150 (['sk-yu-05-birt-02-2', 'photo-L1-1', 'photo-L4-2', 'sk-ski-05-onep-00-3']); measured stage 5 vs sim stage 20"
T5,150,3,vocal_up_extreme,30,5,-25,"PHASE_LAG_ACTIVATION: Activated on b150 (acts=['sk-yu-05-birt-02-2', 'photo-L1-1', 'photo-L4-2', 'sk-ski-05-onep-00-3']); measured reflects immediately (POST), sim reflects next beat (PRE)"
T5,150,4,combo_continue,0,1,1,"MISSING_MEASURED_LANE: T5 measured_data_v2 only captures Lane 3 effect box; Lanes 1,2,4,5 are unrecorded"
T5,150,4,stamina_cost_down,0,8,8,"MISSING_MEASURED_LANE: T5 measured_data_v2 only captures Lane 3 effect box; Lanes 1,2,4,5 are unrecorded"
T5,150,5,combo_continue,0,1,1,"MISSING_MEASURED_LANE: T5 measured_data_v2 only captures Lane 3 effect box; Lanes 1,2,4,5 are unrecorded"
T5,150,5,stamina_cost_down,0,8,8,"MISSING_MEASURED_LANE: T5 measured_data_v2 only captures Lane 3 effect box; Lanes 1,2,4,5 are unrecorded"
T5,151,1,combo_continue,0,1,1,"MISSING_MEASURED_LANE: T5 measured_data_v2 only captures Lane 3 effect box; Lanes 1,2,4,5 are unrecorded"
T5,151,1,stamina_cost_down,0,8,8,"MISSING_MEASURED_LANE: T5 measured_data_v2 only captures Lane 3 effect box; Lanes 1,2,4,5 are unrecorded"
T5,151,2,a_skill_score_up,0,7,7,"MISSING_MEASURED_LANE: T5 measured_data_v2 only captures Lane 3 effect box; Lanes 1,2,4,5 are unrecorded"
T5,151,2,combo_continue,0,1,1,"MISSING_MEASURED_LANE: T5 measured_data_v2 only captures Lane 3 effect box; Lanes 1,2,4,5 are unrecorded"
T5,151,2,critical_rate_up,0,6,6,"MISSING_MEASURED_LANE: T5 measured_data_v2 only captures Lane 3 effect box; Lanes 1,2,4,5 are unrecorded"
T5,151,2,stamina_cost_down,0,8,8,"MISSING_MEASURED_LANE: T5 measured_data_v2 only captures Lane 3 effect box; Lanes 1,2,4,5 are unrecorded"
T5,151,3,a_skill_score_up,0,20,20,DECAY_TIMING_LAG: Buff expired in measured 1-2 beats earlier than sim (in-game decay counts activation beat)
T5,151,3,combo_continue,0,2,2,FLAG_NOT_STAGED: combo_continue is a boolean flag without stages (recorded as stage: null in measured)
T5,151,3,combo_score_up,0,30,30,DECAY_TIMING_LAG: Buff expired in measured 1-2 beats earlier than sim (in-game decay counts activation beat)
T5,151,3,critical_coeff_up,35,30,-5,"PHASE_LAG_ACTIVATION: Activated on b151 (acts=['photo-L1-2']); measured reflects immediately (POST), sim reflects next beat (PRE)"
T5,151,3,critical_rate_up,0,20,20,DECAY_TIMING_LAG: Buff expired in measured 1-2 beats earlier than sim (in-game decay counts activation beat)
T5,151,3,focus,60,10,-50,"PHASE_LAG_ACTIVATION: Activated on b151 (acts=['photo-L1-2']); measured reflects immediately (POST), sim reflects next beat (PRE)"
T5,151,3,score_up,0,20,20,DECAY_TIMING_LAG: Buff expired in measured 1-2 beats earlier than sim (in-game decay counts activation beat)
T5,151,3,skill_success_up,30,10,-20,"PHASE_LAG_ACTIVATION: Activated on b151 (acts=['photo-L1-2']); measured reflects immediately (POST), sim reflects next beat (PRE)"
T5,151,3,stamina_cost_down,25,20,-5,"PHASE_LAG_ACTIVATION: Activated on b151 (acts=['photo-L1-2']); measured reflects immediately (POST), sim reflects next beat (PRE)"
T5,151,3,tension_up,0,15,15,DECAY_TIMING_LAG: Buff expired in measured 1-2 beats earlier than sim (in-game decay counts activation beat)
T5,151,3,vocal_boost,0,20,20,DECAY_TIMING_LAG: Buff expired in measured 1-2 beats earlier than sim (in-game decay counts activation beat)
T5,151,3,vocal_up,35,20,-15,"PHASE_LAG_ACTIVATION: Activated on b151 (acts=['photo-L1-2']); measured reflects immediately (POST), sim reflects next beat (PRE)"
T5,151,3,vocal_up_extreme,50,5,-45,"PHASE_LAG_ACTIVATION: Activated on b151 (acts=['photo-L1-2']); measured reflects immediately (POST), sim reflects next beat (PRE)"
T5,151,4,combo_continue,0,1,1,"MISSING_MEASURED_LANE: T5 measured_data_v2 only captures Lane 3 effect box; Lanes 1,2,4,5 are unrecorded"
T5,151,4,stamina_cost_down,0,8,8,"MISSING_MEASURED_LANE: T5 measured_data_v2 only captures Lane 3 effect box; Lanes 1,2,4,5 are unrecorded"
T5,151,5,a_skill_score_up,0,7,7,"MISSING_MEASURED_LANE: T5 measured_data_v2 only captures Lane 3 effect box; Lanes 1,2,4,5 are unrecorded"
T5,151,5,combo_continue,0,1,1,"MISSING_MEASURED_LANE: T5 measured_data_v2 only captures Lane 3 effect box; Lanes 1,2,4,5 are unrecorded"
T5,151,5,stamina_cost_down,0,8,8,"MISSING_MEASURED_LANE: T5 measured_data_v2 only captures Lane 3 effect box; Lanes 1,2,4,5 are unrecorded"
T5,152,1,combo_continue,0,1,1,"MISSING_MEASURED_LANE: T5 measured_data_v2 only captures Lane 3 effect box; Lanes 1,2,4,5 are unrecorded"
T5,152,1,stamina_cost_down,0,8,8,"MISSING_MEASURED_LANE: T5 measured_data_v2 only captures Lane 3 effect box; Lanes 1,2,4,5 are unrecorded"
T5,152,2,a_skill_score_up,0,7,7,"MISSING_MEASURED_LANE: T5 measured_data_v2 only captures Lane 3 effect box; Lanes 1,2,4,5 are unrecorded"
T5,152,2,combo_continue,0,1,1,"MISSING_MEASURED_LANE: T5 measured_data_v2 only captures Lane 3 effect box; Lanes 1,2,4,5 are unrecorded"
T5,152,2,critical_rate_up,0,6,6,"MISSING_MEASURED_LANE: T5 measured_data_v2 only captures Lane 3 effect box; Lanes 1,2,4,5 are unrecorded"
T5,152,2,score_up,0,8,8,"MISSING_MEASURED_LANE: T5 measured_data_v2 only captures Lane 3 effect box; Lanes 1,2,4,5 are unrecorded"
T5,152,2,stamina_cost_down,0,8,8,"MISSING_MEASURED_LANE: T5 measured_data_v2 only captures Lane 3 effect box; Lanes 1,2,4,5 are unrecorded"
T5,152,3,combo_continue,0,2,2,FLAG_NOT_STAGED: combo_continue is a boolean flag without stages (recorded as stage: null in measured)
T5,152,3,critical_coeff_up,15,30,15,AMPLIFY_OR_OVERLAP_ON_BEAT: Activation on b152 (['photo-L2-2']); measured stage 15 vs sim stage 30
T5,152,3,critical_rate_up,0,20,20,DECAY_TIMING_LAG: Buff expired in measured 1-2 beats earlier than sim (in-game decay counts activation beat)
T5,152,3,focus,30,10,-20,"PHASE_LAG_ACTIVATION: Activated on b152 (acts=['photo-L2-2']); measured reflects immediately (POST), sim reflects next beat (PRE)"
T5,152,3,stamina_cost_down,10,20,10,AMPLIFY_OR_OVERLAP_ON_BEAT: Activation on b152 (['photo-L2-2']); measured stage 10 vs sim stage 20
T5,152,3,vocal_up,25,20,-5,"PHASE_LAG_ACTIVATION: Activated on b152 (acts=['photo-L2-2']); measured reflects immediately (POST), sim reflects next beat (PRE)"
T5,152,3,vocal_up_extreme,50,5,-45,"PHASE_LAG_ACTIVATION: Activated on b152 (acts=['photo-L2-2']); measured reflects immediately (POST), sim reflects next beat (PRE)"
T5,152,4,combo_continue,0,1,1,"MISSING_MEASURED_LANE: T5 measured_data_v2 only captures Lane 3 effect box; Lanes 1,2,4,5 are unrecorded"
T5,152,4,stamina_cost_down,0,8,8,"MISSING_MEASURED_LANE: T5 measured_data_v2 only captures Lane 3 effect box; Lanes 1,2,4,5 are unrecorded"
T5,152,5,a_skill_score_up,0,7,7,"MISSING_MEASURED_LANE: T5 measured_data_v2 only captures Lane 3 effect box; Lanes 1,2,4,5 are unrecorded"
T5,152,5,combo_continue,0,1,1,"MISSING_MEASURED_LANE: T5 measured_data_v2 only captures Lane 3 effect box; Lanes 1,2,4,5 are unrecorded"
T5,152,5,stamina_cost_down,0,8,8,"MISSING_MEASURED_LANE: T5 measured_data_v2 only captures Lane 3 effect box; Lanes 1,2,4,5 are unrecorded"
T5,153,1,combo_continue,0,1,1,"MISSING_MEASURED_LANE: T5 measured_data_v2 only captures Lane 3 effect box; Lanes 1,2,4,5 are unrecorded"
T5,153,1,stamina_cost_down,0,8,8,"MISSING_MEASURED_LANE: T5 measured_data_v2 only captures Lane 3 effect box; Lanes 1,2,4,5 are unrecorded"
T5,153,2,a_skill_score_up,0,7,7,"MISSING_MEASURED_LANE: T5 measured_data_v2 only captures Lane 3 effect box; Lanes 1,2,4,5 are unrecorded"
T5,153,2,combo_continue,0,1,1,"MISSING_MEASURED_LANE: T5 measured_data_v2 only captures Lane 3 effect box; Lanes 1,2,4,5 are unrecorded"
T5,153,2,critical_rate_up,0,6,6,"MISSING_MEASURED_LANE: T5 measured_data_v2 only captures Lane 3 effect box; Lanes 1,2,4,5 are unrecorded"
T5,153,2,score_up,0,8,8,"MISSING_MEASURED_LANE: T5 measured_data_v2 only captures Lane 3 effect box; Lanes 1,2,4,5 are unrecorded"
T5,153,2,stamina_cost_down,0,8,8,"MISSING_MEASURED_LANE: T5 measured_data_v2 only captures Lane 3 effect box; Lanes 1,2,4,5 are unrecorded"
T5,153,3,a_skill_score_up,0,20,20,DECAY_TIMING_LAG: Buff expired in measured 1-2 beats earlier than sim (in-game decay counts activation beat)
T5,153,3,combo_continue,0,2,2,FLAG_NOT_STAGED: combo_continue is a boolean flag without stages (recorded as stage: null in measured)
T5,153,3,combo_score_up,0,30,30,DECAY_TIMING_LAG: Buff expired in measured 1-2 beats earlier than sim (in-game decay counts activation beat)
T5,153,3,critical_rate_up,5,20,15,BUFF_STAGE_MISMATCH: Measured 5 vs Sim 20 (diff=15)
T5,153,3,focus,60,10,-50,BUFF_STAGE_MISMATCH: Measured 60 vs Sim 10 (diff=-50)
T5,153,3,score_up,0,20,20,DECAY_TIMING_LAG: Buff expired in measured 1-2 beats earlier than sim (in-game decay counts activation beat)
T5,153,3,skill_success_up,30,10,-20,BUFF_STAGE_MISMATCH: Measured 30 vs Sim 10 (diff=-20)
T5,153,3,stamina_cost_down,45,20,-25,BUFF_STAGE_MISMATCH: Measured 45 vs Sim 20 (diff=-25)
T5,153,3,tension_up,0,15,15,DECAY_TIMING_LAG: Buff expired in measured 1-2 beats earlier than sim (in-game decay counts activation beat)
T5,153,3,vocal_boost,0,20,20,DECAY_TIMING_LAG: Buff expired in measured 1-2 beats earlier than sim (in-game decay counts activation beat)
T5,153,3,vocal_up,35,20,-15,BUFF_STAGE_MISMATCH: Measured 35 vs Sim 20 (diff=-15)
T5,153,3,vocal_up_extreme,50,5,-45,BUFF_STAGE_MISMATCH: Measured 50 vs Sim 5 (diff=-45)
T5,153,4,combo_continue,0,1,1,"MISSING_MEASURED_LANE: T5 measured_data_v2 only captures Lane 3 effect box; Lanes 1,2,4,5 are unrecorded"
T5,153,4,stamina_cost_down,0,8,8,"MISSING_MEASURED_LANE: T5 measured_data_v2 only captures Lane 3 effect box; Lanes 1,2,4,5 are unrecorded"
T5,153,5,a_skill_score_up,0,7,7,"MISSING_MEASURED_LANE: T5 measured_data_v2 only captures Lane 3 effect box; Lanes 1,2,4,5 are unrecorded"
T5,153,5,combo_continue,0,1,1,"MISSING_MEASURED_LANE: T5 measured_data_v2 only captures Lane 3 effect box; Lanes 1,2,4,5 are unrecorded"
T5,153,5,stamina_cost_down,0,8,8,"MISSING_MEASURED_LANE: T5 measured_data_v2 only captures Lane 3 effect box; Lanes 1,2,4,5 are unrecorded"
T5,154,1,combo_continue,0,1,1,"MISSING_MEASURED_LANE: T5 measured_data_v2 only captures Lane 3 effect box; Lanes 1,2,4,5 are unrecorded"
T5,154,1,stamina_cost_down,0,8,8,"MISSING_MEASURED_LANE: T5 measured_data_v2 only captures Lane 3 effect box; Lanes 1,2,4,5 are unrecorded"
T5,154,2,a_skill_score_up,0,7,7,"MISSING_MEASURED_LANE: T5 measured_data_v2 only captures Lane 3 effect box; Lanes 1,2,4,5 are unrecorded"
T5,154,2,combo_continue,0,1,1,"MISSING_MEASURED_LANE: T5 measured_data_v2 only captures Lane 3 effect box; Lanes 1,2,4,5 are unrecorded"
T5,154,2,critical_rate_up,0,6,6,"MISSING_MEASURED_LANE: T5 measured_data_v2 only captures Lane 3 effect box; Lanes 1,2,4,5 are unrecorded"
T5,154,2,score_up,0,8,8,"MISSING_MEASURED_LANE: T5 measured_data_v2 only captures Lane 3 effect box; Lanes 1,2,4,5 are unrecorded"
T5,154,2,stamina_cost_down,0,8,8,"MISSING_MEASURED_LANE: T5 measured_data_v2 only captures Lane 3 effect box; Lanes 1,2,4,5 are unrecorded"
T5,154,3,combo_continue,0,2,2,FLAG_NOT_STAGED: combo_continue is a boolean flag without stages (recorded as stage: null in measured)
T5,154,3,combo_score_up,10,30,20,BUFF_STAGE_MISMATCH: Measured 10 vs Sim 30 (diff=20)
T5,154,3,critical_coeff_up,10,30,20,BUFF_STAGE_MISMATCH: Measured 10 vs Sim 30 (diff=20)
T5,154,3,focus,20,10,-10,BUFF_STAGE_MISMATCH: Measured 20 vs Sim 10 (diff=-10)
T5,154,3,score_up,0,20,20,DECAY_TIMING_LAG: Buff expired in measured 1-2 beats earlier than sim (in-game decay counts activation beat)
T5,154,3,stamina_cost_down,45,20,-25,BUFF_STAGE_MISMATCH: Measured 45 vs Sim 20 (diff=-25)
T5,154,3,tension_up,20,15,-5,BUFF_STAGE_MISMATCH: Measured 20 vs Sim 15 (diff=-5)
T5,154,3,vocal_boost,5,20,15,BUFF_STAGE_MISMATCH: Measured 5 vs Sim 20 (diff=15)
T5,154,3,vocal_up,5,20,15,BUFF_STAGE_MISMATCH: Measured 5 vs Sim 20 (diff=15)
T5,154,3,vocal_up_extreme,30,5,-25,BUFF_STAGE_MISMATCH: Measured 30 vs Sim 5 (diff=-25)
T5,154,4,combo_continue,0,1,1,"MISSING_MEASURED_LANE: T5 measured_data_v2 only captures Lane 3 effect box; Lanes 1,2,4,5 are unrecorded"
T5,154,4,stamina_cost_down,0,8,8,"MISSING_MEASURED_LANE: T5 measured_data_v2 only captures Lane 3 effect box; Lanes 1,2,4,5 are unrecorded"
T5,154,5,a_skill_score_up,0,7,7,"MISSING_MEASURED_LANE: T5 measured_data_v2 only captures Lane 3 effect box; Lanes 1,2,4,5 are unrecorded"
T5,154,5,combo_continue,0,1,1,"MISSING_MEASURED_LANE: T5 measured_data_v2 only captures Lane 3 effect box; Lanes 1,2,4,5 are unrecorded"
T5,154,5,stamina_cost_down,0,8,8,"MISSING_MEASURED_LANE: T5 measured_data_v2 only captures Lane 3 effect box; Lanes 1,2,4,5 are unrecorded"
T5,155,1,combo_continue,0,1,1,"MISSING_MEASURED_LANE: T5 measured_data_v2 only captures Lane 3 effect box; Lanes 1,2,4,5 are unrecorded"
T5,155,1,stamina_cost_down,0,8,8,"MISSING_MEASURED_LANE: T5 measured_data_v2 only captures Lane 3 effect box; Lanes 1,2,4,5 are unrecorded"
T5,155,2,a_skill_score_up,0,7,7,"MISSING_MEASURED_LANE: T5 measured_data_v2 only captures Lane 3 effect box; Lanes 1,2,4,5 are unrecorded"
T5,155,2,combo_continue,0,1,1,"MISSING_MEASURED_LANE: T5 measured_data_v2 only captures Lane 3 effect box; Lanes 1,2,4,5 are unrecorded"
T5,155,2,critical_rate_up,0,6,6,"MISSING_MEASURED_LANE: T5 measured_data_v2 only captures Lane 3 effect box; Lanes 1,2,4,5 are unrecorded"
T5,155,2,score_up,0,8,8,"MISSING_MEASURED_LANE: T5 measured_data_v2 only captures Lane 3 effect box; Lanes 1,2,4,5 are unrecorded"
T5,155,2,stamina_cost_down,0,8,8,"MISSING_MEASURED_LANE: T5 measured_data_v2 only captures Lane 3 effect box; Lanes 1,2,4,5 are unrecorded"
T5,155,3,combo_continue,0,2,2,FLAG_NOT_STAGED: combo_continue is a boolean flag without stages (recorded as stage: null in measured)
T5,155,3,combo_score_up,40,30,-10,BUFF_STAGE_MISMATCH: Measured 40 vs Sim 30 (diff=-10)
T5,155,3,critical_coeff_up,10,30,20,BUFF_STAGE_MISMATCH: Measured 10 vs Sim 30 (diff=20)
T5,155,3,critical_rate_up,0,20,20,DECAY_TIMING_LAG: Buff expired in measured 1-2 beats earlier than sim (in-game decay counts activation beat)
T5,155,3,focus,20,10,-10,BUFF_STAGE_MISMATCH: Measured 20 vs Sim 10 (diff=-10)
T5,155,3,stamina_cost_down,10,20,10,BUFF_STAGE_MISMATCH: Measured 10 vs Sim 20 (diff=10)
T5,155,3,tension_up,35,15,-20,BUFF_STAGE_MISMATCH: Measured 35 vs Sim 15 (diff=-20)
T5,155,3,vocal_boost,25,20,-5,BUFF_STAGE_MISMATCH: Measured 25 vs Sim 20 (diff=-5)
T5,155,3,vocal_up,5,20,15,BUFF_STAGE_MISMATCH: Measured 5 vs Sim 20 (diff=15)
T5,155,3,vocal_up_extreme,30,5,-25,BUFF_STAGE_MISMATCH: Measured 30 vs Sim 5 (diff=-25)
T5,155,4,combo_continue,0,1,1,"MISSING_MEASURED_LANE: T5 measured_data_v2 only captures Lane 3 effect box; Lanes 1,2,4,5 are unrecorded"
T5,155,4,stamina_cost_down,0,8,8,"MISSING_MEASURED_LANE: T5 measured_data_v2 only captures Lane 3 effect box; Lanes 1,2,4,5 are unrecorded"
T5,155,5,a_skill_score_up,0,7,7,"MISSING_MEASURED_LANE: T5 measured_data_v2 only captures Lane 3 effect box; Lanes 1,2,4,5 are unrecorded"
T5,155,5,combo_continue,0,1,1,"MISSING_MEASURED_LANE: T5 measured_data_v2 only captures Lane 3 effect box; Lanes 1,2,4,5 are unrecorded"
T5,155,5,stamina_cost_down,0,8,8,"MISSING_MEASURED_LANE: T5 measured_data_v2 only captures Lane 3 effect box; Lanes 1,2,4,5 are unrecorded"
T5,156,2,a_skill_score_up,0,7,7,"MISSING_MEASURED_LANE: T5 measured_data_v2 only captures Lane 3 effect box; Lanes 1,2,4,5 are unrecorded"
T5,156,2,critical_rate_up,0,6,6,"MISSING_MEASURED_LANE: T5 measured_data_v2 only captures Lane 3 effect box; Lanes 1,2,4,5 are unrecorded"
T5,156,2,score_up,0,8,8,"MISSING_MEASURED_LANE: T5 measured_data_v2 only captures Lane 3 effect box; Lanes 1,2,4,5 are unrecorded"
T5,156,3,combo_continue,0,2,2,FLAG_NOT_STAGED: combo_continue is a boolean flag without stages (recorded as stage: null in measured)
T5,156,3,combo_score_up,40,30,-10,"PHASE_LAG_ACTIVATION: Activated on b156 (acts=['sk-chs-05-fest-03-2']); measured reflects immediately (POST), sim reflects next beat (PRE)"
T5,156,3,critical_coeff_up,10,30,20,AMPLIFY_OR_OVERLAP_ON_BEAT: Activation on b156 (['sk-chs-05-fest-03-2']); measured stage 10 vs sim stage 30
T5,156,3,critical_rate_up,0,20,20,DECAY_TIMING_LAG: Buff expired in measured 1-2 beats earlier than sim (in-game decay counts activation beat)
T5,156,3,focus,20,10,-10,"PHASE_LAG_ACTIVATION: Activated on b156 (acts=['sk-chs-05-fest-03-2']); measured reflects immediately (POST), sim reflects next beat (PRE)"
T5,156,3,score_up,0,20,20,DECAY_TIMING_LAG: Buff expired in measured 1-2 beats earlier than sim (in-game decay counts activation beat)
T5,156,3,stamina_cost_down,10,20,10,AMPLIFY_OR_OVERLAP_ON_BEAT: Activation on b156 (['sk-chs-05-fest-03-2']); measured stage 10 vs sim stage 20
T5,156,3,tension_up,20,15,-5,"PHASE_LAG_ACTIVATION: Activated on b156 (acts=['sk-chs-05-fest-03-2']); measured reflects immediately (POST), sim reflects next beat (PRE)"
T5,156,3,vocal_boost,25,20,-5,"PHASE_LAG_ACTIVATION: Activated on b156 (acts=['sk-chs-05-fest-03-2']); measured reflects immediately (POST), sim reflects next beat (PRE)"
T5,156,3,vocal_up,5,20,15,AMPLIFY_OR_OVERLAP_ON_BEAT: Activation on b156 (['sk-chs-05-fest-03-2']); measured stage 5 vs sim stage 20
T5,156,3,vocal_up_extreme,45,5,-40,"PHASE_LAG_ACTIVATION: Activated on b156 (acts=['sk-chs-05-fest-03-2']); measured reflects immediately (POST), sim reflects next beat (PRE)"
T5,156,5,a_skill_score_up,0,7,7,"MISSING_MEASURED_LANE: T5 measured_data_v2 only captures Lane 3 effect box; Lanes 1,2,4,5 are unrecorded"
